WARNING: All log messages before absl::InitializeLog() is called are written to STDERR
I0000 00:00:1786959223.534578   23432 port.cc:153] oneDNN custom operations are on. You may see slightly different numerical results due to floating-point round-off errors from different computation orders. To turn them off, set the environment variable `TF_ENABLE_ONEDNN_OPTS=0`.
WARNING: All log messages before absl::InitializeLog() is called are written to STDERR
I0000 00:00:1786959225.900065   23432 port.cc:153] oneDNN custom operations are on. You may see slightly different numerical results due to floating-point round-off errors from different computation orders. To turn them off, set the environment variable `TF_ENABLE_ONEDNN_OPTS=0`.
==================================================
DATABASE: C:\Users\disha\Predictive_Multimodal_Student_Engagement\student_engagement_system\backend\student_engagement.db
==================================================
I0000 00:00:1786959231.310403   23432 cpu_feature_guard.cc:227] This TensorFlow binary is optimized to use available CPU instructions in performance-critical operations.
To enable the following instructions: SSE3 SSE4.1 SSE4.2 AVX AVX2 AVX_VNNI FMA, in other operations, rebuild TensorFlow with the appropriate compiler flags.
W0000 00:00:1786959231.563097    8456 face_landmarker_graph.cc:180] Sets FaceBlendshapesGraph acceleration to xnnpack by default.
INFO: Created TensorFlow Lite XNNPACK delegate for CPU.
W0000 00:00:1786959231.593026   23072 inference_feedback_manager.cc:121] Feedback manager requires a model with a single signature inference. Disabling support for feedback tensors.
W0000 00:00:1786959231.604457   23072 inference_feedback_manager.cc:121] Feedback manager requires a model with a single signature inference. Disabling support for feedback tensors.
Loading Face Recognition Model...
WARNING: Face recognition model failed to load (<class 'keras.src.models.functional.Functional'> could not be deserialized properly. Please ensure that components that are Python object instances (layers, models, etc.) returned by `get_config()` are explicitly deserialized in the model's `from_config()` method.

config={'module': 'keras.src.models.functional', 'class_name': 'Functional', 'config': {}, 'registered_name': 'Functional', 'build_config': {'input_shape': None}, 'compile_config': {'optimizer': {'module': 'keras.optimizers', 'class_name': 'Adam', 'config': {'name': 'adam', 'learning_rate': 0.0010000000474974513, 'weight_decay': None, 'clipnorm': None, 'global_clipnorm': None, 'clipvalue': None, 'use_ema': False, 'ema_momentum': 0.99, 'ema_overwrite_frequency': None, 'loss_scale_factor': None, 'gradient_accumulation_steps': None, 'beta_1': 0.9, 'beta_2': 0.999, 'epsilon': 1e-07, 'amsgrad': False}, 'registered_name': None}, 'loss': 'categorical_crossentropy', 'loss_weights': None, 'metrics': ['accuracy'], 'weighted_metrics': None, 'run_eagerly': False, 'steps_per_execution': 1, 'jit_compile': False}}.

Exception encountered: <class 'keras.src.layers.convolutional.conv2d.Conv2D'> could not be deserialized properly. Please ensure that components that are Python object instances (layers, models, etc.) returned by `get_config()` are explicitly deserialized in the model's `from_config()` method.

config={'module': 'keras.layers', 'class_name': 'Conv2D', 'config': {'name': 'Conv1', 'trainable': False, 'dtype': {'module': 'keras', 'class_name': 'DTypePolicy', 'config': {'name': 'float32'}, 'registered_name': None}, 'filters': 32, 'kernel_size': [3, 3], 'strides': [2, 2], 'padding': 'same', 'data_format': 'channels_last', 'dilation_rate': [1, 1], 'groups': 1, 'activation': 'linear', 'use_bias': False, 'kernel_initializer': {'module': 'keras.initializers', 'class_name': 'GlorotUniform', 'config': {'seed': None, 'input_axes': None, 'output_axes': None}, 'registered_name': None}, 'bias_initializer': {'module': 'keras.initializers', 'class_name': 'Zeros', 'config': {}, 'registered_name': None}, 'kernel_regularizer': None, 'bias_regularizer': None, 'activity_regularizer': None, 'kernel_constraint': None, 'bias_constraint': None}, 'registered_name': None, 'build_config': {'input_shape': [None, 224, 224, 3]}, 'name': 'Conv1', 'inbound_nodes': [{'args': [{'class_name': '__keras_tensor__', 'config': {'shape': [None, 224, 224, 3], 'dtype': 'float32', 'keras_history': ['input_layer', 0, 0]}}], 'kwargs': {}}]}.

Exception encountered: Error when deserializing class 'Conv2D' using config={'name': 'Conv1', 'trainable': False, 'dtype': 'float32', 'filters': 32, 'kernel_size': [3, 3], 'strides': [2, 2], 'padding': 'same', 'data_format': 'channels_last', 'dilation_rate': [1, 1], 'groups': 1, 'activation': 'linear', 'use_bias': False, 'kernel_initializer': {'module': 'keras.initializers', 'class_name': 'GlorotUniform', 'config': {'seed': None, 'input_axes': None, 'output_axes': None}, 'registered_name': None}, 'bias_initializer': {'module': 'keras.initializers', 'class_name': 'Zeros', 'config': {}, 'registered_name': None}, 'kernel_regularizer': None, 'bias_regularizer': None, 'activity_regularizer': None, 'kernel_constraint': None, 'bias_constraint': None}.

Exception encountered: <class 'keras.src.initializers.random_initializers.GlorotUniform'> could not be deserialized properly. Please ensure that components that are Python object instances (layers, models, etc.) returned by `get_config()` are explicitly deserialized in the model's `from_config()` method.

config={'module': 'keras.initializers', 'class_name': 'GlorotUniform', 'config': {'seed': None, 'input_axes': None, 'output_axes': None}, 'registered_name': None}.

Exception encountered: GlorotUniform.__init__() got an unexpected keyword argument 'input_axes'). Face authentication disabled.
Loading Emotion Model...
WARNING: Emotion model failed to load (<class 'keras.src.models.functional.Functional'> could not be deserialized properly. Please ensure that components that are Python object instances (layers, models, etc.) returned by `get_config()` are explicitly deserialized in the model's `from_config()` method.

config={'module': 'keras.src.models.functional', 'class_name': 'Functional', 'config': {}, 'registered_name': 'Functional', 'build_config': {'input_shape': None}, 'compile_config': {'optimizer': {'module': 'keras.optimizers', 'class_name': 'Adam', 'config': {'name': 'adam', 'learning_rate': 9.999999747378752e-05, 'weight_decay': None, 'clipnorm': None, 'global_clipnorm': None, 'clipvalue': None, 'use_ema': False, 'ema_momentum': 0.99, 'ema_overwrite_frequency': None, 'loss_scale_factor': None, 'gradient_accumulation_steps': None, 'beta_1': 0.9, 'beta_2': 0.999, 'epsilon': 1e-07, 'amsgrad': False}, 'registered_name': None}, 'loss': 'categorical_crossentropy', 'loss_weights': None, 'metrics': ['accuracy'], 'weighted_metrics': None, 'run_eagerly': False, 'steps_per_execution': 1, 'jit_compile': False}}.

Exception encountered: <class 'keras.src.layers.convolutional.conv2d.Conv2D'> could not be deserialized properly. Please ensure that components that are Python object instances (layers, models, etc.) returned by `get_config()` are explicitly deserialized in the model's `from_config()` method.

config={'module': 'keras.layers', 'class_name': 'Conv2D', 'config': {'name': 'stem_conv', 'trainable': False, 'dtype': {'module': 'keras', 'class_name': 'DTypePolicy', 'config': {'name': 'float32'}, 'registered_name': None, 'shared_object_id': 2075670258624}, 'filters': 32, 'kernel_size': [3, 3], 'strides': [2, 2], 'padding': 'valid', 'data_format': 'channels_last', 'dilation_rate': [1, 1], 'groups': 1, 'activation': 'linear', 'use_bias': False, 'kernel_initializer': {'module': 'keras.initializers', 'class_name': 'VarianceScaling', 'config': {'seed': None, 'scale': 2.0, 'mode': 'fan_out', 'distribution': 'truncated_normal', 'input_axes': None, 'output_axes': None}, 'registered_name': None}, 'bias_initializer': {'module': 'keras.initializers', 'class_name': 'Zeros', 'config': {}, 'registered_name': None}, 'kernel_regularizer': None, 'bias_regularizer': None, 'activity_regularizer': None, 'kernel_constraint': None, 'bias_constraint': None}, 'registered_name': None, 'build_config': {'input_shape': [None, 225, 225, 3]}, 'name': 'stem_conv', 'inbound_nodes': [{'args': [{'class_name': '__keras_tensor__', 'config': {'shape': [None, 225, 225, 3], 'dtype': 'float32', 'keras_history': ['stem_conv_pad', 0, 0]}}], 'kwargs': {}}]}.

Exception encountered: Error when deserializing class 'Conv2D' using config={'name': 'stem_conv', 'trainable': False, 'dtype': 'float32', 'filters': 32, 'kernel_size': [3, 3], 'strides': [2, 2], 'padding': 'valid', 'data_format': 'channels_last', 'dilation_rate': [1, 1], 'groups': 1, 'activation': 'linear', 'use_bias': False, 'kernel_initializer': {'module': 'keras.initializers', 'class_name': 'VarianceScaling', 'config': {'seed': None, 'scale': 2.0, 'mode': 'fan_out', 'distribution': 'truncated_normal', 'input_axes': None, 'output_axes': None}, 'registered_name': None}, 'bias_initializer': {'module': 'keras.initializers', 'class_name': 'Zeros', 'config': {}, 'registered_name': None}, 'kernel_regularizer': None, 'bias_regularizer': None, 'activity_regularizer': None, 'kernel_constraint': None, 'bias_constraint': None}.

Exception encountered: <class 'keras.src.initializers.random_initializers.VarianceScaling'> could not be deserialized properly. Please ensure that components that are Python object instances (layers, models, etc.) returned by `get_config()` are explicitly deserialized in the model's `from_config()` method.

config={'module': 'keras.initializers', 'class_name': 'VarianceScaling', 'config': {'seed': None, 'scale': 2.0, 'mode': 'fan_out', 'distribution': 'truncated_normal', 'input_axes': None, 'output_axes': None}, 'registered_name': None}.

Exception encountered: VarianceScaling.__init__() got an unexpected keyword argument 'input_axes'). Emotion recognition disabled.
Loading YOLO...
JWT FILE: C:\Users\disha\Predictive_Multimodal_Student_Engagement\student_engagement_system\backend\services\jwt_service.pyC:\Users\disha\AppData\Local\Programs\Python\Python313\Lib\site-packages\face_recognition_models\__init__.py:7: UserWarning: pkg_resources is deprecated as an API. See https://setuptools.pypa.io/en/latest/pkg_resources.html. The pkg_resources package is slated for removal as early as 2025-11-30. Refrain from using this package or pin to Setuptools<81.
  from pkg_resources import resource_filename


========== ROUTES ==========
/static/<path:filename>
/register
/face/validate-sample
/face/register
/face/verify-live
/login
/join-class
/live-classes
/join-live-class
/my-classes
/dashboard
/live-monitor
/history/class/<int:class_id>
/student/attendance
/teacher/register
/teacher/login
/teacher/create-classroom
/teacher/classrooms
/teacher/classroom/<int:class_id>
/teacher/classroom/<int:class_id>
/teacher/classroom/<int:class_id>
/dashboard
/teacher/start-session/<int:class_id>
/teacher/end-session/<int:class_id>
/teacher/classroom/<int:class_id>/history
/teacher/attendance
/
============================

 * Serving Flask app 'app'
 * Debug mode: on
WARNING: This is a development server. Do not use it in a production deployment. Use a production WSGI server instead.
 * Running on http://127.0.0.1:5000
Press CTRL+C to quit
 * Restarting with stat
WARNING: All log messages before absl::InitializeLog() is called are written to STDERR
I0000 00:00:1786959236.377123   27468 port.cc:153] oneDNN custom operations are on. You may see slightly different numerical results due to floating-point round-off errors from different computation orders. To turn them off, set the environment variable `TF_ENABLE_ONEDNN_OPTS=0`.
WARNING: All log messages before absl::InitializeLog() is called are written to STDERR
I0000 00:00:1786959238.218311   27468 port.cc:153] oneDNN custom operations are on. You may see slightly different numerical results due to floating-point round-off errors from different computation orders. To turn them off, set the environment variable `TF_ENABLE_ONEDNN_OPTS=0`.
==================================================
DATABASE: C:\Users\disha\Predictive_Multimodal_Student_Engagement\student_engagement_system\backend\student_engagement.db
==================================================
W0000 00:00:1786959242.146314   13760 face_landmarker_graph.cc:180] Sets FaceBlendshapesGraph acceleration to xnnpack by default.
INFO: Created TensorFlow Lite XNNPACK delegate for CPU.
W0000 00:00:1786959242.154439   25352 inference_feedback_manager.cc:121] Feedback manager requires a model with a single signature inference. Disabling support for feedback tensors.
W0000 00:00:1786959242.164498   25352 inference_feedback_manager.cc:121] Feedback manager requires a model with a single signature inference. Disabling support for feedback tensors.
Loading Face Recognition Model...
WARNING: Face recognition model failed to load (<class 'keras.src.models.functional.Functional'> could not be deserialized properly. Please ensure that components that are Python object instances (layers, models, etc.) returned by `get_config()` are explicitly deserialized in the model's `from_config()` method.

config={'module': 'keras.src.models.functional', 'class_name': 'Functional', 'config': {}, 'registered_name': 'Functional', 'build_config': {'input_shape': None}, 'compile_config': {'optimizer': {'module': 'keras.optimizers', 'class_name': 'Adam', 'config': {'name': 'adam', 'learning_rate': 0.0010000000474974513, 'weight_decay': None, 'clipnorm': None, 'global_clipnorm': None, 'clipvalue': None, 'use_ema': False, 'ema_momentum': 0.99, 'ema_overwrite_frequency': None, 'loss_scale_factor': None, 'gradient_accumulation_steps': None, 'beta_1': 0.9, 'beta_2': 0.999, 'epsilon': 1e-07, 'amsgrad': False}, 'registered_name': None}, 'loss': 'categorical_crossentropy', 'loss_weights': None, 'metrics': ['accuracy'], 'weighted_metrics': None, 'run_eagerly': False, 'steps_per_execution': 1, 'jit_compile': False}}.

Exception encountered: <class 'keras.src.layers.convolutional.conv2d.Conv2D'> could not be deserialized properly. Please ensure that components that are Python object instances (layers, models, etc.) returned by `get_config()` are explicitly deserialized in the model's `from_config()` method.

config={'module': 'keras.layers', 'class_name': 'Conv2D', 'config': {'name': 'Conv1', 'trainable': False, 'dtype': {'module': 'keras', 'class_name': 'DTypePolicy', 'config': {'name': 'float32'}, 'registered_name': None}, 'filters': 32, 'kernel_size': [3, 3], 'strides': [2, 2], 'padding': 'same', 'data_format': 'channels_last', 'dilation_rate': [1, 1], 'groups': 1, 'activation': 'linear', 'use_bias': False, 'kernel_initializer': {'module': 'keras.initializers', 'class_name': 'GlorotUniform', 'config': {'seed': None, 'input_axes': None, 'output_axes': None}, 'registered_name': None}, 'bias_initializer': {'module': 'keras.initializers', 'class_name': 'Zeros', 'config': {}, 'registered_name': None}, 'kernel_regularizer': None, 'bias_regularizer': None, 'activity_regularizer': None, 'kernel_constraint': None, 'bias_constraint': None}, 'registered_name': None, 'build_config': {'input_shape': [None, 224, 224, 3]}, 'name': 'Conv1', 'inbound_nodes': [{'args': [{'class_name': '__keras_tensor__', 'config': {'shape': [None, 224, 224, 3], 'dtype': 'float32', 'keras_history': ['input_layer', 0, 0]}}], 'kwargs': {}}]}.

Exception encountered: Error when deserializing class 'Conv2D' using config={'name': 'Conv1', 'trainable': False, 'dtype': 'float32', 'filters': 32, 'kernel_size': [3, 3], 'strides': [2, 2], 'padding': 'same', 'data_format': 'channels_last', 'dilation_rate': [1, 1], 'groups': 1, 'activation': 'linear', 'use_bias': False, 'kernel_initializer': {'module': 'keras.initializers', 'class_name': 'GlorotUniform', 'config': {'seed': None, 'input_axes': None, 'output_axes': None}, 'registered_name': None}, 'bias_initializer': {'module': 'keras.initializers', 'class_name': 'Zeros', 'config': {}, 'registered_name': None}, 'kernel_regularizer': None, 'bias_regularizer': None, 'activity_regularizer': None, 'kernel_constraint': None, 'bias_constraint': None}.

Exception encountered: <class 'keras.src.initializers.random_initializers.GlorotUniform'> could not be deserialized properly. Please ensure that components that are Python object instances (layers, models, etc.) returned by `get_config()` are explicitly deserialized in the model's `from_config()` method.

config={'module': 'keras.initializers', 'class_name': 'GlorotUniform', 'config': {'seed': None, 'input_axes': None, 'output_axes': None}, 'registered_name': None}.

Exception encountered: GlorotUniform.__init__() got an unexpected keyword argument 'input_axes'). Face authentication disabled.
Loading Emotion Model...
WARNING: Emotion model failed to load (<class 'keras.src.models.functional.Functional'> could not be deserialized properly. Please ensure that components that are Python object instances (layers, models, etc.) returned by `get_config()` are explicitly deserialized in the model's `from_config()` method.

config={'module': 'keras.src.models.functional', 'class_name': 'Functional', 'config': {}, 'registered_name': 'Functional', 'build_config': {'input_shape': None}, 'compile_config': {'optimizer': {'module': 'keras.optimizers', 'class_name': 'Adam', 'config': {'name': 'adam', 'learning_rate': 9.999999747378752e-05, 'weight_decay': None, 'clipnorm': None, 'global_clipnorm': None, 'clipvalue': None, 'use_ema': False, 'ema_momentum': 0.99, 'ema_overwrite_frequency': None, 'loss_scale_factor': None, 'gradient_accumulation_steps': None, 'beta_1': 0.9, 'beta_2': 0.999, 'epsilon': 1e-07, 'amsgrad': False}, 'registered_name': None}, 'loss': 'categorical_crossentropy', 'loss_weights': None, 'metrics': ['accuracy'], 'weighted_metrics': None, 'run_eagerly': False, 'steps_per_execution': 1, 'jit_compile': False}}.

Exception encountered: <class 'keras.src.layers.convolutional.conv2d.Conv2D'> could not be deserialized properly. Please ensure that components that are Python object instances (layers, models, etc.) returned by `get_config()` are explicitly deserialized in the model's `from_config()` method.

config={'module': 'keras.layers', 'class_name': 'Conv2D', 'config': {'name': 'stem_conv', 'trainable': False, 'dtype': {'module': 'keras', 'class_name': 'DTypePolicy', 'config': {'name': 'float32'}, 'registered_name': None, 'shared_object_id': 2075670258624}, 'filters': 32, 'kernel_size': [3, 3], 'strides': [2, 2], 'padding': 'valid', 'data_format': 'channels_last', 'dilation_rate': [1, 1], 'groups': 1, 'activation': 'linear', 'use_bias': False, 'kernel_initializer': {'module': 'keras.initializers', 'class_name': 'VarianceScaling', 'config': {'seed': None, 'scale': 2.0, 'mode': 'fan_out', 'distribution': 'truncated_normal', 'input_axes': None, 'output_axes': None}, 'registered_name': None}, 'bias_initializer': {'module': 'keras.initializers', 'class_name': 'Zeros', 'config': {}, 'registered_name': None}, 'kernel_regularizer': None, 'bias_regularizer': None, 'activity_regularizer': None, 'kernel_constraint': None, 'bias_constraint': None}, 'registered_name': None, 'build_config': {'input_shape': [None, 225, 225, 3]}, 'name': 'stem_conv', 'inbound_nodes': [{'args': [{'class_name': '__keras_tensor__', 'config': {'shape': [None, 225, 225, 3], 'dtype': 'float32', 'keras_history': ['stem_conv_pad', 0, 0]}}], 'kwargs': {}}]}.

Exception encountered: Error when deserializing class 'Conv2D' using config={'name': 'stem_conv', 'trainable': False, 'dtype': 'float32', 'filters': 32, 'kernel_size': [3, 3], 'strides': [2, 2], 'padding': 'valid', 'data_format': 'channels_last', 'dilation_rate': [1, 1], 'groups': 1, 'activation': 'linear', 'use_bias': False, 'kernel_initializer': {'module': 'keras.initializers', 'class_name': 'VarianceScaling', 'config': {'seed': None, 'scale': 2.0, 'mode': 'fan_out', 'distribution': 'truncated_normal', 'input_axes': None, 'output_axes': None}, 'registered_name': None}, 'bias_initializer': {'module': 'keras.initializers', 'class_name': 'Zeros', 'config': {}, 'registered_name': None}, 'kernel_regularizer': None, 'bias_regularizer': None, 'activity_regularizer': None, 'kernel_constraint': None, 'bias_constraint': None}.

Exception encountered: <class 'keras.src.initializers.random_initializers.VarianceScaling'> could not be deserialized properly. Please ensure that components that are Python object instances (layers, models, etc.) returned by `get_config()` are explicitly deserialized in the model's `from_config()` method.

config={'module': 'keras.initializers', 'class_name': 'VarianceScaling', 'config': {'seed': None, 'scale': 2.0, 'mode': 'fan_out', 'distribution': 'truncated_normal', 'input_axes': None, 'output_axes': None}, 'registered_name': None}.

Exception encountered: VarianceScaling.__init__() got an unexpected keyword argument 'input_axes'). Emotion recognition disabled.
Loading YOLO...
JWT FILE: C:\Users\disha\Predictive_Multimodal_Student_Engagement\student_engagement_system\backend\services\jwt_service.pyC:\Users\disha\AppData\Local\Programs\Python\Python313\Lib\site-packages\face_recognition_models\__init__.py:7: UserWarning: pkg_resources is deprecated as an API. See https://setuptools.pypa.io/en/latest/pkg_resources.html. The pkg_resources package is slated for removal as early as 2025-11-30. Refrain from using this package or pin to Setuptools<81.
  from pkg_resources import resource_filename
 * Debugger is active!
 * Debugger PIN: 532-749-780
127.0.0.1 - - [17/Aug/2026 15:04:03] "GET / HTTP/1.1" 200 -
127.0.0.1 - - [17/Aug/2026 15:18:42] "OPTIONS /register HTTP/1.1" 200 -


========== ROUTES ==========
/static/<path:filename>
/register
/face/validate-sample
/face/register
/face/verify-live
/login
/join-class
/live-classes
/join-live-class
/my-classes
/dashboard
/live-monitor
/history/class/<int:class_id>
/student/attendance
/teacher/register
/teacher/login
/teacher/create-classroom
/teacher/classrooms
/teacher/classroom/<int:class_id>
/teacher/classroom/<int:class_id>
/teacher/classroom/<int:class_id>
/dashboard
/teacher/start-session/<int:class_id>
/teacher/end-session/<int:class_id>
/teacher/classroom/<int:class_id>/history
/teacher/attendance
/
============================

2026-08-17 15:18:42,367 INFO sqlalchemy.engine.Engine BEGIN (implicit)
2026-08-17 15:18:42,397 INFO sqlalchemy.engine.Engine SELECT students.student_id AS students_student_id, students.usn AS students_usn, students.name AS students_name, students.email AS students_email, students.password_hash AS students_password_hash, students.department AS students_department, students.semester AS students_semester, students.section AS students_section, students.created_at AS students_created_at 
FROM students 
WHERE students.email = ?
 LIMIT ? OFFSET ?
2026-08-17 15:18:42,398 INFO sqlalchemy.engine.Engine [generated in 0.00088s] ('dis@gmail.com', 1, 0)
2026-08-17 15:18:42,402 INFO sqlalchemy.engine.Engine ROLLBACK
127.0.0.1 - - [17/Aug/2026 15:18:42] "POST /register HTTP/1.1" 400 -
2026-08-17 15:18:43,591 INFO sqlalchemy.engine.Engine BEGIN (implicit)
2026-08-17 15:18:43,592 INFO sqlalchemy.engine.Engine SELECT students.student_id AS students_student_id, students.usn AS students_usn, students.name AS students_name, students.email AS students_email, students.password_hash AS students_password_hash, students.department AS students_department, students.semester AS students_semester, students.section AS students_section, students.created_at AS students_created_at 
FROM students 
WHERE students.email = ?
 LIMIT ? OFFSET ?
2026-08-17 15:18:43,592 INFO sqlalchemy.engine.Engine [cached since 1.195s ago] ('dis@gmail.com', 1, 0)
2026-08-17 15:18:43,594 INFO sqlalchemy.engine.Engine ROLLBACK
127.0.0.1 - - [17/Aug/2026 15:18:43] "POST /register HTTP/1.1" 400 -
2026-08-17 15:18:44,516 INFO sqlalchemy.engine.Engine BEGIN (implicit)
2026-08-17 15:18:44,517 INFO sqlalchemy.engine.Engine SELECT students.student_id AS students_student_id, students.usn AS students_usn, students.name AS students_name, students.email AS students_email, students.password_hash AS students_password_hash, students.department AS students_department, students.semester AS students_semester, students.section AS students_section, students.created_at AS students_created_at 
FROM students 
WHERE students.email = ?
 LIMIT ? OFFSET ?
2026-08-17 15:18:44,518 INFO sqlalchemy.engine.Engine [cached since 2.121s ago] ('dis@gmail.com', 1, 0)
2026-08-17 15:18:44,519 INFO sqlalchemy.engine.Engine ROLLBACK
127.0.0.1 - - [17/Aug/2026 15:18:44] "POST /register HTTP/1.1" 400 -
127.0.0.1 - - [17/Aug/2026 15:18:48] "OPTIONS /register HTTP/1.1" 200 -
2026-08-17 15:18:48,195 INFO sqlalchemy.engine.Engine BEGIN (implicit)
2026-08-17 15:18:48,196 INFO sqlalchemy.engine.Engine SELECT students.student_id AS students_student_id, students.usn AS students_usn, students.name AS students_name, students.email AS students_email, students.password_hash AS students_password_hash, students.department AS students_department, students.semester AS students_semester, students.section AS students_section, students.created_at AS students_created_at 
FROM students 
WHERE students.email = ?
 LIMIT ? OFFSET ?
2026-08-17 15:18:48,196 INFO sqlalchemy.engine.Engine [cached since 5.799s ago] ('dis@gmail.com', 1, 0)
2026-08-17 15:18:48,198 INFO sqlalchemy.engine.Engine ROLLBACK
127.0.0.1 - - [17/Aug/2026 15:18:48] "POST /register HTTP/1.1" 400 -
2026-08-17 15:18:48,876 INFO sqlalchemy.engine.Engine BEGIN (implicit)
2026-08-17 15:18:48,877 INFO sqlalchemy.engine.Engine SELECT students.student_id AS students_student_id, students.usn AS students_usn, students.name AS students_name, students.email AS students_email, students.password_hash AS students_password_hash, students.department AS students_department, students.semester AS students_semester, students.section AS students_section, students.created_at AS students_created_at 
FROM students 
WHERE students.email = ?
 LIMIT ? OFFSET ?
2026-08-17 15:18:48,877 INFO sqlalchemy.engine.Engine [cached since 6.48s ago] ('dis@gmail.com', 1, 0)
2026-08-17 15:18:48,879 INFO sqlalchemy.engine.Engine ROLLBACK
127.0.0.1 - - [17/Aug/2026 15:18:48] "POST /register HTTP/1.1" 400 -
2026-08-17 15:18:49,025 INFO sqlalchemy.engine.Engine BEGIN (implicit)
2026-08-17 15:18:49,026 INFO sqlalchemy.engine.Engine SELECT students.student_id AS students_student_id, students.usn AS students_usn, students.name AS students_name, students.email AS students_email, students.password_hash AS students_password_hash, students.department AS students_department, students.semester AS students_semester, students.section AS students_section, students.created_at AS students_created_at 
FROM students 
WHERE students.email = ?
 LIMIT ? OFFSET ?
2026-08-17 15:18:49,026 INFO sqlalchemy.engine.Engine [cached since 6.629s ago] ('dis@gmail.com', 1, 0)
2026-08-17 15:18:49,028 INFO sqlalchemy.engine.Engine ROLLBACK
127.0.0.1 - - [17/Aug/2026 15:18:49] "POST /register HTTP/1.1" 400 -
2026-08-17 15:18:49,173 INFO sqlalchemy.engine.Engine BEGIN (implicit)
2026-08-17 15:18:49,174 INFO sqlalchemy.engine.Engine SELECT students.student_id AS students_student_id, students.usn AS students_usn, students.name AS students_name, students.email AS students_email, students.password_hash AS students_password_hash, students.department AS students_department, students.semester AS students_semester, students.section AS students_section, students.created_at AS students_created_at 
FROM students 
WHERE students.email = ?
 LIMIT ? OFFSET ?
2026-08-17 15:18:49,174 INFO sqlalchemy.engine.Engine [cached since 6.777s ago] ('dis@gmail.com', 1, 0)
2026-08-17 15:18:49,176 INFO sqlalchemy.engine.Engine ROLLBACK
127.0.0.1 - - [17/Aug/2026 15:18:49] "POST /register HTTP/1.1" 400 -
2026-08-17 15:18:49,303 INFO sqlalchemy.engine.Engine BEGIN (implicit)
2026-08-17 15:18:49,304 INFO sqlalchemy.engine.Engine SELECT students.student_id AS students_student_id, students.usn AS students_usn, students.name AS students_name, students.email AS students_email, students.password_hash AS students_password_hash, students.department AS students_department, students.semester AS students_semester, students.section AS students_section, students.created_at AS students_created_at 
FROM students 
WHERE students.email = ?
 LIMIT ? OFFSET ?
2026-08-17 15:18:49,305 INFO sqlalchemy.engine.Engine [cached since 6.908s ago] ('dis@gmail.com', 1, 0)
2026-08-17 15:18:49,307 INFO sqlalchemy.engine.Engine ROLLBACK
127.0.0.1 - - [17/Aug/2026 15:18:49] "POST /register HTTP/1.1" 400 -
2026-08-17 15:18:49,532 INFO sqlalchemy.engine.Engine BEGIN (implicit)
2026-08-17 15:18:49,533 INFO sqlalchemy.engine.Engine SELECT students.student_id AS students_student_id, students.usn AS students_usn, students.name AS students_name, students.email AS students_email, students.password_hash AS students_password_hash, students.department AS students_department, students.semester AS students_semester, students.section AS students_section, students.created_at AS students_created_at 
FROM students 
WHERE students.email = ?
 LIMIT ? OFFSET ?
2026-08-17 15:18:49,533 INFO sqlalchemy.engine.Engine [cached since 7.136s ago] ('dis@gmail.com', 1, 0)
2026-08-17 15:18:49,535 INFO sqlalchemy.engine.Engine ROLLBACK
127.0.0.1 - - [17/Aug/2026 15:18:49] "POST /register HTTP/1.1" 400 -
127.0.0.1 - - [17/Aug/2026 15:21:10] "OPTIONS /teacher/register HTTP/1.1" 200 -
2026-08-17 15:21:10,315 INFO sqlalchemy.engine.Engine BEGIN (implicit)
2026-08-17 15:21:10,319 INFO sqlalchemy.engine.Engine SELECT teachers.teacher_id AS teachers_teacher_id, teachers.name AS teachers_name, teachers.email AS teachers_email, teachers.password_hash AS teachers_password_hash, teachers.department AS teachers_department, teachers.created_at AS teachers_created_at 
FROM teachers 
WHERE teachers.email = ?
 LIMIT ? OFFSET ?
2026-08-17 15:21:10,320 INFO sqlalchemy.engine.Engine [generated in 0.00064s] ('dis@gmail.com', 1, 0)
2026-08-17 15:21:11,094 INFO sqlalchemy.engine.Engine INSERT INTO teachers (name, email, password_hash, department) VALUES (?, ?, ?, ?) RETURNING teacher_id, created_at
2026-08-17 15:21:11,095 INFO sqlalchemy.engine.Engine [generated in 0.00048s] ('dis', 'dis@gmail.com', '$2b$12$9IXSHBVmm.KbjeSeKgDtW.WjDY1B3WdjAaNVCOYhF0m3LOmQMNdxC', 'CSE')
2026-08-17 15:21:11,100 INFO sqlalchemy.engine.Engine COMMIT
2026-08-17 15:21:11,110 INFO sqlalchemy.engine.Engine BEGIN (implicit)
2026-08-17 15:21:11,113 INFO sqlalchemy.engine.Engine SELECT teachers.teacher_id, teachers.name, teachers.email, teachers.password_hash, teachers.department, teachers.created_at 
FROM teachers 
WHERE teachers.teacher_id = ?
2026-08-17 15:21:11,113 INFO sqlalchemy.engine.Engine [generated in 0.00044s] (12,)
2026-08-17 15:21:11,114 INFO sqlalchemy.engine.Engine ROLLBACK
127.0.0.1 - - [17/Aug/2026 15:21:11] "POST /teacher/register HTTP/1.1" 201 -
127.0.0.1 - - [17/Aug/2026 15:21:29] "OPTIONS /teacher/login HTTP/1.1" 200 -
2026-08-17 15:21:29,086 INFO sqlalchemy.engine.Engine BEGIN (implicit)
2026-08-17 15:21:29,087 INFO sqlalchemy.engine.Engine SELECT teachers.teacher_id AS teachers_teacher_id, teachers.name AS teachers_name, teachers.email AS teachers_email, teachers.password_hash AS teachers_password_hash, teachers.department AS teachers_department, teachers.created_at AS teachers_created_at 
FROM teachers 
WHERE teachers.email = ?
 LIMIT ? OFFSET ?
2026-08-17 15:21:29,088 INFO sqlalchemy.engine.Engine [cached since 18.77s ago] ('dis@gmail.com', 1, 0)
C:\Users\disha\AppData\Local\Programs\Python\Python313\Lib\site-packages\jwt\api_jwt.py:147: InsecureKeyLengthWarning: The HMAC key is 29 bytes long, which is below the minimum recommended length of 32 bytes for SHA256. See RFC 7518 Section 3.2.
  return self._jws.encode(
GENERATING TOKEN
SECRET: student_engagement_secret_key
TOKEN GENERATED: eyJhbGciOiJIUzI1NiIsInR5cCI6IkpXVCJ9.eyJ1c2VyX2lkIjoxMiwicm9sZSI6InRlYWNoZXIiLCJleHAiOjE3ODcwNDY2ODl9.yVJ4JsVhsjAWFUrocHOh5y-w96y3VU9ozx9TBqOHixI
2026-08-17 15:21:29,840 INFO sqlalchemy.engine.Engine ROLLBACK
127.0.0.1 - - [17/Aug/2026 15:21:29] "POST /teacher/login HTTP/1.1" 200 -
127.0.0.1 - - [17/Aug/2026 15:21:30] "OPTIONS /teacher/classrooms HTTP/1.1" 200 -
C:\Users\disha\AppData\Local\Programs\Python\Python313\Lib\site-packages\jwt\api_jwt.py:368: InsecureKeyLengthWarning: The HMAC key is 29 bytes long, which is below the minimum recommended length of 32 bytes for SHA256. See RFC 7518 Section 3.2.
  decoded = self.decode_complete(
VERIFY SECRET: student_engagement_secret_key
TOKEN RECEIVED: eyJhbGciOiJIUzI1NiIsInR5cCI6IkpXVCJ9.eyJ1c2VyX2lkIjoxMiwicm9sZSI6InRlYWNoZXIiLCJleHAiOjE3ODcwNDY2ODl9.yVJ4JsVhsjAWFUrocHOh5y-w96y3VU9ozx9TBqOHixI
2026-08-17 15:21:30,385 INFO sqlalchemy.engine.Engine BEGIN (implicit)
2026-08-17 15:21:30,388 INFO sqlalchemy.engine.Engine SELECT classrooms.class_id AS classrooms_class_id, classrooms.classroom_name AS classrooms_classroom_name, classrooms.subject AS classrooms_subject, classrooms.semester AS classrooms_semester, classrooms.section AS classrooms_section, classrooms.teacher_id AS classrooms_teacher_id, classrooms.class_code AS classrooms_class_code, classrooms.meeting_link AS classrooms_meeting_link, classrooms.created_at AS classrooms_created_at 
FROM classrooms 
WHERE classrooms.teacher_id = ?
2026-08-17 15:21:30,388 INFO sqlalchemy.engine.Engine [generated in 0.00048s] (12,)
2026-08-17 15:21:30,392 INFO sqlalchemy.engine.Engine ROLLBACK
127.0.0.1 - - [17/Aug/2026 15:21:30] "GET /teacher/classrooms HTTP/1.1" 200 -
127.0.0.1 - - [17/Aug/2026 15:21:41] "OPTIONS /teacher/create-classroom HTTP/1.1" 200 -
VERIFY SECRET: student_engagement_secret_key
TOKEN RECEIVED: eyJhbGciOiJIUzI1NiIsInR5cCI6IkpXVCJ9.eyJ1c2VyX2lkIjoxMiwicm9sZSI6InRlYWNoZXIiLCJleHAiOjE3ODcwNDY2ODl9.yVJ4JsVhsjAWFUrocHOh5y-w96y3VU9ozx9TBqOHixI
2026-08-17 15:21:41,786 INFO sqlalchemy.engine.Engine BEGIN (implicit)
2026-08-17 15:21:41,788 INFO sqlalchemy.engine.Engine SELECT classrooms.class_id AS classrooms_class_id, classrooms.classroom_name AS classrooms_classroom_name, classrooms.subject AS classrooms_subject, classrooms.semester AS classrooms_semester, classrooms.section AS classrooms_section, classrooms.teacher_id AS classrooms_teacher_id, classrooms.class_code AS classrooms_class_code, classrooms.meeting_link AS classrooms_meeting_link, classrooms.created_at AS classrooms_created_at 
FROM classrooms 
WHERE classrooms.class_code = ?
 LIMIT ? OFFSET ?
2026-08-17 15:21:41,789 INFO sqlalchemy.engine.Engine [generated in 0.00059s] ('6Z5P23', 1, 0)
2026-08-17 15:21:41,795 INFO sqlalchemy.engine.Engine INSERT INTO classrooms (classroom_name, subject, semester, section, teacher_id, class_code, meeting_link) VALUES (?, ?, ?, ?, ?, ?, ?) RETURNING class_id, created_at
2026-08-17 15:21:41,795 INFO sqlalchemy.engine.Engine [generated in 0.00084s] ('blaaa', 'Machine Learning', 1, 'A', 12, '6Z5P23', None)
2026-08-17 15:21:41,808 INFO sqlalchemy.engine.Engine COMMIT
2026-08-17 15:21:41,821 INFO sqlalchemy.engine.Engine BEGIN (implicit)
2026-08-17 15:21:41,823 INFO sqlalchemy.engine.Engine SELECT classrooms.class_id, classrooms.classroom_name, classrooms.subject, classrooms.semester, classrooms.section, classrooms.teacher_id, classrooms.class_code, classrooms.meeting_link, classrooms.created_at 
FROM classrooms 
WHERE classrooms.class_id = ?
2026-08-17 15:21:41,824 INFO sqlalchemy.engine.Engine [generated in 0.00082s] (38,)
2026-08-17 15:21:41,826 INFO sqlalchemy.engine.Engine ROLLBACK
127.0.0.1 - - [17/Aug/2026 15:21:41] "POST /teacher/create-classroom HTTP/1.1" 201 -
127.0.0.1 - - [17/Aug/2026 15:21:41] "OPTIONS /teacher/start-session/38 HTTP/1.1" 200 -
VERIFY SECRET: student_engagement_secret_key
TOKEN RECEIVED: eyJhbGciOiJIUzI1NiIsInR5cCI6IkpXVCJ9.eyJ1c2VyX2lkIjoxMiwicm9sZSI6InRlYWNoZXIiLCJleHAiOjE3ODcwNDY2ODl9.yVJ4JsVhsjAWFUrocHOh5y-w96y3VU9ozx9TBqOHixI
2026-08-17 15:21:41,853 INFO sqlalchemy.engine.Engine BEGIN (implicit)
2026-08-17 15:21:41,856 INFO sqlalchemy.engine.Engine SELECT classrooms.class_id AS classrooms_class_id, classrooms.classroom_name AS classrooms_classroom_name, classrooms.subject AS classrooms_subject, classrooms.semester AS classrooms_semester, classrooms.section AS classrooms_section, classrooms.teacher_id AS classrooms_teacher_id, classrooms.class_code AS classrooms_class_code, classrooms.meeting_link AS classrooms_meeting_link, classrooms.created_at AS classrooms_created_at 
FROM classrooms 
WHERE classrooms.class_id = ?
 LIMIT ? OFFSET ?
2026-08-17 15:21:41,856 INFO sqlalchemy.engine.Engine [generated in 0.00076s] (38, 1, 0)
2026-08-17 15:21:41,867 INFO sqlalchemy.engine.Engine SELECT sessions.session_id AS sessions_session_id, sessions.class_id AS sessions_class_id, sessions.teacher_id AS sessions_teacher_id, sessions.start_time AS sessions_start_time, sessions.end_time AS sessions_end_time, sessions.is_active AS sessions_is_active 
FROM sessions 
WHERE sessions.class_id = ? AND sessions.is_active = 1
 LIMIT ? OFFSET ?
2026-08-17 15:21:41,867 INFO sqlalchemy.engine.Engine [generated in 0.00068s] (38, 1, 0)
2026-08-17 15:21:41,872 INFO sqlalchemy.engine.Engine INSERT INTO sessions (class_id, teacher_id, end_time, is_active) VALUES (?, ?, ?, ?) RETURNING session_id, start_time
2026-08-17 15:21:41,872 INFO sqlalchemy.engine.Engine [generated in 0.00075s] (38, 12, None, 1)
2026-08-17 15:21:41,880 INFO sqlalchemy.engine.Engine COMMIT
2026-08-17 15:21:41,892 INFO sqlalchemy.engine.Engine BEGIN (implicit)
2026-08-17 15:21:41,895 INFO sqlalchemy.engine.Engine SELECT sessions.session_id, sessions.class_id, sessions.teacher_id, sessions.start_time, sessions.end_time, sessions.is_active 
FROM sessions 
WHERE sessions.session_id = ?
2026-08-17 15:21:41,895 INFO sqlalchemy.engine.Engine [generated in 0.00063s] (39,)
2026-08-17 15:21:41,897 INFO sqlalchemy.engine.Engine ROLLBACK
127.0.0.1 - - [17/Aug/2026 15:21:41] "POST /teacher/start-session/38 HTTP/1.1" 201 -
127.0.0.1 - - [17/Aug/2026 15:21:41] "OPTIONS /teacher/classrooms HTTP/1.1" 200 -
VERIFY SECRET: student_engagement_secret_key
TOKEN RECEIVED: eyJhbGciOiJIUzI1NiIsInR5cCI6IkpXVCJ9.eyJ1c2VyX2lkIjoxMiwicm9sZSI6InRlYWNoZXIiLCJleHAiOjE3ODcwNDY2ODl9.yVJ4JsVhsjAWFUrocHOh5y-w96y3VU9ozx9TBqOHixI
2026-08-17 15:21:41,934 INFO sqlalchemy.engine.Engine BEGIN (implicit)
2026-08-17 15:21:41,934 INFO sqlalchemy.engine.Engine SELECT classrooms.class_id AS classrooms_class_id, classrooms.classroom_name AS classrooms_classroom_name, classrooms.subject AS classrooms_subject, classrooms.semester AS classrooms_semester, classrooms.section AS classrooms_section, classrooms.teacher_id AS classrooms_teacher_id, classrooms.class_code AS classrooms_class_code, classrooms.meeting_link AS classrooms_meeting_link, classrooms.created_at AS classrooms_created_at 
FROM classrooms 
WHERE classrooms.teacher_id = ?
2026-08-17 15:21:41,935 INFO sqlalchemy.engine.Engine [cached since 11.55s ago] (12,)
2026-08-17 15:21:41,943 INFO sqlalchemy.engine.Engine SELECT sessions.session_id AS sessions_session_id, sessions.class_id AS sessions_class_id, sessions.teacher_id AS sessions_teacher_id, sessions.start_time AS sessions_start_time, sessions.end_time AS sessions_end_time, sessions.is_active AS sessions_is_active 
FROM sessions 
WHERE sessions.class_id = ? ORDER BY sessions.session_id DESC
 LIMIT ? OFFSET ?
2026-08-17 15:21:41,944 INFO sqlalchemy.engine.Engine [generated in 0.00129s] (38, 1, 0)
2026-08-17 15:21:41,980 INFO sqlalchemy.engine.Engine SELECT count(*) AS count_1 
FROM (SELECT enrollments.enrollment_id AS enrollments_enrollment_id, enrollments.student_id AS enrollments_student_id, enrollments.class_id AS enrollments_class_id, enrollments.joined_at AS enrollments_joined_at 
FROM enrollments 
WHERE enrollments.class_id = ?) AS anon_1
2026-08-17 15:21:41,980 INFO sqlalchemy.engine.Engine [generated in 0.00062s] (38,)
2026-08-17 15:21:41,986 INFO sqlalchemy.engine.Engine SELECT DISTINCT engagement_records.student_id AS engagement_records_student_id 
FROM engagement_records 
WHERE engagement_records.session_id = ?
2026-08-17 15:21:41,989 INFO sqlalchemy.engine.Engine [generated in 0.00209s] (39,)
2026-08-17 15:21:41,997 INFO sqlalchemy.engine.Engine SELECT engagement_records.engagement_score AS engagement_records_engagement_score 
FROM engagement_records 
WHERE engagement_records.session_id = ?
2026-08-17 15:21:41,998 INFO sqlalchemy.engine.Engine [generated in 0.00061s] (39,)
2026-08-17 15:21:42,000 INFO sqlalchemy.engine.Engine ROLLBACK
127.0.0.1 - - [17/Aug/2026 15:21:42] "GET /teacher/classrooms HTTP/1.1" 200 -
127.0.0.1 - - [17/Aug/2026 15:22:30] "OPTIONS /register HTTP/1.1" 200 -
2026-08-17 15:22:30,283 INFO sqlalchemy.engine.Engine BEGIN (implicit)
2026-08-17 15:22:30,283 INFO sqlalchemy.engine.Engine SELECT students.student_id AS students_student_id, students.usn AS students_usn, students.name AS students_name, students.email AS students_email, students.password_hash AS students_password_hash, students.department AS students_department, students.semester AS students_semester, students.section AS students_section, students.created_at AS students_created_at 
FROM students 
WHERE students.email = ?
 LIMIT ? OFFSET ?
2026-08-17 15:22:30,284 INFO sqlalchemy.engine.Engine [cached since 227.9s ago] ('disha1222005@gmail.com', 1, 0)
2026-08-17 15:22:30,286 INFO sqlalchemy.engine.Engine ROLLBACK
127.0.0.1 - - [17/Aug/2026 15:22:30] "POST /register HTTP/1.1" 400 -
127.0.0.1 - - [17/Aug/2026 15:22:52] "OPTIONS /register HTTP/1.1" 200 -
2026-08-17 15:22:52,498 INFO sqlalchemy.engine.Engine BEGIN (implicit)
2026-08-17 15:22:52,498 INFO sqlalchemy.engine.Engine SELECT students.student_id AS students_student_id, students.usn AS students_usn, students.name AS students_name, students.email AS students_email, students.password_hash AS students_password_hash, students.department AS students_department, students.semester AS students_semester, students.section AS students_section, students.created_at AS students_created_at 
FROM students 
WHERE students.email = ?
 LIMIT ? OFFSET ?
2026-08-17 15:22:52,499 INFO sqlalchemy.engine.Engine [cached since 250.1s ago] ('disha1222005@gmail.com', 1, 0)
2026-08-17 15:22:52,500 INFO sqlalchemy.engine.Engine ROLLBACK
127.0.0.1 - - [17/Aug/2026 15:22:52] "POST /register HTTP/1.1" 400 -
2026-08-17 15:22:54,050 INFO sqlalchemy.engine.Engine BEGIN (implicit)
2026-08-17 15:22:54,050 INFO sqlalchemy.engine.Engine SELECT students.student_id AS students_student_id, students.usn AS students_usn, students.name AS students_name, students.email AS students_email, students.password_hash AS students_password_hash, students.department AS students_department, students.semester AS students_semester, students.section AS students_section, students.created_at AS students_created_at 
FROM students 
WHERE students.email = ?
 LIMIT ? OFFSET ?
2026-08-17 15:22:54,051 INFO sqlalchemy.engine.Engine [cached since 251.7s ago] ('disha1222005@gmail.com', 1, 0)
2026-08-17 15:22:54,053 INFO sqlalchemy.engine.Engine ROLLBACK
127.0.0.1 - - [17/Aug/2026 15:22:54] "POST /register HTTP/1.1" 400 -
127.0.0.1 - - [17/Aug/2026 15:22:56] "OPTIONS /teacher/register HTTP/1.1" 200 -
2026-08-17 15:22:56,854 INFO sqlalchemy.engine.Engine BEGIN (implicit)
2026-08-17 15:22:56,855 INFO sqlalchemy.engine.Engine SELECT teachers.teacher_id AS teachers_teacher_id, teachers.name AS teachers_name, teachers.email AS teachers_email, teachers.password_hash AS teachers_password_hash, teachers.department AS teachers_department, teachers.created_at AS teachers_created_at 
FROM teachers 
WHERE teachers.email = ?
 LIMIT ? OFFSET ?
2026-08-17 15:22:56,855 INFO sqlalchemy.engine.Engine [cached since 106.5s ago] ('disha1222005@gmail.com', 1, 0)
2026-08-17 15:22:57,606 INFO sqlalchemy.engine.Engine INSERT INTO teachers (name, email, password_hash, department) VALUES (?, ?, ?, ?) RETURNING teacher_id, created_at
2026-08-17 15:22:57,606 INFO sqlalchemy.engine.Engine [cached since 106.5s ago] ('Disha L', 'disha1222005@gmail.com', '$2b$12$vdsN3cqn8gIcNZVe5p86C.pwUdfJ9yV4ICorpmLob/Kwn7r0wHztq', 'CSE')
2026-08-17 15:22:57,617 INFO sqlalchemy.engine.Engine COMMIT
2026-08-17 15:22:57,624 INFO sqlalchemy.engine.Engine BEGIN (implicit)
2026-08-17 15:22:57,624 INFO sqlalchemy.engine.Engine SELECT teachers.teacher_id, teachers.name, teachers.email, teachers.password_hash, teachers.department, teachers.created_at 
FROM teachers 
WHERE teachers.teacher_id = ?
2026-08-17 15:22:57,624 INFO sqlalchemy.engine.Engine [cached since 106.5s ago] (13,)
2026-08-17 15:22:57,625 INFO sqlalchemy.engine.Engine ROLLBACK
127.0.0.1 - - [17/Aug/2026 15:22:57] "POST /teacher/register HTTP/1.1" 201 -
127.0.0.1 - - [17/Aug/2026 15:23:11] "OPTIONS /login HTTP/1.1" 200 -
2026-08-17 15:23:11,630 INFO sqlalchemy.engine.Engine BEGIN (implicit)
2026-08-17 15:23:11,631 INFO sqlalchemy.engine.Engine SELECT students.student_id AS students_student_id, students.usn AS students_usn, students.name AS students_name, students.email AS students_email, students.password_hash AS students_password_hash, students.department AS students_department, students.semester AS students_semester, students.section AS students_section, students.created_at AS students_created_at 
FROM students 
WHERE students.email = ?
 LIMIT ? OFFSET ?
2026-08-17 15:23:11,632 INFO sqlalchemy.engine.Engine [cached since 269.2s ago] ('disha1222005@gmail.com', 1, 0)
GENERATING TOKEN
SECRET: student_engagement_secret_key
TOKEN GENERATED: eyJhbGciOiJIUzI1NiIsInR5cCI6IkpXVCJ9.eyJ1c2VyX2lkIjo4LCJyb2xlIjoic3R1ZGVudCIsImV4cCI6MTc4NzA0Njc5Mn0.72khv1_gIdJ5th-6DFYHB04YTj0KcH5PPf0z8Ut6zRA
2026-08-17 15:23:12,400 INFO sqlalchemy.engine.Engine ROLLBACK
127.0.0.1 - - [17/Aug/2026 15:23:12] "POST /login HTTP/1.1" 200 -
127.0.0.1 - - [17/Aug/2026 15:23:12] "OPTIONS /my-classes HTTP/1.1" 200 -
127.0.0.1 - - [17/Aug/2026 15:23:12] "OPTIONS /live-classes HTTP/1.1" 200 -
VERIFY SECRET: student_engagement_secret_key
TOKEN RECEIVED: eyJhbGciOiJIUzI1NiIsInR5cCI6IkpXVCJ9.eyJ1c2VyX2lkIjo4LCJyb2xlIjoic3R1ZGVudCIsImV4cCI6MTc4NzA0Njc5Mn0.72khv1_gIdJ5th-6DFYHB04YTj0KcH5PPf0z8Ut6zRA
2026-08-17 15:23:12,515 INFO sqlalchemy.engine.Engine BEGIN (implicit)
2026-08-17 15:23:12,517 INFO sqlalchemy.engine.Engine SELECT classrooms.class_id AS classrooms_class_id, classrooms.classroom_name AS classrooms_classroom_name, classrooms.subject AS classrooms_subject, classrooms.semester AS classrooms_semester, classrooms.section AS classrooms_section, classrooms.teacher_id AS classrooms_teacher_id, classrooms.class_code AS classrooms_class_code, classrooms.meeting_link AS classrooms_meeting_link, classrooms.created_at AS classrooms_created_at 
FROM classrooms JOIN enrollments ON enrollments.class_id = classrooms.class_id 
WHERE enrollments.student_id = ?
2026-08-17 15:23:12,519 INFO sqlalchemy.engine.Engine [generated in 0.00194s] (8,)
2026-08-17 15:23:12,522 INFO sqlalchemy.engine.Engine ROLLBACK
127.0.0.1 - - [17/Aug/2026 15:23:12] "GET /my-classes HTTP/1.1" 200 -
VERIFY SECRET: student_engagement_secret_key
TOKEN RECEIVED: eyJhbGciOiJIUzI1NiIsInR5cCI6IkpXVCJ9.eyJ1c2VyX2lkIjo4LCJyb2xlIjoic3R1ZGVudCIsImV4cCI6MTc4NzA0Njc5Mn0.72khv1_gIdJ5th-6DFYHB04YTj0KcH5PPf0z8Ut6zRA
2026-08-17 15:23:12,527 INFO sqlalchemy.engine.Engine BEGIN (implicit)
2026-08-17 15:23:12,529 INFO sqlalchemy.engine.Engine SELECT sessions.session_id AS sessions_session_id, sessions.class_id AS sessions_class_id, sessions.teacher_id AS sessions_teacher_id, sessions.start_time AS sessions_start_time, sessions.end_time AS sessions_end_time, sessions.is_active AS sessions_is_active 
FROM sessions 
WHERE sessions.is_active = 1 ORDER BY sessions.start_time DESC
2026-08-17 15:23:12,530 INFO sqlalchemy.engine.Engine [generated in 0.00056s] ()
2026-08-17 15:23:12,533 INFO sqlalchemy.engine.Engine SELECT classrooms.class_id AS classrooms_class_id, classrooms.classroom_name AS classrooms_classroom_name, classrooms.subject AS classrooms_subject, classrooms.semester AS classrooms_semester, classrooms.section AS classrooms_section, classrooms.teacher_id AS classrooms_teacher_id, classrooms.class_code AS classrooms_class_code, classrooms.meeting_link AS classrooms_meeting_link, classrooms.created_at AS classrooms_created_at 
FROM classrooms 
WHERE classrooms.class_id = ?
 LIMIT ? OFFSET ?
2026-08-17 15:23:12,535 INFO sqlalchemy.engine.Engine [cached since 90.68s ago] (38, 1, 0)
2026-08-17 15:23:12,539 INFO sqlalchemy.engine.Engine SELECT teachers.teacher_id AS teachers_teacher_id, teachers.name AS teachers_name, teachers.email AS teachers_email, teachers.password_hash AS teachers_password_hash, teachers.department AS teachers_department, teachers.created_at AS teachers_created_at 
FROM teachers 
WHERE teachers.teacher_id = ?
 LIMIT ? OFFSET ?
2026-08-17 15:23:12,540 INFO sqlalchemy.engine.Engine [generated in 0.00072s] (12, 1, 0)
2026-08-17 15:23:12,543 INFO sqlalchemy.engine.Engine SELECT count(*) AS count_1 
FROM (SELECT enrollments.enrollment_id AS enrollments_enrollment_id, enrollments.student_id AS enrollments_student_id, enrollments.class_id AS enrollments_class_id, enrollments.joined_at AS enrollments_joined_at 
FROM enrollments 
WHERE enrollments.class_id = ?) AS anon_1
2026-08-17 15:23:12,543 INFO sqlalchemy.engine.Engine [cached since 90.56s ago] (38,)
2026-08-17 15:23:12,546 INFO sqlalchemy.engine.Engine SELECT classrooms.class_id AS classrooms_class_id, classrooms.classroom_name AS classrooms_classroom_name, classrooms.subject AS classrooms_subject, classrooms.semester AS classrooms_semester, classrooms.section AS classrooms_section, classrooms.teacher_id AS classrooms_teacher_id, classrooms.class_code AS classrooms_class_code, classrooms.meeting_link AS classrooms_meeting_link, classrooms.created_at AS classrooms_created_at 
FROM classrooms 
WHERE classrooms.class_id = ?
 LIMIT ? OFFSET ?
2026-08-17 15:23:12,546 INFO sqlalchemy.engine.Engine [cached since 90.69s ago] (29, 1, 0)
2026-08-17 15:23:12,548 INFO sqlalchemy.engine.Engine SELECT teachers.teacher_id AS teachers_teacher_id, teachers.name AS teachers_name, teachers.email AS teachers_email, teachers.password_hash AS teachers_password_hash, teachers.department AS teachers_department, teachers.created_at AS teachers_created_at 
FROM teachers 
WHERE teachers.teacher_id = ?
 LIMIT ? OFFSET ?
2026-08-17 15:23:12,549 INFO sqlalchemy.engine.Engine [cached since 0.009299s ago] (8, 1, 0)
2026-08-17 15:23:12,551 INFO sqlalchemy.engine.Engine SELECT count(*) AS count_1 
FROM (SELECT enrollments.enrollment_id AS enrollments_enrollment_id, enrollments.student_id AS enrollments_student_id, enrollments.class_id AS enrollments_class_id, enrollments.joined_at AS enrollments_joined_at 
FROM enrollments 
WHERE enrollments.class_id = ?) AS anon_1
2026-08-17 15:23:12,551 INFO sqlalchemy.engine.Engine [cached since 90.57s ago] (29,)
2026-08-17 15:23:12,552 INFO sqlalchemy.engine.Engine ROLLBACK
127.0.0.1 - - [17/Aug/2026 15:23:12] "GET /live-classes HTTP/1.1" 200 -
127.0.0.1 - - [17/Aug/2026 15:23:16] "OPTIONS /face/verify-live HTTP/1.1" 200 -
VERIFY SECRET: student_engagement_secret_key
TOKEN RECEIVED: eyJhbGciOiJIUzI1NiIsInR5cCI6IkpXVCJ9.eyJ1c2VyX2lkIjo4LCJyb2xlIjoic3R1ZGVudCIsImV4cCI6MTc4NzA0Njc5Mn0.72khv1_gIdJ5th-6DFYHB04YTj0KcH5PPf0z8Ut6zRA
2026-08-17 15:23:16,902 INFO sqlalchemy.engine.Engine BEGIN (implicit)
2026-08-17 15:23:16,907 INFO sqlalchemy.engine.Engine SELECT face_registrations.face_id AS face_registrations_face_id, face_registrations.student_id AS face_registrations_student_id, face_registrations.embedding AS face_registrations_embedding, face_registrations.created_at AS face_registrations_created_at 
FROM face_registrations 
WHERE face_registrations.student_id = ?
 LIMIT ? OFFSET ?
2026-08-17 15:23:16,907 INFO sqlalchemy.engine.Engine [generated in 0.00060s] (8, 1, 0)
2026-08-17 15:23:16,909 INFO sqlalchemy.engine.Engine ROLLBACK
127.0.0.1 - - [17/Aug/2026 15:23:16] "POST /face/verify-live HTTP/1.1" 200 -
127.0.0.1 - - [17/Aug/2026 15:23:35] "OPTIONS /my-classes HTTP/1.1" 200 -
VERIFY SECRET: student_engagement_secret_key
TOKEN RECEIVED: eyJhbGciOiJIUzI1NiIsInR5cCI6IkpXVCJ9.eyJ1c2VyX2lkIjo4LCJyb2xlIjoic3R1ZGVudCIsImV4cCI6MTc4NzA0Njc5Mn0.72khv1_gIdJ5th-6DFYHB04YTj0KcH5PPf0z8Ut6zRA
2026-08-17 15:23:35,802 INFO sqlalchemy.engine.Engine BEGIN (implicit)
2026-08-17 15:23:35,803 INFO sqlalchemy.engine.Engine SELECT classrooms.class_id AS classrooms_class_id, classrooms.classroom_name AS classrooms_classroom_name, classrooms.subject AS classrooms_subject, classrooms.semester AS classrooms_semester, classrooms.section AS classrooms_section, classrooms.teacher_id AS classrooms_teacher_id, classrooms.class_code AS classrooms_class_code, classrooms.meeting_link AS classrooms_meeting_link, classrooms.created_at AS classrooms_created_at 
FROM classrooms JOIN enrollments ON enrollments.class_id = classrooms.class_id 
WHERE enrollments.student_id = ?
2026-08-17 15:23:35,803 INFO sqlalchemy.engine.Engine [cached since 23.29s ago] (8,)
2026-08-17 15:23:35,804 INFO sqlalchemy.engine.Engine ROLLBACK
127.0.0.1 - - [17/Aug/2026 15:23:35] "GET /my-classes HTTP/1.1" 200 -
127.0.0.1 - - [17/Aug/2026 15:23:59] "OPTIONS /register HTTP/1.1" 200 -
2026-08-17 15:23:59,830 INFO sqlalchemy.engine.Engine BEGIN (implicit)
2026-08-17 15:23:59,831 INFO sqlalchemy.engine.Engine SELECT students.student_id AS students_student_id, students.usn AS students_usn, students.name AS students_name, students.email AS students_email, students.password_hash AS students_password_hash, students.department AS students_department, students.semester AS students_semester, students.section AS students_section, students.created_at AS students_created_at 
FROM students 
WHERE students.email = ?
 LIMIT ? OFFSET ?
2026-08-17 15:23:59,831 INFO sqlalchemy.engine.Engine [cached since 317.4s ago] ('hi@gmail.com', 1, 0)
2026-08-17 15:23:59,834 INFO sqlalchemy.engine.Engine SELECT students.usn AS students_usn 
FROM students 
WHERE students.usn LIKE ?
2026-08-17 15:23:59,835 INFO sqlalchemy.engine.Engine [generated in 0.00053s] ('STUDENT%',)
2026-08-17 15:23:59,840 INFO sqlalchemy.engine.Engine SELECT students.student_id AS students_student_id, students.usn AS students_usn, students.name AS students_name, students.email AS students_email, students.password_hash AS students_password_hash, students.department AS students_department, students.semester AS students_semester, students.section AS students_section, students.created_at AS students_created_at 
FROM students 
WHERE students.usn = ?
 LIMIT ? OFFSET ?
2026-08-17 15:23:59,840 INFO sqlalchemy.engine.Engine [generated in 0.00041s] ('STUDENT019', 1, 0)
2026-08-17 15:23:59,843 INFO sqlalchemy.engine.Engine SELECT students.student_id AS students_student_id, students.usn AS students_usn, students.name AS students_name, students.email AS students_email, students.password_hash AS students_password_hash, students.department AS students_department, students.semester AS students_semester, students.section AS students_section, students.created_at AS students_created_at 
FROM students 
WHERE students.usn = ?
 LIMIT ? OFFSET ?
2026-08-17 15:23:59,843 INFO sqlalchemy.engine.Engine [cached since 0.002932s ago] ('STUDENT019', 1, 0)
2026-08-17 15:24:00,614 INFO sqlalchemy.engine.Engine INSERT INTO students (usn, name, email, password_hash, department, semester, section) VALUES (?, ?, ?, ?, ?, ?, ?) RETURNING student_id, created_at
2026-08-17 15:24:00,615 INFO sqlalchemy.engine.Engine [generated in 0.00073s] ('STUDENT019', 'hi', 'hi@gmail.com', '$2b$12$R7ylL71nV9WfxtY1syw8ROeyRuoqWOItiotM1VLWtWvAJgHRO300e', 'CSE', 1, 'A')
2026-08-17 15:24:00,627 INFO sqlalchemy.engine.Engine COMMIT
2026-08-17 15:24:00,638 INFO sqlalchemy.engine.Engine BEGIN (implicit)
2026-08-17 15:24:00,640 INFO sqlalchemy.engine.Engine SELECT students.student_id, students.usn, students.name, students.email, students.password_hash, students.department, students.semester, students.section, students.created_at 
FROM students 
WHERE students.student_id = ?
2026-08-17 15:24:00,640 INFO sqlalchemy.engine.Engine [generated in 0.00049s] (21,)
2026-08-17 15:24:00,642 INFO sqlalchemy.engine.Engine ROLLBACK
127.0.0.1 - - [17/Aug/2026 15:24:00] "POST /register HTTP/1.1" 201 -
127.0.0.1 - - [17/Aug/2026 15:24:00] "OPTIONS /login HTTP/1.1" 200 -
2026-08-17 15:24:00,692 INFO sqlalchemy.engine.Engine BEGIN (implicit)
2026-08-17 15:24:00,693 INFO sqlalchemy.engine.Engine SELECT students.student_id AS students_student_id, students.usn AS students_usn, students.name AS students_name, students.email AS students_email, students.password_hash AS students_password_hash, students.department AS students_department, students.semester AS students_semester, students.section AS students_section, students.created_at AS students_created_at 
FROM students 
WHERE students.email = ?
 LIMIT ? OFFSET ?
2026-08-17 15:24:00,693 INFO sqlalchemy.engine.Engine [cached since 318.3s ago] ('hi@gmail.com', 1, 0)
GENERATING TOKEN
SECRET: student_engagement_secret_key
TOKEN GENERATED: eyJhbGciOiJIUzI1NiIsInR5cCI6IkpXVCJ9.eyJ1c2VyX2lkIjoyMSwicm9sZSI6InN0dWRlbnQiLCJleHAiOjE3ODcwNDY4NDF9.PlDEXZkYORFOkUJAGJRYAkTnJ7aOPPPpUqCuHKtHDJU
2026-08-17 15:24:01,445 INFO sqlalchemy.engine.Engine ROLLBACK
127.0.0.1 - - [17/Aug/2026 15:24:01] "POST /login HTTP/1.1" 200 -
127.0.0.1 - - [17/Aug/2026 15:24:09] "OPTIONS /face/validate-sample HTTP/1.1" 200 -
127.0.0.1 - - [17/Aug/2026 15:24:11] "POST /face/validate-sample HTTP/1.1" 200 -
127.0.0.1 - - [17/Aug/2026 15:24:14] "POST /face/validate-sample HTTP/1.1" 200 -
127.0.0.1 - - [17/Aug/2026 15:24:15] "OPTIONS /face/validate-sample HTTP/1.1" 200 -
127.0.0.1 - - [17/Aug/2026 15:24:17] "POST /face/validate-sample HTTP/1.1" 200 -
127.0.0.1 - - [17/Aug/2026 15:24:20] "POST /face/validate-sample HTTP/1.1" 200 -
127.0.0.1 - - [17/Aug/2026 15:24:21] "OPTIONS /face/validate-sample HTTP/1.1" 200 -
127.0.0.1 - - [17/Aug/2026 15:24:23] "POST /face/validate-sample HTTP/1.1" 200 -
127.0.0.1 - - [17/Aug/2026 15:24:24] "OPTIONS /face/register HTTP/1.1" 200 -
VERIFY SECRET: student_engagement_secret_key
TOKEN RECEIVED: eyJhbGciOiJIUzI1NiIsInR5cCI6IkpXVCJ9.eyJ1c2VyX2lkIjoyMSwicm9sZSI6InN0dWRlbnQiLCJleHAiOjE3ODcwNDY4NDF9.PlDEXZkYORFOkUJAGJRYAkTnJ7aOPPPpUqCuHKtHDJU
VERIFY SECRET: student_engagement_secret_key
TOKEN RECEIVED: eyJhbGciOiJIUzI1NiIsInR5cCI6IkpXVCJ9.eyJ1c2VyX2lkIjoyMSwicm9sZSI6InN0dWRlbnQiLCJleHAiOjE3ODcwNDY4NDF9.PlDEXZkYORFOkUJAGJRYAkTnJ7aOPPPpUqCuHKtHDJU
VERIFY SECRET: student_engagement_secret_key
TOKEN RECEIVED: eyJhbGciOiJIUzI1NiIsInR5cCI6IkpXVCJ9.eyJ1c2VyX2lkIjoyMSwicm9sZSI6InN0dWRlbnQiLCJleHAiOjE3ODcwNDY4NDF9.PlDEXZkYORFOkUJAGJRYAkTnJ7aOPPPpUqCuHKtHDJU
VERIFY SECRET: student_engagement_secret_key
TOKEN RECEIVED: eyJhbGciOiJIUzI1NiIsInR5cCI6IkpXVCJ9.eyJ1c2VyX2lkIjoyMSwicm9sZSI6InN0dWRlbnQiLCJleHAiOjE3ODcwNDY4NDF9.PlDEXZkYORFOkUJAGJRYAkTnJ7aOPPPpUqCuHKtHDJU
VERIFY SECRET: student_engagement_secret_key
TOKEN RECEIVED: eyJhbGciOiJIUzI1NiIsInR5cCI6IkpXVCJ9.eyJ1c2VyX2lkIjoyMSwicm9sZSI6InN0dWRlbnQiLCJleHAiOjE3ODcwNDY4NDF9.PlDEXZkYORFOkUJAGJRYAkTnJ7aOPPPpUqCuHKtHDJU
VERIFY SECRET: student_engagement_secret_key
TOKEN RECEIVED: eyJhbGciOiJIUzI1NiIsInR5cCI6IkpXVCJ9.eyJ1c2VyX2lkIjoyMSwicm9sZSI6InN0dWRlbnQiLCJleHAiOjE3ODcwNDY4NDF9.PlDEXZkYORFOkUJAGJRYAkTnJ7aOPPPpUqCuHKtHDJU
2026-08-17 15:24:24,052 INFO sqlalchemy.engine.Engine BEGIN (implicit)
2026-08-17 15:24:24,053 INFO sqlalchemy.engine.Engine SELECT face_registrations.face_id AS face_registrations_face_id, face_registrations.student_id AS face_registrations_student_id, face_registrations.embedding AS face_registrations_embedding, face_registrations.created_at AS face_registrations_created_at 
FROM face_registrations 
WHERE face_registrations.student_id = ?
 LIMIT ? OFFSET ?
2026-08-17 15:24:24,059 INFO sqlalchemy.engine.Engine [cached since 67.15s ago] (21, 1, 0)
2026-08-17 15:24:24,065 INFO sqlalchemy.engine.Engine INSERT INTO face_registrations (student_id, embedding) VALUES (?, ?) RETURNING face_id, created_at
2026-08-17 15:24:24,066 INFO sqlalchemy.engine.Engine [generated in 0.00206s] (21, '[[-0.09993038326501846, 0.0798584371805191, 0.10642068833112717, -0.054515160620212555, -0.1114780530333519, -0.004218251910060644, -0.05101374909281 ... (13545 characters truncated) ... 449479326605797, -0.18894843757152557, -0.10003698617219925, 0.06102296710014343, -0.04079641029238701, 0.11054912954568863, -0.0009012217633426189]]')
2026-08-17 15:24:24,071 INFO sqlalchemy.engine.Engine COMMIT
2026-08-17 15:24:24,086 INFO sqlalchemy.engine.Engine BEGIN (implicit)
2026-08-17 15:24:24,088 INFO sqlalchemy.engine.Engine SELECT face_registrations.face_id, face_registrations.student_id, face_registrations.embedding, face_registrations.created_at 
FROM face_registrations 
WHERE face_registrations.face_id = ?
2026-08-17 15:24:24,089 INFO sqlalchemy.engine.Engine [generated in 0.00062s] (7,)
2026-08-17 15:24:24,092 INFO sqlalchemy.engine.Engine ROLLBACK
127.0.0.1 - - [17/Aug/2026 15:24:24] "POST /face/register HTTP/1.1" 201 -
127.0.0.1 - - [17/Aug/2026 15:24:26] "OPTIONS /my-classes HTTP/1.1" 200 -
127.0.0.1 - - [17/Aug/2026 15:24:26] "OPTIONS /live-classes HTTP/1.1" 200 -
VERIFY SECRET: student_engagement_secret_key
TOKEN RECEIVED: eyJhbGciOiJIUzI1NiIsInR5cCI6IkpXVCJ9.eyJ1c2VyX2lkIjoyMSwicm9sZSI6InN0dWRlbnQiLCJleHAiOjE3ODcwNDY4NDF9.PlDEXZkYORFOkUJAGJRYAkTnJ7aOPPPpUqCuHKtHDJU
2026-08-17 15:24:26,027 INFO sqlalchemy.engine.Engine BEGIN (implicit)
2026-08-17 15:24:26,028 INFO sqlalchemy.engine.Engine SELECT classrooms.class_id AS classrooms_class_id, classrooms.classroom_name AS classrooms_classroom_name, classrooms.subject AS classrooms_subject, classrooms.semester AS classrooms_semester, classrooms.section AS classrooms_section, classrooms.teacher_id AS classrooms_teacher_id, classrooms.class_code AS classrooms_class_code, classrooms.meeting_link AS classrooms_meeting_link, classrooms.created_at AS classrooms_created_at 
FROM classrooms JOIN enrollments ON enrollments.class_id = classrooms.class_id 
WHERE enrollments.student_id = ?
2026-08-17 15:24:26,029 INFO sqlalchemy.engine.Engine [cached since 73.51s ago] (21,)
2026-08-17 15:24:26,031 INFO sqlalchemy.engine.Engine ROLLBACK
127.0.0.1 - - [17/Aug/2026 15:24:26] "GET /my-classes HTTP/1.1" 200 -
VERIFY SECRET: student_engagement_secret_key
TOKEN RECEIVED: eyJhbGciOiJIUzI1NiIsInR5cCI6IkpXVCJ9.eyJ1c2VyX2lkIjoyMSwicm9sZSI6InN0dWRlbnQiLCJleHAiOjE3ODcwNDY4NDF9.PlDEXZkYORFOkUJAGJRYAkTnJ7aOPPPpUqCuHKtHDJU
2026-08-17 15:24:26,034 INFO sqlalchemy.engine.Engine BEGIN (implicit)
2026-08-17 15:24:26,037 INFO sqlalchemy.engine.Engine SELECT sessions.session_id AS sessions_session_id, sessions.class_id AS sessions_class_id, sessions.teacher_id AS sessions_teacher_id, sessions.start_time AS sessions_start_time, sessions.end_time AS sessions_end_time, sessions.is_active AS sessions_is_active 
FROM sessions 
WHERE sessions.is_active = 1 ORDER BY sessions.start_time DESC
2026-08-17 15:24:26,038 INFO sqlalchemy.engine.Engine [cached since 73.51s ago] ()
2026-08-17 15:24:26,039 INFO sqlalchemy.engine.Engine SELECT classrooms.class_id AS classrooms_class_id, classrooms.classroom_name AS classrooms_classroom_name, classrooms.subject AS classrooms_subject, classrooms.semester AS classrooms_semester, classrooms.section AS classrooms_section, classrooms.teacher_id AS classrooms_teacher_id, classrooms.class_code AS classrooms_class_code, classrooms.meeting_link AS classrooms_meeting_link, classrooms.created_at AS classrooms_created_at 
FROM classrooms 
WHERE classrooms.class_id = ?
 LIMIT ? OFFSET ?
2026-08-17 15:24:26,040 INFO sqlalchemy.engine.Engine [cached since 164.2s ago] (38, 1, 0)
2026-08-17 15:24:26,044 INFO sqlalchemy.engine.Engine SELECT teachers.teacher_id AS teachers_teacher_id, teachers.name AS teachers_name, teachers.email AS teachers_email, teachers.password_hash AS teachers_password_hash, teachers.department AS teachers_department, teachers.created_at AS teachers_created_at 
FROM teachers 
WHERE teachers.teacher_id = ?
 LIMIT ? OFFSET ?
2026-08-17 15:24:26,045 INFO sqlalchemy.engine.Engine [cached since 73.51s ago] (12, 1, 0)
2026-08-17 15:24:26,048 INFO sqlalchemy.engine.Engine SELECT count(*) AS count_1 
FROM (SELECT enrollments.enrollment_id AS enrollments_enrollment_id, enrollments.student_id AS enrollments_student_id, enrollments.class_id AS enrollments_class_id, enrollments.joined_at AS enrollments_joined_at 
FROM enrollments 
WHERE enrollments.class_id = ?) AS anon_1
2026-08-17 15:24:26,048 INFO sqlalchemy.engine.Engine [cached since 164.1s ago] (38,)
2026-08-17 15:24:26,054 INFO sqlalchemy.engine.Engine SELECT classrooms.class_id AS classrooms_class_id, classrooms.classroom_name AS classrooms_classroom_name, classrooms.subject AS classrooms_subject, classrooms.semester AS classrooms_semester, classrooms.section AS classrooms_section, classrooms.teacher_id AS classrooms_teacher_id, classrooms.class_code AS classrooms_class_code, classrooms.meeting_link AS classrooms_meeting_link, classrooms.created_at AS classrooms_created_at 
FROM classrooms 
WHERE classrooms.class_id = ?
 LIMIT ? OFFSET ?
2026-08-17 15:24:26,054 INFO sqlalchemy.engine.Engine [cached since 164.2s ago] (29, 1, 0)
2026-08-17 15:24:26,056 INFO sqlalchemy.engine.Engine SELECT teachers.teacher_id AS teachers_teacher_id, teachers.name AS teachers_name, teachers.email AS teachers_email, teachers.password_hash AS teachers_password_hash, teachers.department AS teachers_department, teachers.created_at AS teachers_created_at 
FROM teachers 
WHERE teachers.teacher_id = ?
 LIMIT ? OFFSET ?
2026-08-17 15:24:26,056 INFO sqlalchemy.engine.Engine [cached since 73.52s ago] (8, 1, 0)
2026-08-17 15:24:26,059 INFO sqlalchemy.engine.Engine SELECT count(*) AS count_1 
FROM (SELECT enrollments.enrollment_id AS enrollments_enrollment_id, enrollments.student_id AS enrollments_student_id, enrollments.class_id AS enrollments_class_id, enrollments.joined_at AS enrollments_joined_at 
FROM enrollments 
WHERE enrollments.class_id = ?) AS anon_1
2026-08-17 15:24:26,059 INFO sqlalchemy.engine.Engine [cached since 164.1s ago] (29,)
2026-08-17 15:24:26,060 INFO sqlalchemy.engine.Engine ROLLBACK
127.0.0.1 - - [17/Aug/2026 15:24:26] "GET /live-classes HTTP/1.1" 200 -
127.0.0.1 - - [17/Aug/2026 15:24:30] "OPTIONS /face/verify-live HTTP/1.1" 200 -
VERIFY SECRET: student_engagement_secret_key
TOKEN RECEIVED: eyJhbGciOiJIUzI1NiIsInR5cCI6IkpXVCJ9.eyJ1c2VyX2lkIjoyMSwicm9sZSI6InN0dWRlbnQiLCJleHAiOjE3ODcwNDY4NDF9.PlDEXZkYORFOkUJAGJRYAkTnJ7aOPPPpUqCuHKtHDJU
2026-08-17 15:24:30,603 INFO sqlalchemy.engine.Engine BEGIN (implicit)
2026-08-17 15:24:30,604 INFO sqlalchemy.engine.Engine SELECT face_registrations.face_id AS face_registrations_face_id, face_registrations.student_id AS face_registrations_student_id, face_registrations.embedding AS face_registrations_embedding, face_registrations.created_at AS face_registrations_created_at 
FROM face_registrations 
WHERE face_registrations.student_id = ?
 LIMIT ? OFFSET ?
2026-08-17 15:24:30,605 INFO sqlalchemy.engine.Engine [cached since 73.7s ago] (21, 1, 0)
2026-08-17 15:24:32,223 INFO sqlalchemy.engine.Engine ROLLBACK
127.0.0.1 - - [17/Aug/2026 15:24:32] "POST /face/verify-live HTTP/1.1" 200 -
127.0.0.1 - - [17/Aug/2026 15:24:32] "OPTIONS /join-live-class HTTP/1.1" 200 -
VERIFY SECRET: student_engagement_secret_key
TOKEN RECEIVED: eyJhbGciOiJIUzI1NiIsInR5cCI6IkpXVCJ9.eyJ1c2VyX2lkIjoyMSwicm9sZSI6InN0dWRlbnQiLCJleHAiOjE3ODcwNDY4NDF9.PlDEXZkYORFOkUJAGJRYAkTnJ7aOPPPpUqCuHKtHDJU
2026-08-17 15:24:32,263 INFO sqlalchemy.engine.Engine BEGIN (implicit)
2026-08-17 15:24:32,264 INFO sqlalchemy.engine.Engine SELECT classrooms.class_id AS classrooms_class_id, classrooms.classroom_name AS classrooms_classroom_name, classrooms.subject AS classrooms_subject, classrooms.semester AS classrooms_semester, classrooms.section AS classrooms_section, classrooms.teacher_id AS classrooms_teacher_id, classrooms.class_code AS classrooms_class_code, classrooms.meeting_link AS classrooms_meeting_link, classrooms.created_at AS classrooms_created_at 
FROM classrooms 
WHERE classrooms.class_id = ?
 LIMIT ? OFFSET ?
2026-08-17 15:24:32,264 INFO sqlalchemy.engine.Engine [cached since 170.4s ago] (38, 1, 0)
2026-08-17 15:24:32,268 INFO sqlalchemy.engine.Engine SELECT sessions.session_id AS sessions_session_id, sessions.class_id AS sessions_class_id, sessions.teacher_id AS sessions_teacher_id, sessions.start_time AS sessions_start_time, sessions.end_time AS sessions_end_time, sessions.is_active AS sessions_is_active 
FROM sessions 
WHERE sessions.class_id = ? AND sessions.is_active = 1
 LIMIT ? OFFSET ?
2026-08-17 15:24:32,269 INFO sqlalchemy.engine.Engine [cached since 170.4s ago] (38, 1, 0)
2026-08-17 15:24:32,273 INFO sqlalchemy.engine.Engine SELECT enrollments.enrollment_id AS enrollments_enrollment_id, enrollments.student_id AS enrollments_student_id, enrollments.class_id AS enrollments_class_id, enrollments.joined_at AS enrollments_joined_at 
FROM enrollments 
WHERE enrollments.student_id = ? AND enrollments.class_id = ?
 LIMIT ? OFFSET ?
2026-08-17 15:24:32,274 INFO sqlalchemy.engine.Engine [generated in 0.00073s] (21, 38, 1, 0)
2026-08-17 15:24:32,277 INFO sqlalchemy.engine.Engine INSERT INTO enrollments (student_id, class_id) VALUES (?, ?) RETURNING enrollment_id, joined_at
2026-08-17 15:24:32,278 INFO sqlalchemy.engine.Engine [generated in 0.00055s] (21, 38)
2026-08-17 15:24:32,288 INFO sqlalchemy.engine.Engine COMMIT
2026-08-17 15:24:32,298 INFO sqlalchemy.engine.Engine BEGIN (implicit)
2026-08-17 15:24:32,300 INFO sqlalchemy.engine.Engine SELECT enrollments.enrollment_id, enrollments.student_id, enrollments.class_id, enrollments.joined_at 
FROM enrollments 
WHERE enrollments.enrollment_id = ?
2026-08-17 15:24:32,304 INFO sqlalchemy.engine.Engine [generated in 0.00427s] (31,)
2026-08-17 15:24:32,309 INFO sqlalchemy.engine.Engine SELECT classrooms.class_id AS classrooms_class_id, classrooms.classroom_name AS classrooms_classroom_name, classrooms.subject AS classrooms_subject, classrooms.semester AS classrooms_semester, classrooms.section AS classrooms_section, classrooms.teacher_id AS classrooms_teacher_id, classrooms.class_code AS classrooms_class_code, classrooms.meeting_link AS classrooms_meeting_link, classrooms.created_at AS classrooms_created_at 
FROM classrooms 
WHERE classrooms.class_id = ?
2026-08-17 15:24:32,310 INFO sqlalchemy.engine.Engine [generated in 0.00063s] (38,)
2026-08-17 15:24:32,314 INFO sqlalchemy.engine.Engine SELECT sessions.session_id AS sessions_session_id, sessions.class_id AS sessions_class_id, sessions.teacher_id AS sessions_teacher_id, sessions.start_time AS sessions_start_time, sessions.end_time AS sessions_end_time, sessions.is_active AS sessions_is_active 
FROM sessions 
WHERE sessions.session_id = ?
2026-08-17 15:24:32,315 INFO sqlalchemy.engine.Engine [generated in 0.00081s] (39,)
2026-08-17 15:24:32,317 INFO sqlalchemy.engine.Engine ROLLBACK
127.0.0.1 - - [17/Aug/2026 15:24:32] "POST /join-live-class HTTP/1.1" 200 -
127.0.0.1 - - [17/Aug/2026 15:24:33] "OPTIONS /join-class HTTP/1.1" 200 -
VERIFY SECRET: student_engagement_secret_key
TOKEN RECEIVED: eyJhbGciOiJIUzI1NiIsInR5cCI6IkpXVCJ9.eyJ1c2VyX2lkIjoyMSwicm9sZSI6InN0dWRlbnQiLCJleHAiOjE3ODcwNDY4NDF9.PlDEXZkYORFOkUJAGJRYAkTnJ7aOPPPpUqCuHKtHDJU
2026-08-17 15:24:33,977 INFO sqlalchemy.engine.Engine BEGIN (implicit)
2026-08-17 15:24:33,978 INFO sqlalchemy.engine.Engine SELECT classrooms.class_id AS classrooms_class_id, classrooms.classroom_name AS classrooms_classroom_name, classrooms.subject AS classrooms_subject, classrooms.semester AS classrooms_semester, classrooms.section AS classrooms_section, classrooms.teacher_id AS classrooms_teacher_id, classrooms.class_code AS classrooms_class_code, classrooms.meeting_link AS classrooms_meeting_link, classrooms.created_at AS classrooms_created_at 
FROM classrooms 
WHERE classrooms.class_code = ?
 LIMIT ? OFFSET ?
2026-08-17 15:24:33,978 INFO sqlalchemy.engine.Engine [cached since 172.2s ago] ('38', 1, 0)
2026-08-17 15:24:33,979 INFO sqlalchemy.engine.Engine SELECT classrooms.class_id AS classrooms_class_id, classrooms.classroom_name AS classrooms_classroom_name, classrooms.subject AS classrooms_subject, classrooms.semester AS classrooms_semester, classrooms.section AS classrooms_section, classrooms.teacher_id AS classrooms_teacher_id, classrooms.class_code AS classrooms_class_code, classrooms.meeting_link AS classrooms_meeting_link, classrooms.created_at AS classrooms_created_at 
FROM classrooms 
WHERE classrooms.class_id = ?
 LIMIT ? OFFSET ?
2026-08-17 15:24:33,979 INFO sqlalchemy.engine.Engine [cached since 172.1s ago] (38, 1, 0)
2026-08-17 15:24:33,981 INFO sqlalchemy.engine.Engine SELECT enrollments.enrollment_id AS enrollments_enrollment_id, enrollments.student_id AS enrollments_student_id, enrollments.class_id AS enrollments_class_id, enrollments.joined_at AS enrollments_joined_at 
FROM enrollments 
WHERE enrollments.student_id = ? AND enrollments.class_id = ?
 LIMIT ? OFFSET ?
2026-08-17 15:24:33,981 INFO sqlalchemy.engine.Engine [cached since 1.708s ago] (21, 38, 1, 0)
2026-08-17 15:24:33,983 INFO sqlalchemy.engine.Engine ROLLBACK
127.0.0.1 - - [17/Aug/2026 15:24:33] "POST /join-class HTTP/1.1" 400 -
127.0.0.1 - - [17/Aug/2026 15:25:46] "OPTIONS /my-classes HTTP/1.1" 200 -
127.0.0.1 - - [17/Aug/2026 15:25:46] "OPTIONS /live-classes HTTP/1.1" 200 -
VERIFY SECRET: student_engagement_secret_key
TOKEN RECEIVED: eyJhbGciOiJIUzI1NiIsInR5cCI6IkpXVCJ9.eyJ1c2VyX2lkIjoyMSwicm9sZSI6InN0dWRlbnQiLCJleHAiOjE3ODcwNDY4NDF9.PlDEXZkYORFOkUJAGJRYAkTnJ7aOPPPpUqCuHKtHDJU
2026-08-17 15:25:46,442 INFO sqlalchemy.engine.Engine BEGIN (implicit)
2026-08-17 15:25:46,443 INFO sqlalchemy.engine.Engine SELECT classrooms.class_id AS classrooms_class_id, classrooms.classroom_name AS classrooms_classroom_name, classrooms.subject AS classrooms_subject, classrooms.semester AS classrooms_semester, classrooms.section AS classrooms_section, classrooms.teacher_id AS classrooms_teacher_id, classrooms.class_code AS classrooms_class_code, classrooms.meeting_link AS classrooms_meeting_link, classrooms.created_at AS classrooms_created_at 
FROM classrooms JOIN enrollments ON enrollments.class_id = classrooms.class_id 
WHERE enrollments.student_id = ?
2026-08-17 15:25:46,443 INFO sqlalchemy.engine.Engine [cached since 153.9s ago] (21,)
VERIFY SECRET: student_engagement_secret_key
TOKEN RECEIVED: eyJhbGciOiJIUzI1NiIsInR5cCI6IkpXVCJ9.eyJ1c2VyX2lkIjoyMSwicm9sZSI6InN0dWRlbnQiLCJleHAiOjE3ODcwNDY4NDF9.PlDEXZkYORFOkUJAGJRYAkTnJ7aOPPPpUqCuHKtHDJU
2026-08-17 15:25:46,449 INFO sqlalchemy.engine.Engine SELECT sessions.session_id AS sessions_session_id, sessions.class_id AS sessions_class_id, sessions.teacher_id AS sessions_teacher_id, sessions.start_time AS sessions_start_time, sessions.end_time AS sessions_end_time, sessions.is_active AS sessions_is_active 
FROM sessions 
WHERE sessions.class_id = ? ORDER BY sessions.session_id DESC
 LIMIT ? OFFSET ?
2026-08-17 15:25:46,450 INFO sqlalchemy.engine.Engine BEGIN (implicit)
2026-08-17 15:25:46,451 INFO sqlalchemy.engine.Engine [cached since 244.5s ago] (38, 1, 0)
2026-08-17 15:25:46,451 INFO sqlalchemy.engine.Engine SELECT sessions.session_id AS sessions_session_id, sessions.class_id AS sessions_class_id, sessions.teacher_id AS sessions_teacher_id, sessions.start_time AS sessions_start_time, sessions.end_time AS sessions_end_time, sessions.is_active AS sessions_is_active 
FROM sessions 
WHERE sessions.is_active = 1 ORDER BY sessions.start_time DESC
2026-08-17 15:25:46,452 INFO sqlalchemy.engine.Engine [cached since 153.9s ago] ()
2026-08-17 15:25:46,454 INFO sqlalchemy.engine.Engine SELECT count(*) AS count_1 
FROM (SELECT enrollments.enrollment_id AS enrollments_enrollment_id, enrollments.student_id AS enrollments_student_id, enrollments.class_id AS enrollments_class_id, enrollments.joined_at AS enrollments_joined_at 
FROM enrollments 
WHERE enrollments.class_id = ?) AS anon_1
2026-08-17 15:25:46,455 INFO sqlalchemy.engine.Engine [cached since 244.5s ago] (38,)
2026-08-17 15:25:46,457 INFO sqlalchemy.engine.Engine SELECT classrooms.class_id AS classrooms_class_id, classrooms.classroom_name AS classrooms_classroom_name, classrooms.subject AS classrooms_subject, classrooms.semester AS classrooms_semester, classrooms.section AS classrooms_section, classrooms.teacher_id AS classrooms_teacher_id, classrooms.class_code AS classrooms_class_code, classrooms.meeting_link AS classrooms_meeting_link, classrooms.created_at AS classrooms_created_at 
FROM classrooms 
WHERE classrooms.class_id = ?
 LIMIT ? OFFSET ?
2026-08-17 15:25:46,458 INFO sqlalchemy.engine.Engine SELECT DISTINCT engagement_records.student_id AS engagement_records_student_id 
FROM engagement_records 
WHERE engagement_records.session_id = ?
2026-08-17 15:25:46,458 INFO sqlalchemy.engine.Engine [cached since 244.6s ago] (38, 1, 0)
2026-08-17 15:25:46,459 INFO sqlalchemy.engine.Engine [cached since 244.5s ago] (39,)
2026-08-17 15:25:46,461 INFO sqlalchemy.engine.Engine SELECT teachers.teacher_id AS teachers_teacher_id, teachers.name AS teachers_name, teachers.email AS teachers_email, teachers.password_hash AS teachers_password_hash, teachers.department AS teachers_department, teachers.created_at AS teachers_created_at 
FROM teachers 
WHERE teachers.teacher_id = ?
 LIMIT ? OFFSET ?
2026-08-17 15:25:46,462 INFO sqlalchemy.engine.Engine [cached since 153.9s ago] (12, 1, 0)
2026-08-17 15:25:46,465 INFO sqlalchemy.engine.Engine SELECT engagement_records.engagement_score AS engagement_records_engagement_score 
FROM engagement_records 
WHERE engagement_records.session_id = ?
2026-08-17 15:25:46,465 INFO sqlalchemy.engine.Engine [cached since 244.5s ago] (39,)
2026-08-17 15:25:46,468 INFO sqlalchemy.engine.Engine SELECT count(*) AS count_1 
FROM (SELECT enrollments.enrollment_id AS enrollments_enrollment_id, enrollments.student_id AS enrollments_student_id, enrollments.class_id AS enrollments_class_id, enrollments.joined_at AS enrollments_joined_at 
FROM enrollments 
WHERE enrollments.class_id = ?) AS anon_1
2026-08-17 15:25:46,468 INFO sqlalchemy.engine.Engine [cached since 244.5s ago] (38,)
2026-08-17 15:25:46,470 INFO sqlalchemy.engine.Engine ROLLBACK
127.0.0.1 - - [17/Aug/2026 15:25:46] "GET /my-classes HTTP/1.1" 200 -
2026-08-17 15:25:46,473 INFO sqlalchemy.engine.Engine SELECT classrooms.class_id AS classrooms_class_id, classrooms.classroom_name AS classrooms_classroom_name, classrooms.subject AS classrooms_subject, classrooms.semester AS classrooms_semester, classrooms.section AS classrooms_section, classrooms.teacher_id AS classrooms_teacher_id, classrooms.class_code AS classrooms_class_code, classrooms.meeting_link AS classrooms_meeting_link, classrooms.created_at AS classrooms_created_at 
FROM classrooms 
WHERE classrooms.class_id = ?
 LIMIT ? OFFSET ?
2026-08-17 15:25:46,473 INFO sqlalchemy.engine.Engine [cached since 244.6s ago] (29, 1, 0)
2026-08-17 15:25:46,477 INFO sqlalchemy.engine.Engine SELECT teachers.teacher_id AS teachers_teacher_id, teachers.name AS teachers_name, teachers.email AS teachers_email, teachers.password_hash AS teachers_password_hash, teachers.department AS teachers_department, teachers.created_at AS teachers_created_at 
FROM teachers 
WHERE teachers.teacher_id = ?
 LIMIT ? OFFSET ?
2026-08-17 15:25:46,477 INFO sqlalchemy.engine.Engine [cached since 153.9s ago] (8, 1, 0)
2026-08-17 15:25:46,482 INFO sqlalchemy.engine.Engine SELECT count(*) AS count_1 
FROM (SELECT enrollments.enrollment_id AS enrollments_enrollment_id, enrollments.student_id AS enrollments_student_id, enrollments.class_id AS enrollments_class_id, enrollments.joined_at AS enrollments_joined_at 
FROM enrollments 
WHERE enrollments.class_id = ?) AS anon_1
2026-08-17 15:25:46,482 INFO sqlalchemy.engine.Engine [cached since 244.5s ago] (29,)
2026-08-17 15:25:46,484 INFO sqlalchemy.engine.Engine ROLLBACK
127.0.0.1 - - [17/Aug/2026 15:25:46] "GET /live-classes HTTP/1.1" 200 -
127.0.0.1 - - [17/Aug/2026 15:25:49] "OPTIONS /teacher/end-session/38 HTTP/1.1" 200 -
VERIFY SECRET: student_engagement_secret_key
TOKEN RECEIVED: eyJhbGciOiJIUzI1NiIsInR5cCI6IkpXVCJ9.eyJ1c2VyX2lkIjoxMiwicm9sZSI6InRlYWNoZXIiLCJleHAiOjE3ODcwNDY2ODl9.yVJ4JsVhsjAWFUrocHOh5y-w96y3VU9ozx9TBqOHixI
2026-08-17 15:25:49,085 INFO sqlalchemy.engine.Engine BEGIN (implicit)
2026-08-17 15:25:49,089 INFO sqlalchemy.engine.Engine SELECT sessions.session_id AS sessions_session_id, sessions.class_id AS sessions_class_id, sessions.teacher_id AS sessions_teacher_id, sessions.start_time AS sessions_start_time, sessions.end_time AS sessions_end_time, sessions.is_active AS sessions_is_active 
FROM sessions 
WHERE sessions.class_id = ? AND sessions.is_active = 1
 LIMIT ? OFFSET ?
2026-08-17 15:25:49,091 INFO sqlalchemy.engine.Engine [cached since 247.2s ago] (38, 1, 0)
2026-08-17 15:25:49,103 INFO sqlalchemy.engine.Engine UPDATE sessions SET end_time=CURRENT_TIMESTAMP, is_active=? WHERE sessions.session_id = ?
2026-08-17 15:25:49,104 INFO sqlalchemy.engine.Engine [generated in 0.00064s] (0, 39)
2026-08-17 15:25:49,110 INFO sqlalchemy.engine.Engine COMMIT
2026-08-17 15:25:49,119 INFO sqlalchemy.engine.Engine BEGIN (implicit)
2026-08-17 15:25:49,120 INFO sqlalchemy.engine.Engine SELECT sessions.session_id, sessions.class_id, sessions.teacher_id, sessions.start_time, sessions.end_time, sessions.is_active 
FROM sessions 
WHERE sessions.session_id = ?
2026-08-17 15:25:49,120 INFO sqlalchemy.engine.Engine [cached since 247.2s ago] (39,)
2026-08-17 15:25:49,123 INFO sqlalchemy.engine.Engine SELECT enrollments.enrollment_id AS enrollments_enrollment_id, enrollments.student_id AS enrollments_student_id, enrollments.class_id AS enrollments_class_id, enrollments.joined_at AS enrollments_joined_at 
FROM enrollments 
WHERE enrollments.class_id = ?
2026-08-17 15:25:49,123 INFO sqlalchemy.engine.Engine [generated in 0.00046s] (38,)
2026-08-17 15:25:49,131 INFO sqlalchemy.engine.Engine SELECT engagement_records.record_id AS engagement_records_record_id, engagement_records.session_id AS engagement_records_session_id, engagement_records.student_id AS engagement_records_student_id, engagement_records.timestamp AS engagement_records_timestamp, engagement_records.emotion AS engagement_records_emotion, engagement_records.blink_count AS engagement_records_blink_count, engagement_records.head_pose AS engagement_records_head_pose, engagement_records.gaze AS engagement_records_gaze, engagement_records.phone_detected AS engagement_records_phone_detected, engagement_records.multiple_person AS engagement_records_multiple_person, engagement_records.engagement_score AS engagement_records_engagement_score, engagement_records.engagement_status AS engagement_records_engagement_status, engagement_records.fps AS engagement_records_fps, engagement_records.extra_metrics AS engagement_records_extra_metrics, engagement_records.camera_status AS engagement_records_camera_status, engagement_records.internet_status AS engagement_records_internet_status, engagement_records.device_type AS engagement_records_device_type 
FROM engagement_records 
WHERE engagement_records.session_id = ? ORDER BY engagement_records.timestamp ASC
2026-08-17 15:25:49,132 INFO sqlalchemy.engine.Engine [generated in 0.00058s] (39,)
2026-08-17 15:25:49,142 INFO sqlalchemy.engine.Engine SELECT attendance.attendance_id AS attendance_attendance_id, attendance.student_id AS attendance_student_id, attendance.class_id AS attendance_class_id, attendance.session_id AS attendance_session_id, attendance.status AS attendance_status, attendance.created_at AS attendance_created_at 
FROM attendance 
WHERE attendance.session_id = ? AND attendance.student_id = ?
 LIMIT ? OFFSET ?
2026-08-17 15:25:49,143 INFO sqlalchemy.engine.Engine [generated in 0.00054s] (39, 21, 1, 0)
2026-08-17 15:25:49,146 INFO sqlalchemy.engine.Engine INSERT INTO attendance (student_id, class_id, session_id, status) VALUES (?, ?, ?, ?) RETURNING attendance_id, created_at
2026-08-17 15:25:49,147 INFO sqlalchemy.engine.Engine [generated in 0.00048s] (21, 38, 39, 1)
2026-08-17 15:25:49,151 INFO sqlalchemy.engine.Engine COMMIT
2026-08-17 15:25:49,162 INFO sqlalchemy.engine.Engine BEGIN (implicit)
2026-08-17 15:25:49,164 INFO sqlalchemy.engine.Engine SELECT attendance.attendance_id, attendance.student_id, attendance.class_id, attendance.session_id, attendance.status, attendance.created_at 
FROM attendance 
WHERE attendance.attendance_id = ?
2026-08-17 15:25:49,164 INFO sqlalchemy.engine.Engine [generated in 0.00055s] (24,)
2026-08-17 15:25:49,167 INFO sqlalchemy.engine.Engine SELECT sessions.session_id AS sessions_session_id, sessions.class_id AS sessions_class_id, sessions.teacher_id AS sessions_teacher_id, sessions.start_time AS sessions_start_time, sessions.end_time AS sessions_end_time, sessions.is_active AS sessions_is_active 
FROM sessions 
WHERE sessions.session_id = ?
2026-08-17 15:25:49,168 INFO sqlalchemy.engine.Engine [cached since 76.85s ago] (39,)
2026-08-17 15:25:49,271 INFO sqlalchemy.engine.Engine ROLLBACK
127.0.0.1 - - [17/Aug/2026 15:25:49] "POST /teacher/end-session/38 HTTP/1.1" 200 -
127.0.0.1 - - [17/Aug/2026 15:25:49] "OPTIONS /teacher/classrooms HTTP/1.1" 200 -
VERIFY SECRET: student_engagement_secret_key
TOKEN RECEIVED: eyJhbGciOiJIUzI1NiIsInR5cCI6IkpXVCJ9.eyJ1c2VyX2lkIjoxMiwicm9sZSI6InRlYWNoZXIiLCJleHAiOjE3ODcwNDY2ODl9.yVJ4JsVhsjAWFUrocHOh5y-w96y3VU9ozx9TBqOHixI
2026-08-17 15:25:49,346 INFO sqlalchemy.engine.Engine BEGIN (implicit)
2026-08-17 15:25:49,347 INFO sqlalchemy.engine.Engine SELECT classrooms.class_id AS classrooms_class_id, classrooms.classroom_name AS classrooms_classroom_name, classrooms.subject AS classrooms_subject, classrooms.semester AS classrooms_semester, classrooms.section AS classrooms_section, classrooms.teacher_id AS classrooms_teacher_id, classrooms.class_code AS classrooms_class_code, classrooms.meeting_link AS classrooms_meeting_link, classrooms.created_at AS classrooms_created_at 
FROM classrooms 
WHERE classrooms.teacher_id = ?
2026-08-17 15:25:49,347 INFO sqlalchemy.engine.Engine [cached since 259s ago] (12,)
2026-08-17 15:25:49,349 INFO sqlalchemy.engine.Engine SELECT sessions.session_id AS sessions_session_id, sessions.class_id AS sessions_class_id, sessions.teacher_id AS sessions_teacher_id, sessions.start_time AS sessions_start_time, sessions.end_time AS sessions_end_time, sessions.is_active AS sessions_is_active 
FROM sessions 
WHERE sessions.class_id = ? ORDER BY sessions.session_id DESC
 LIMIT ? OFFSET ?
2026-08-17 15:25:49,349 INFO sqlalchemy.engine.Engine [cached since 247.4s ago] (38, 1, 0)
2026-08-17 15:25:49,351 INFO sqlalchemy.engine.Engine SELECT count(*) AS count_1 
FROM (SELECT enrollments.enrollment_id AS enrollments_enrollment_id, enrollments.student_id AS enrollments_student_id, enrollments.class_id AS enrollments_class_id, enrollments.joined_at AS enrollments_joined_at 
FROM enrollments 
WHERE enrollments.class_id = ?) AS anon_1
2026-08-17 15:25:49,351 INFO sqlalchemy.engine.Engine [cached since 247.4s ago] (38,)
2026-08-17 15:25:49,354 INFO sqlalchemy.engine.Engine SELECT attendance.attendance_id AS attendance_attendance_id, attendance.student_id AS attendance_student_id, attendance.class_id AS attendance_class_id, attendance.session_id AS attendance_session_id, attendance.status AS attendance_status, attendance.created_at AS attendance_created_at 
FROM attendance 
WHERE attendance.session_id = ? AND attendance.status = ?
2026-08-17 15:25:49,354 INFO sqlalchemy.engine.Engine [generated in 0.00066s] (39, 1)
2026-08-17 15:25:49,356 INFO sqlalchemy.engine.Engine SELECT engagement_records.engagement_score AS engagement_records_engagement_score 
FROM engagement_records 
WHERE engagement_records.session_id = ?
2026-08-17 15:25:49,357 INFO sqlalchemy.engine.Engine [cached since 247.4s ago] (39,)
2026-08-17 15:25:49,359 INFO sqlalchemy.engine.Engine ROLLBACK
127.0.0.1 - - [17/Aug/2026 15:25:49] "GET /teacher/classrooms HTTP/1.1" 200 -
127.0.0.1 - - [17/Aug/2026 15:25:51] "OPTIONS /teacher/classroom/38/history HTTP/1.1" 200 -
VERIFY SECRET: student_engagement_secret_key
TOKEN RECEIVED: eyJhbGciOiJIUzI1NiIsInR5cCI6IkpXVCJ9.eyJ1c2VyX2lkIjoxMiwicm9sZSI6InRlYWNoZXIiLCJleHAiOjE3ODcwNDY2ODl9.yVJ4JsVhsjAWFUrocHOh5y-w96y3VU9ozx9TBqOHixI
2026-08-17 15:25:51,086 INFO sqlalchemy.engine.Engine BEGIN (implicit)
2026-08-17 15:25:51,087 INFO sqlalchemy.engine.Engine SELECT classrooms.class_id AS classrooms_class_id, classrooms.classroom_name AS classrooms_classroom_name, classrooms.subject AS classrooms_subject, classrooms.semester AS classrooms_semester, classrooms.section AS classrooms_section, classrooms.teacher_id AS classrooms_teacher_id, classrooms.class_code AS classrooms_class_code, classrooms.meeting_link AS classrooms_meeting_link, classrooms.created_at AS classrooms_created_at 
FROM classrooms 
WHERE classrooms.class_id = ?
 LIMIT ? OFFSET ?
2026-08-17 15:25:51,087 INFO sqlalchemy.engine.Engine [cached since 249.2s ago] (38, 1, 0)
2026-08-17 15:25:51,090 INFO sqlalchemy.engine.Engine SELECT sessions.session_id AS sessions_session_id, sessions.class_id AS sessions_class_id, sessions.teacher_id AS sessions_teacher_id, sessions.start_time AS sessions_start_time, sessions.end_time AS sessions_end_time, sessions.is_active AS sessions_is_active 
FROM sessions 
WHERE sessions.class_id = ? ORDER BY sessions.session_id DESC
 LIMIT ? OFFSET ?
2026-08-17 15:25:51,091 INFO sqlalchemy.engine.Engine [cached since 249.1s ago] (38, 1, 0)
2026-08-17 15:25:51,095 INFO sqlalchemy.engine.Engine SELECT DISTINCT students.student_id AS students_student_id, students.name AS students_name, students.usn AS students_usn 
FROM students JOIN engagement_records ON engagement_records.student_id = students.student_id 
WHERE engagement_records.session_id = ?
2026-08-17 15:25:51,095 INFO sqlalchemy.engine.Engine [generated in 0.00055s] (39,)
2026-08-17 15:25:51,102 INFO sqlalchemy.engine.Engine SELECT engagement_records.record_id AS engagement_records_record_id, engagement_records.session_id AS engagement_records_session_id, engagement_records.student_id AS engagement_records_student_id, engagement_records.timestamp AS engagement_records_timestamp, engagement_records.emotion AS engagement_records_emotion, engagement_records.blink_count AS engagement_records_blink_count, engagement_records.head_pose AS engagement_records_head_pose, engagement_records.gaze AS engagement_records_gaze, engagement_records.phone_detected AS engagement_records_phone_detected, engagement_records.multiple_person AS engagement_records_multiple_person, engagement_records.engagement_score AS engagement_records_engagement_score, engagement_records.engagement_status AS engagement_records_engagement_status, engagement_records.fps AS engagement_records_fps, engagement_records.extra_metrics AS engagement_records_extra_metrics, engagement_records.camera_status AS engagement_records_camera_status, engagement_records.internet_status AS engagement_records_internet_status, engagement_records.device_type AS engagement_records_device_type 
FROM engagement_records 
WHERE engagement_records.session_id = ? AND engagement_records.student_id = ? ORDER BY engagement_records.timestamp ASC
2026-08-17 15:25:51,103 INFO sqlalchemy.engine.Engine [generated in 0.00071s] (39, 21)
2026-08-17 15:25:51,111 INFO sqlalchemy.engine.Engine SELECT attendance.attendance_id AS attendance_attendance_id, attendance.student_id AS attendance_student_id, attendance.class_id AS attendance_class_id, attendance.session_id AS attendance_session_id, attendance.status AS attendance_status, attendance.created_at AS attendance_created_at 
FROM attendance 
WHERE attendance.session_id = ? AND attendance.student_id = ?
 LIMIT ? OFFSET ?
2026-08-17 15:25:51,111 INFO sqlalchemy.engine.Engine [cached since 1.969s ago] (39, 21, 1, 0)
2026-08-17 15:25:51,117 INFO sqlalchemy.engine.Engine SELECT alerts.alert_type AS alerts_alert_type, count(alerts.alert_id) AS count_1 
FROM alerts 
WHERE alerts.session_id = ? AND alerts.student_id = ? GROUP BY alerts.alert_type
2026-08-17 15:25:51,117 INFO sqlalchemy.engine.Engine [generated in 0.00092s] (39, 21)
2026-08-17 15:25:51,123 INFO sqlalchemy.engine.Engine ROLLBACK
127.0.0.1 - - [17/Aug/2026 15:25:51] "GET /teacher/classroom/38/history HTTP/1.1" 200 -
127.0.0.1 - - [17/Aug/2026 15:26:46] "OPTIONS /live-classes HTTP/1.1" 200 -
VERIFY SECRET: student_engagement_secret_key
TOKEN RECEIVED: eyJhbGciOiJIUzI1NiIsInR5cCI6IkpXVCJ9.eyJ1c2VyX2lkIjoyMSwicm9sZSI6InN0dWRlbnQiLCJleHAiOjE3ODcwNDY4NDF9.PlDEXZkYORFOkUJAGJRYAkTnJ7aOPPPpUqCuHKtHDJU
2026-08-17 15:26:46,520 INFO sqlalchemy.engine.Engine BEGIN (implicit)
2026-08-17 15:26:46,521 INFO sqlalchemy.engine.Engine SELECT sessions.session_id AS sessions_session_id, sessions.class_id AS sessions_class_id, sessions.teacher_id AS sessions_teacher_id, sessions.start_time AS sessions_start_time, sessions.end_time AS sessions_end_time, sessions.is_active AS sessions_is_active 
FROM sessions 
WHERE sessions.is_active = 1 ORDER BY sessions.start_time DESC
2026-08-17 15:26:46,522 INFO sqlalchemy.engine.Engine [cached since 214s ago] ()
2026-08-17 15:26:46,524 INFO sqlalchemy.engine.Engine SELECT classrooms.class_id AS classrooms_class_id, classrooms.classroom_name AS classrooms_classroom_name, classrooms.subject AS classrooms_subject, classrooms.semester AS classrooms_semester, classrooms.section AS classrooms_section, classrooms.teacher_id AS classrooms_teacher_id, classrooms.class_code AS classrooms_class_code, classrooms.meeting_link AS classrooms_meeting_link, classrooms.created_at AS classrooms_created_at 
FROM classrooms 
WHERE classrooms.class_id = ?
 LIMIT ? OFFSET ?
2026-08-17 15:26:46,524 INFO sqlalchemy.engine.Engine [cached since 304.7s ago] (29, 1, 0)
2026-08-17 15:26:46,529 INFO sqlalchemy.engine.Engine SELECT teachers.teacher_id AS teachers_teacher_id, teachers.name AS teachers_name, teachers.email AS teachers_email, teachers.password_hash AS teachers_password_hash, teachers.department AS teachers_department, teachers.created_at AS teachers_created_at 
FROM teachers 
WHERE teachers.teacher_id = ?
 LIMIT ? OFFSET ?
2026-08-17 15:26:46,530 INFO sqlalchemy.engine.Engine [cached since 214s ago] (8, 1, 0)
2026-08-17 15:26:46,533 INFO sqlalchemy.engine.Engine SELECT count(*) AS count_1 
FROM (SELECT enrollments.enrollment_id AS enrollments_enrollment_id, enrollments.student_id AS enrollments_student_id, enrollments.class_id AS enrollments_class_id, enrollments.joined_at AS enrollments_joined_at 
FROM enrollments 
WHERE enrollments.class_id = ?) AS anon_1
2026-08-17 15:26:46,533 INFO sqlalchemy.engine.Engine [cached since 304.6s ago] (29,)
2026-08-17 15:26:46,535 INFO sqlalchemy.engine.Engine ROLLBACK
127.0.0.1 - - [17/Aug/2026 15:26:46] "GET /live-classes HTTP/1.1" 200 -
127.0.0.1 - - [17/Aug/2026 15:26:54] "OPTIONS /teacher/classrooms HTTP/1.1" 200 -
VERIFY SECRET: student_engagement_secret_key
TOKEN RECEIVED: eyJhbGciOiJIUzI1NiIsInR5cCI6IkpXVCJ9.eyJ1c2VyX2lkIjoxMiwicm9sZSI6InRlYWNoZXIiLCJleHAiOjE3ODcwNDY2ODl9.yVJ4JsVhsjAWFUrocHOh5y-w96y3VU9ozx9TBqOHixI
2026-08-17 15:26:54,885 INFO sqlalchemy.engine.Engine BEGIN (implicit)
2026-08-17 15:26:54,886 INFO sqlalchemy.engine.Engine SELECT classrooms.class_id AS classrooms_class_id, classrooms.classroom_name AS classrooms_classroom_name, classrooms.subject AS classrooms_subject, classrooms.semester AS classrooms_semester, classrooms.section AS classrooms_section, classrooms.teacher_id AS classrooms_teacher_id, classrooms.class_code AS classrooms_class_code, classrooms.meeting_link AS classrooms_meeting_link, classrooms.created_at AS classrooms_created_at 
FROM classrooms 
WHERE classrooms.teacher_id = ?
2026-08-17 15:26:54,886 INFO sqlalchemy.engine.Engine [cached since 324.5s ago] (12,)
2026-08-17 15:26:54,889 INFO sqlalchemy.engine.Engine SELECT sessions.session_id AS sessions_session_id, sessions.class_id AS sessions_class_id, sessions.teacher_id AS sessions_teacher_id, sessions.start_time AS sessions_start_time, sessions.end_time AS sessions_end_time, sessions.is_active AS sessions_is_active 
FROM sessions 
WHERE sessions.class_id = ? ORDER BY sessions.session_id DESC
 LIMIT ? OFFSET ?
2026-08-17 15:26:54,889 INFO sqlalchemy.engine.Engine [cached since 312.9s ago] (38, 1, 0)
2026-08-17 15:26:54,891 INFO sqlalchemy.engine.Engine SELECT count(*) AS count_1 
FROM (SELECT enrollments.enrollment_id AS enrollments_enrollment_id, enrollments.student_id AS enrollments_student_id, enrollments.class_id AS enrollments_class_id, enrollments.joined_at AS enrollments_joined_at 
FROM enrollments 
WHERE enrollments.class_id = ?) AS anon_1
2026-08-17 15:26:54,892 INFO sqlalchemy.engine.Engine [cached since 312.9s ago] (38,)
2026-08-17 15:26:54,893 INFO sqlalchemy.engine.Engine SELECT attendance.attendance_id AS attendance_attendance_id, attendance.student_id AS attendance_student_id, attendance.class_id AS attendance_class_id, attendance.session_id AS attendance_session_id, attendance.status AS attendance_status, attendance.created_at AS attendance_created_at 
FROM attendance 
WHERE attendance.session_id = ? AND attendance.status = ?
2026-08-17 15:26:54,894 INFO sqlalchemy.engine.Engine [cached since 65.54s ago] (39, 1)
2026-08-17 15:26:54,896 INFO sqlalchemy.engine.Engine SELECT engagement_records.engagement_score AS engagement_records_engagement_score 
FROM engagement_records 
WHERE engagement_records.session_id = ?
2026-08-17 15:26:54,896 INFO sqlalchemy.engine.Engine [cached since 312.9s ago] (39,)
2026-08-17 15:26:54,899 INFO sqlalchemy.engine.Engine ROLLBACK
127.0.0.1 - - [17/Aug/2026 15:26:54] "GET /teacher/classrooms HTTP/1.1" 200 -
127.0.0.1 - - [17/Aug/2026 15:27:05] "OPTIONS /my-classes HTTP/1.1" 200 -
127.0.0.1 - - [17/Aug/2026 15:27:05] "OPTIONS /live-classes HTTP/1.1" 200 -
VERIFY SECRET: student_engagement_secret_key
TOKEN RECEIVED: eyJhbGciOiJIUzI1NiIsInR5cCI6IkpXVCJ9.eyJ1c2VyX2lkIjoyMSwicm9sZSI6InN0dWRlbnQiLCJleHAiOjE3ODcwNDY4NDF9.PlDEXZkYORFOkUJAGJRYAkTnJ7aOPPPpUqCuHKtHDJU
2026-08-17 15:27:05,407 INFO sqlalchemy.engine.Engine BEGIN (implicit)
2026-08-17 15:27:05,408 INFO sqlalchemy.engine.Engine SELECT classrooms.class_id AS classrooms_class_id, classrooms.classroom_name AS classrooms_classroom_name, classrooms.subject AS classrooms_subject, classrooms.semester AS classrooms_semester, classrooms.section AS classrooms_section, classrooms.teacher_id AS classrooms_teacher_id, classrooms.class_code AS classrooms_class_code, classrooms.meeting_link AS classrooms_meeting_link, classrooms.created_at AS classrooms_created_at 
FROM classrooms JOIN enrollments ON enrollments.class_id = classrooms.class_id 
WHERE enrollments.student_id = ?
2026-08-17 15:27:05,409 INFO sqlalchemy.engine.Engine [cached since 232.9s ago] (21,)
VERIFY SECRET: student_engagement_secret_key
TOKEN RECEIVED: eyJhbGciOiJIUzI1NiIsInR5cCI6IkpXVCJ9.eyJ1c2VyX2lkIjoyMSwicm9sZSI6InN0dWRlbnQiLCJleHAiOjE3ODcwNDY4NDF9.PlDEXZkYORFOkUJAGJRYAkTnJ7aOPPPpUqCuHKtHDJU
2026-08-17 15:27:05,411 INFO sqlalchemy.engine.Engine BEGIN (implicit)
2026-08-17 15:27:05,412 INFO sqlalchemy.engine.Engine SELECT sessions.session_id AS sessions_session_id, sessions.class_id AS sessions_class_id, sessions.teacher_id AS sessions_teacher_id, sessions.start_time AS sessions_start_time, sessions.end_time AS sessions_end_time, sessions.is_active AS sessions_is_active 
FROM sessions 
WHERE sessions.is_active = 1 ORDER BY sessions.start_time DESC
2026-08-17 15:27:05,413 INFO sqlalchemy.engine.Engine [cached since 232.9s ago] ()
2026-08-17 15:27:05,414 INFO sqlalchemy.engine.Engine SELECT sessions.session_id AS sessions_session_id, sessions.class_id AS sessions_class_id, sessions.teacher_id AS sessions_teacher_id, sessions.start_time AS sessions_start_time, sessions.end_time AS sessions_end_time, sessions.is_active AS sessions_is_active 
FROM sessions 
WHERE sessions.class_id = ? ORDER BY sessions.session_id DESC
 LIMIT ? OFFSET ?
2026-08-17 15:27:05,415 INFO sqlalchemy.engine.Engine [cached since 323.5s ago] (38, 1, 0)
2026-08-17 15:27:05,416 INFO sqlalchemy.engine.Engine SELECT classrooms.class_id AS classrooms_class_id, classrooms.classroom_name AS classrooms_classroom_name, classrooms.subject AS classrooms_subject, classrooms.semester AS classrooms_semester, classrooms.section AS classrooms_section, classrooms.teacher_id AS classrooms_teacher_id, classrooms.class_code AS classrooms_class_code, classrooms.meeting_link AS classrooms_meeting_link, classrooms.created_at AS classrooms_created_at 
FROM classrooms 
WHERE classrooms.class_id = ?
 LIMIT ? OFFSET ?
2026-08-17 15:27:05,417 INFO sqlalchemy.engine.Engine [cached since 323.6s ago] (29, 1, 0)
2026-08-17 15:27:05,418 INFO sqlalchemy.engine.Engine SELECT count(*) AS count_1 
FROM (SELECT enrollments.enrollment_id AS enrollments_enrollment_id, enrollments.student_id AS enrollments_student_id, enrollments.class_id AS enrollments_class_id, enrollments.joined_at AS enrollments_joined_at 
FROM enrollments 
WHERE enrollments.class_id = ?) AS anon_1
2026-08-17 15:27:05,419 INFO sqlalchemy.engine.Engine [cached since 323.4s ago] (38,)
2026-08-17 15:27:05,421 INFO sqlalchemy.engine.Engine SELECT teachers.teacher_id AS teachers_teacher_id, teachers.name AS teachers_name, teachers.email AS teachers_email, teachers.password_hash AS teachers_password_hash, teachers.department AS teachers_department, teachers.created_at AS teachers_created_at 
FROM teachers 
WHERE teachers.teacher_id = ?
 LIMIT ? OFFSET ?
2026-08-17 15:27:05,423 INFO sqlalchemy.engine.Engine [cached since 232.9s ago] (8, 1, 0)
2026-08-17 15:27:05,423 INFO sqlalchemy.engine.Engine SELECT attendance.attendance_id AS attendance_attendance_id, attendance.student_id AS attendance_student_id, attendance.class_id AS attendance_class_id, attendance.session_id AS attendance_session_id, attendance.status AS attendance_status, attendance.created_at AS attendance_created_at 
FROM attendance 
WHERE attendance.session_id = ? AND attendance.status = ?
2026-08-17 15:27:05,427 INFO sqlalchemy.engine.Engine [cached since 76.07s ago] (39, 1)
2026-08-17 15:27:05,426 INFO sqlalchemy.engine.Engine SELECT count(*) AS count_1 
FROM (SELECT enrollments.enrollment_id AS enrollments_enrollment_id, enrollments.student_id AS enrollments_student_id, enrollments.class_id AS enrollments_class_id, enrollments.joined_at AS enrollments_joined_at 
FROM enrollments 
WHERE enrollments.class_id = ?) AS anon_1
2026-08-17 15:27:05,429 INFO sqlalchemy.engine.Engine SELECT engagement_records.engagement_score AS engagement_records_engagement_score 
FROM engagement_records 
WHERE engagement_records.session_id = ?
2026-08-17 15:27:05,429 INFO sqlalchemy.engine.Engine [cached since 323.4s ago] (29,)
2026-08-17 15:27:05,429 INFO sqlalchemy.engine.Engine [cached since 323.4s ago] (39,)
2026-08-17 15:27:05,431 INFO sqlalchemy.engine.Engine ROLLBACK
127.0.0.1 - - [17/Aug/2026 15:27:05] "GET /live-classes HTTP/1.1" 200 -
2026-08-17 15:27:05,433 INFO sqlalchemy.engine.Engine ROLLBACK
127.0.0.1 - - [17/Aug/2026 15:27:05] "GET /my-classes HTTP/1.1" 200 -
127.0.0.1 - - [17/Aug/2026 15:27:15] "OPTIONS /live-classes HTTP/1.1" 200 -
VERIFY SECRET: student_engagement_secret_key
TOKEN RECEIVED: eyJhbGciOiJIUzI1NiIsInR5cCI6IkpXVCJ9.eyJ1c2VyX2lkIjoyMSwicm9sZSI6InN0dWRlbnQiLCJleHAiOjE3ODcwNDY4NDF9.PlDEXZkYORFOkUJAGJRYAkTnJ7aOPPPpUqCuHKtHDJU
2026-08-17 15:27:15,832 INFO sqlalchemy.engine.Engine BEGIN (implicit)
2026-08-17 15:27:15,833 INFO sqlalchemy.engine.Engine SELECT sessions.session_id AS sessions_session_id, sessions.class_id AS sessions_class_id, sessions.teacher_id AS sessions_teacher_id, sessions.start_time AS sessions_start_time, sessions.end_time AS sessions_end_time, sessions.is_active AS sessions_is_active 
FROM sessions 
WHERE sessions.is_active = 1 ORDER BY sessions.start_time DESC
2026-08-17 15:27:15,833 INFO sqlalchemy.engine.Engine [cached since 243.3s ago] ()
2026-08-17 15:27:15,835 INFO sqlalchemy.engine.Engine SELECT classrooms.class_id AS classrooms_class_id, classrooms.classroom_name AS classrooms_classroom_name, classrooms.subject AS classrooms_subject, classrooms.semester AS classrooms_semester, classrooms.section AS classrooms_section, classrooms.teacher_id AS classrooms_teacher_id, classrooms.class_code AS classrooms_class_code, classrooms.meeting_link AS classrooms_meeting_link, classrooms.created_at AS classrooms_created_at 
FROM classrooms 
WHERE classrooms.class_id = ?
 LIMIT ? OFFSET ?
2026-08-17 15:27:15,836 INFO sqlalchemy.engine.Engine [cached since 334s ago] (29, 1, 0)
2026-08-17 15:27:15,837 INFO sqlalchemy.engine.Engine SELECT teachers.teacher_id AS teachers_teacher_id, teachers.name AS teachers_name, teachers.email AS teachers_email, teachers.password_hash AS teachers_password_hash, teachers.department AS teachers_department, teachers.created_at AS teachers_created_at 
FROM teachers 
WHERE teachers.teacher_id = ?
 LIMIT ? OFFSET ?
2026-08-17 15:27:15,838 INFO sqlalchemy.engine.Engine [cached since 243.3s ago] (8, 1, 0)
2026-08-17 15:27:15,841 INFO sqlalchemy.engine.Engine SELECT count(*) AS count_1 
FROM (SELECT enrollments.enrollment_id AS enrollments_enrollment_id, enrollments.student_id AS enrollments_student_id, enrollments.class_id AS enrollments_class_id, enrollments.joined_at AS enrollments_joined_at 
FROM enrollments 
WHERE enrollments.class_id = ?) AS anon_1
2026-08-17 15:27:15,841 INFO sqlalchemy.engine.Engine [cached since 333.9s ago] (29,)
2026-08-17 15:27:15,843 INFO sqlalchemy.engine.Engine ROLLBACK
127.0.0.1 - - [17/Aug/2026 15:27:15] "GET /live-classes HTTP/1.1" 200 -
127.0.0.1 - - [17/Aug/2026 15:27:19] "OPTIONS /face/verify-live HTTP/1.1" 200 -
VERIFY SECRET: student_engagement_secret_key
TOKEN RECEIVED: eyJhbGciOiJIUzI1NiIsInR5cCI6IkpXVCJ9.eyJ1c2VyX2lkIjoyMSwicm9sZSI6InN0dWRlbnQiLCJleHAiOjE3ODcwNDY4NDF9.PlDEXZkYORFOkUJAGJRYAkTnJ7aOPPPpUqCuHKtHDJU
2026-08-17 15:27:19,630 INFO sqlalchemy.engine.Engine BEGIN (implicit)
2026-08-17 15:27:19,630 INFO sqlalchemy.engine.Engine SELECT face_registrations.face_id AS face_registrations_face_id, face_registrations.student_id AS face_registrations_student_id, face_registrations.embedding AS face_registrations_embedding, face_registrations.created_at AS face_registrations_created_at 
FROM face_registrations 
WHERE face_registrations.student_id = ?
 LIMIT ? OFFSET ?
2026-08-17 15:27:19,631 INFO sqlalchemy.engine.Engine [cached since 242.7s ago] (21, 1, 0)
2026-08-17 15:27:22,070 INFO sqlalchemy.engine.Engine ROLLBACK
127.0.0.1 - - [17/Aug/2026 15:27:22] "POST /face/verify-live HTTP/1.1" 200 -
127.0.0.1 - - [17/Aug/2026 15:27:22] "OPTIONS /join-live-class HTTP/1.1" 200 -
VERIFY SECRET: student_engagement_secret_key
TOKEN RECEIVED: eyJhbGciOiJIUzI1NiIsInR5cCI6IkpXVCJ9.eyJ1c2VyX2lkIjoyMSwicm9sZSI6InN0dWRlbnQiLCJleHAiOjE3ODcwNDY4NDF9.PlDEXZkYORFOkUJAGJRYAkTnJ7aOPPPpUqCuHKtHDJU
2026-08-17 15:27:22,094 INFO sqlalchemy.engine.Engine BEGIN (implicit)
2026-08-17 15:27:22,096 INFO sqlalchemy.engine.Engine SELECT classrooms.class_id AS classrooms_class_id, classrooms.classroom_name AS classrooms_classroom_name, classrooms.subject AS classrooms_subject, classrooms.semester AS classrooms_semester, classrooms.section AS classrooms_section, classrooms.teacher_id AS classrooms_teacher_id, classrooms.class_code AS classrooms_class_code, classrooms.meeting_link AS classrooms_meeting_link, classrooms.created_at AS classrooms_created_at 
FROM classrooms 
WHERE classrooms.class_id = ?
 LIMIT ? OFFSET ?
2026-08-17 15:27:22,096 INFO sqlalchemy.engine.Engine [cached since 340.2s ago] (29, 1, 0)
2026-08-17 15:27:22,099 INFO sqlalchemy.engine.Engine SELECT sessions.session_id AS sessions_session_id, sessions.class_id AS sessions_class_id, sessions.teacher_id AS sessions_teacher_id, sessions.start_time AS sessions_start_time, sessions.end_time AS sessions_end_time, sessions.is_active AS sessions_is_active 
FROM sessions 
WHERE sessions.class_id = ? AND sessions.is_active = 1
 LIMIT ? OFFSET ?
2026-08-17 15:27:22,100 INFO sqlalchemy.engine.Engine [cached since 340.2s ago] (29, 1, 0)
2026-08-17 15:27:22,103 INFO sqlalchemy.engine.Engine SELECT enrollments.enrollment_id AS enrollments_enrollment_id, enrollments.student_id AS enrollments_student_id, enrollments.class_id AS enrollments_class_id, enrollments.joined_at AS enrollments_joined_at 
FROM enrollments 
WHERE enrollments.student_id = ? AND enrollments.class_id = ?
 LIMIT ? OFFSET ?
2026-08-17 15:27:22,104 INFO sqlalchemy.engine.Engine [cached since 169.8s ago] (21, 29, 1, 0)
2026-08-17 15:27:22,106 INFO sqlalchemy.engine.Engine INSERT INTO enrollments (student_id, class_id) VALUES (?, ?) RETURNING enrollment_id, joined_at
2026-08-17 15:27:22,107 INFO sqlalchemy.engine.Engine [cached since 169.8s ago] (21, 29)
2026-08-17 15:27:22,112 INFO sqlalchemy.engine.Engine COMMIT
2026-08-17 15:27:22,123 INFO sqlalchemy.engine.Engine BEGIN (implicit)
2026-08-17 15:27:22,124 INFO sqlalchemy.engine.Engine SELECT enrollments.enrollment_id, enrollments.student_id, enrollments.class_id, enrollments.joined_at 
FROM enrollments 
WHERE enrollments.enrollment_id = ?
2026-08-17 15:27:22,125 INFO sqlalchemy.engine.Engine [cached since 169.8s ago] (32,)
2026-08-17 15:27:22,128 INFO sqlalchemy.engine.Engine SELECT classrooms.class_id AS classrooms_class_id, classrooms.classroom_name AS classrooms_classroom_name, classrooms.subject AS classrooms_subject, classrooms.semester AS classrooms_semester, classrooms.section AS classrooms_section, classrooms.teacher_id AS classrooms_teacher_id, classrooms.class_code AS classrooms_class_code, classrooms.meeting_link AS classrooms_meeting_link, classrooms.created_at AS classrooms_created_at 
FROM classrooms 
WHERE classrooms.class_id = ?
2026-08-17 15:27:22,129 INFO sqlalchemy.engine.Engine [cached since 169.8s ago] (29,)
2026-08-17 15:27:22,131 INFO sqlalchemy.engine.Engine SELECT sessions.session_id AS sessions_session_id, sessions.class_id AS sessions_class_id, sessions.teacher_id AS sessions_teacher_id, sessions.start_time AS sessions_start_time, sessions.end_time AS sessions_end_time, sessions.is_active AS sessions_is_active 
FROM sessions 
WHERE sessions.session_id = ?
2026-08-17 15:27:22,132 INFO sqlalchemy.engine.Engine [cached since 169.8s ago] (29,)
2026-08-17 15:27:22,133 INFO sqlalchemy.engine.Engine ROLLBACK
127.0.0.1 - - [17/Aug/2026 15:27:22] "POST /join-live-class HTTP/1.1" 200 -
127.0.0.1 - - [17/Aug/2026 15:27:24] "OPTIONS /join-class HTTP/1.1" 200 -
VERIFY SECRET: student_engagement_secret_key
TOKEN RECEIVED: eyJhbGciOiJIUzI1NiIsInR5cCI6IkpXVCJ9.eyJ1c2VyX2lkIjoyMSwicm9sZSI6InN0dWRlbnQiLCJleHAiOjE3ODcwNDY4NDF9.PlDEXZkYORFOkUJAGJRYAkTnJ7aOPPPpUqCuHKtHDJU
2026-08-17 15:27:24,195 INFO sqlalchemy.engine.Engine BEGIN (implicit)
2026-08-17 15:27:24,196 INFO sqlalchemy.engine.Engine SELECT classrooms.class_id AS classrooms_class_id, classrooms.classroom_name AS classrooms_classroom_name, classrooms.subject AS classrooms_subject, classrooms.semester AS classrooms_semester, classrooms.section AS classrooms_section, classrooms.teacher_id AS classrooms_teacher_id, classrooms.class_code AS classrooms_class_code, classrooms.meeting_link AS classrooms_meeting_link, classrooms.created_at AS classrooms_created_at 
FROM classrooms 
WHERE classrooms.class_code = ?
 LIMIT ? OFFSET ?
2026-08-17 15:27:24,197 INFO sqlalchemy.engine.Engine [cached since 342.4s ago] ('29', 1, 0)
2026-08-17 15:27:24,201 INFO sqlalchemy.engine.Engine SELECT classrooms.class_id AS classrooms_class_id, classrooms.classroom_name AS classrooms_classroom_name, classrooms.subject AS classrooms_subject, classrooms.semester AS classrooms_semester, classrooms.section AS classrooms_section, classrooms.teacher_id AS classrooms_teacher_id, classrooms.class_code AS classrooms_class_code, classrooms.meeting_link AS classrooms_meeting_link, classrooms.created_at AS classrooms_created_at 
FROM classrooms 
WHERE classrooms.class_id = ?
 LIMIT ? OFFSET ?
2026-08-17 15:27:24,201 INFO sqlalchemy.engine.Engine [cached since 342.3s ago] (29, 1, 0)
2026-08-17 15:27:24,204 INFO sqlalchemy.engine.Engine SELECT enrollments.enrollment_id AS enrollments_enrollment_id, enrollments.student_id AS enrollments_student_id, enrollments.class_id AS enrollments_class_id, enrollments.joined_at AS enrollments_joined_at 
FROM enrollments 
WHERE enrollments.student_id = ? AND enrollments.class_id = ?
 LIMIT ? OFFSET ?
2026-08-17 15:27:24,204 INFO sqlalchemy.engine.Engine [cached since 171.9s ago] (21, 29, 1, 0)
2026-08-17 15:27:24,207 INFO sqlalchemy.engine.Engine ROLLBACK
127.0.0.1 - - [17/Aug/2026 15:27:24] "POST /join-class HTTP/1.1" 400 -
127.0.0.1 - - [17/Aug/2026 15:27:30] "OPTIONS /my-classes HTTP/1.1" 200 -
VERIFY SECRET: student_engagement_secret_key
TOKEN RECEIVED: eyJhbGciOiJIUzI1NiIsInR5cCI6IkpXVCJ9.eyJ1c2VyX2lkIjoyMSwicm9sZSI6InN0dWRlbnQiLCJleHAiOjE3ODcwNDY4NDF9.PlDEXZkYORFOkUJAGJRYAkTnJ7aOPPPpUqCuHKtHDJU
2026-08-17 15:27:30,375 INFO sqlalchemy.engine.Engine BEGIN (implicit)
2026-08-17 15:27:30,377 INFO sqlalchemy.engine.Engine SELECT classrooms.class_id AS classrooms_class_id, classrooms.classroom_name AS classrooms_classroom_name, classrooms.subject AS classrooms_subject, classrooms.semester AS classrooms_semester, classrooms.section AS classrooms_section, classrooms.teacher_id AS classrooms_teacher_id, classrooms.class_code AS classrooms_class_code, classrooms.meeting_link AS classrooms_meeting_link, classrooms.created_at AS classrooms_created_at 
FROM classrooms JOIN enrollments ON enrollments.class_id = classrooms.class_id 
WHERE enrollments.student_id = ?
2026-08-17 15:27:30,377 INFO sqlalchemy.engine.Engine [cached since 257.9s ago] (21,)
2026-08-17 15:27:30,387 INFO sqlalchemy.engine.Engine SELECT sessions.session_id AS sessions_session_id, sessions.class_id AS sessions_class_id, sessions.teacher_id AS sessions_teacher_id, sessions.start_time AS sessions_start_time, sessions.end_time AS sessions_end_time, sessions.is_active AS sessions_is_active 
FROM sessions 
WHERE sessions.class_id = ? ORDER BY sessions.session_id DESC
 LIMIT ? OFFSET ?
2026-08-17 15:27:30,387 INFO sqlalchemy.engine.Engine [cached since 348.4s ago] (38, 1, 0)
2026-08-17 15:27:30,389 INFO sqlalchemy.engine.Engine SELECT count(*) AS count_1 
FROM (SELECT enrollments.enrollment_id AS enrollments_enrollment_id, enrollments.student_id AS enrollments_student_id, enrollments.class_id AS enrollments_class_id, enrollments.joined_at AS enrollments_joined_at 
FROM enrollments 
WHERE enrollments.class_id = ?) AS anon_1
2026-08-17 15:27:30,390 INFO sqlalchemy.engine.Engine [cached since 348.4s ago] (38,)
2026-08-17 15:27:30,392 INFO sqlalchemy.engine.Engine SELECT attendance.attendance_id AS attendance_attendance_id, attendance.student_id AS attendance_student_id, attendance.class_id AS attendance_class_id, attendance.session_id AS attendance_session_id, attendance.status AS attendance_status, attendance.created_at AS attendance_created_at 
FROM attendance 
WHERE attendance.session_id = ? AND attendance.status = ?
2026-08-17 15:27:30,392 INFO sqlalchemy.engine.Engine [cached since 101s ago] (39, 1)
2026-08-17 15:27:30,394 INFO sqlalchemy.engine.Engine SELECT engagement_records.engagement_score AS engagement_records_engagement_score 
FROM engagement_records 
WHERE engagement_records.session_id = ?
2026-08-17 15:27:30,394 INFO sqlalchemy.engine.Engine [cached since 348.4s ago] (39,)
2026-08-17 15:27:30,398 INFO sqlalchemy.engine.Engine SELECT sessions.session_id AS sessions_session_id, sessions.class_id AS sessions_class_id, sessions.teacher_id AS sessions_teacher_id, sessions.start_time AS sessions_start_time, sessions.end_time AS sessions_end_time, sessions.is_active AS sessions_is_active 
FROM sessions 
WHERE sessions.class_id = ? ORDER BY sessions.session_id DESC
 LIMIT ? OFFSET ?
2026-08-17 15:27:30,399 INFO sqlalchemy.engine.Engine [cached since 348.5s ago] (29, 1, 0)
2026-08-17 15:27:30,403 INFO sqlalchemy.engine.Engine SELECT count(*) AS count_1 
FROM (SELECT enrollments.enrollment_id AS enrollments_enrollment_id, enrollments.student_id AS enrollments_student_id, enrollments.class_id AS enrollments_class_id, enrollments.joined_at AS enrollments_joined_at 
FROM enrollments 
WHERE enrollments.class_id = ?) AS anon_1
2026-08-17 15:27:30,403 INFO sqlalchemy.engine.Engine [cached since 348.4s ago] (29,)
2026-08-17 15:27:30,406 INFO sqlalchemy.engine.Engine SELECT DISTINCT engagement_records.student_id AS engagement_records_student_id 
FROM engagement_records 
WHERE engagement_records.session_id = ?
2026-08-17 15:27:30,406 INFO sqlalchemy.engine.Engine [cached since 348.4s ago] (29,)
2026-08-17 15:27:30,409 INFO sqlalchemy.engine.Engine SELECT engagement_records.engagement_score AS engagement_records_engagement_score 
FROM engagement_records 
WHERE engagement_records.session_id = ?
2026-08-17 15:27:30,410 INFO sqlalchemy.engine.Engine [cached since 348.4s ago] (29,)
2026-08-17 15:27:30,424 INFO sqlalchemy.engine.Engine ROLLBACK
127.0.0.1 - - [17/Aug/2026 15:27:30] "GET /my-classes HTTP/1.1" 200 -
127.0.0.1 - - [17/Aug/2026 15:27:43] "OPTIONS /teacher/create-classroom HTTP/1.1" 200 -
VERIFY SECRET: student_engagement_secret_key
TOKEN RECEIVED: eyJhbGciOiJIUzI1NiIsInR5cCI6IkpXVCJ9.eyJ1c2VyX2lkIjoxMiwicm9sZSI6InRlYWNoZXIiLCJleHAiOjE3ODcwNDY2ODl9.yVJ4JsVhsjAWFUrocHOh5y-w96y3VU9ozx9TBqOHixI
2026-08-17 15:27:43,266 INFO sqlalchemy.engine.Engine BEGIN (implicit)
2026-08-17 15:27:43,267 INFO sqlalchemy.engine.Engine SELECT classrooms.class_id AS classrooms_class_id, classrooms.classroom_name AS classrooms_classroom_name, classrooms.subject AS classrooms_subject, classrooms.semester AS classrooms_semester, classrooms.section AS classrooms_section, classrooms.teacher_id AS classrooms_teacher_id, classrooms.class_code AS classrooms_class_code, classrooms.meeting_link AS classrooms_meeting_link, classrooms.created_at AS classrooms_created_at 
FROM classrooms 
WHERE classrooms.class_code = ?
 LIMIT ? OFFSET ?
2026-08-17 15:27:43,267 INFO sqlalchemy.engine.Engine [cached since 361.5s ago] ('XKAXVQ', 1, 0)
2026-08-17 15:27:43,269 INFO sqlalchemy.engine.Engine INSERT INTO classrooms (classroom_name, subject, semester, section, teacher_id, class_code, meeting_link) VALUES (?, ?, ?, ?, ?, ?, ?) RETURNING class_id, created_at
2026-08-17 15:27:43,270 INFO sqlalchemy.engine.Engine [cached since 361.5s ago] ('cnn', 'Machine Learning', 1, 'A', 12, 'XKAXVQ', None)
2026-08-17 15:27:43,280 INFO sqlalchemy.engine.Engine COMMIT
2026-08-17 15:27:43,290 INFO sqlalchemy.engine.Engine BEGIN (implicit)
2026-08-17 15:27:43,291 INFO sqlalchemy.engine.Engine SELECT classrooms.class_id, classrooms.classroom_name, classrooms.subject, classrooms.semester, classrooms.section, classrooms.teacher_id, classrooms.class_code, classrooms.meeting_link, classrooms.created_at 
FROM classrooms 
WHERE classrooms.class_id = ?
2026-08-17 15:27:43,291 INFO sqlalchemy.engine.Engine [cached since 361.5s ago] (39,)
2026-08-17 15:27:43,293 INFO sqlalchemy.engine.Engine ROLLBACK
127.0.0.1 - - [17/Aug/2026 15:27:43] "POST /teacher/create-classroom HTTP/1.1" 201 -
127.0.0.1 - - [17/Aug/2026 15:27:43] "OPTIONS /teacher/start-session/39 HTTP/1.1" 200 -
VERIFY SECRET: student_engagement_secret_key
TOKEN RECEIVED: eyJhbGciOiJIUzI1NiIsInR5cCI6IkpXVCJ9.eyJ1c2VyX2lkIjoxMiwicm9sZSI6InRlYWNoZXIiLCJleHAiOjE3ODcwNDY2ODl9.yVJ4JsVhsjAWFUrocHOh5y-w96y3VU9ozx9TBqOHixI
2026-08-17 15:27:43,319 INFO sqlalchemy.engine.Engine BEGIN (implicit)
2026-08-17 15:27:43,320 INFO sqlalchemy.engine.Engine SELECT classrooms.class_id AS classrooms_class_id, classrooms.classroom_name AS classrooms_classroom_name, classrooms.subject AS classrooms_subject, classrooms.semester AS classrooms_semester, classrooms.section AS classrooms_section, classrooms.teacher_id AS classrooms_teacher_id, classrooms.class_code AS classrooms_class_code, classrooms.meeting_link AS classrooms_meeting_link, classrooms.created_at AS classrooms_created_at 
FROM classrooms 
WHERE classrooms.class_id = ?
 LIMIT ? OFFSET ?
2026-08-17 15:27:43,320 INFO sqlalchemy.engine.Engine [cached since 361.5s ago] (39, 1, 0)
2026-08-17 15:27:43,323 INFO sqlalchemy.engine.Engine SELECT sessions.session_id AS sessions_session_id, sessions.class_id AS sessions_class_id, sessions.teacher_id AS sessions_teacher_id, sessions.start_time AS sessions_start_time, sessions.end_time AS sessions_end_time, sessions.is_active AS sessions_is_active 
FROM sessions 
WHERE sessions.class_id = ? AND sessions.is_active = 1
 LIMIT ? OFFSET ?
2026-08-17 15:27:43,323 INFO sqlalchemy.engine.Engine [cached since 361.5s ago] (39, 1, 0)
2026-08-17 15:27:43,325 INFO sqlalchemy.engine.Engine INSERT INTO sessions (class_id, teacher_id, end_time, is_active) VALUES (?, ?, ?, ?) RETURNING session_id, start_time
2026-08-17 15:27:43,326 INFO sqlalchemy.engine.Engine [cached since 361.5s ago] (39, 12, None, 1)
2026-08-17 15:27:43,332 INFO sqlalchemy.engine.Engine COMMIT
2026-08-17 15:27:43,342 INFO sqlalchemy.engine.Engine BEGIN (implicit)
2026-08-17 15:27:43,343 INFO sqlalchemy.engine.Engine SELECT sessions.session_id, sessions.class_id, sessions.teacher_id, sessions.start_time, sessions.end_time, sessions.is_active 
FROM sessions 
WHERE sessions.session_id = ?
2026-08-17 15:27:43,343 INFO sqlalchemy.engine.Engine [cached since 361.4s ago] (40,)
2026-08-17 15:27:43,346 INFO sqlalchemy.engine.Engine ROLLBACK
127.0.0.1 - - [17/Aug/2026 15:27:43] "POST /teacher/start-session/39 HTTP/1.1" 201 -
127.0.0.1 - - [17/Aug/2026 15:27:43] "OPTIONS /teacher/classrooms HTTP/1.1" 200 -
VERIFY SECRET: student_engagement_secret_key
TOKEN RECEIVED: eyJhbGciOiJIUzI1NiIsInR5cCI6IkpXVCJ9.eyJ1c2VyX2lkIjoxMiwicm9sZSI6InRlYWNoZXIiLCJleHAiOjE3ODcwNDY2ODl9.yVJ4JsVhsjAWFUrocHOh5y-w96y3VU9ozx9TBqOHixI
2026-08-17 15:27:43,391 INFO sqlalchemy.engine.Engine BEGIN (implicit)
2026-08-17 15:27:43,392 INFO sqlalchemy.engine.Engine SELECT classrooms.class_id AS classrooms_class_id, classrooms.classroom_name AS classrooms_classroom_name, classrooms.subject AS classrooms_subject, classrooms.semester AS classrooms_semester, classrooms.section AS classrooms_section, classrooms.teacher_id AS classrooms_teacher_id, classrooms.class_code AS classrooms_class_code, classrooms.meeting_link AS classrooms_meeting_link, classrooms.created_at AS classrooms_created_at 
FROM classrooms 
WHERE classrooms.teacher_id = ?
2026-08-17 15:27:43,393 INFO sqlalchemy.engine.Engine [cached since 373s ago] (12,)
2026-08-17 15:27:43,397 INFO sqlalchemy.engine.Engine SELECT sessions.session_id AS sessions_session_id, sessions.class_id AS sessions_class_id, sessions.teacher_id AS sessions_teacher_id, sessions.start_time AS sessions_start_time, sessions.end_time AS sessions_end_time, sessions.is_active AS sessions_is_active 
FROM sessions 
WHERE sessions.class_id = ? ORDER BY sessions.session_id DESC
 LIMIT ? OFFSET ?
2026-08-17 15:27:43,398 INFO sqlalchemy.engine.Engine [cached since 361.5s ago] (38, 1, 0)
2026-08-17 15:27:43,401 INFO sqlalchemy.engine.Engine SELECT count(*) AS count_1 
FROM (SELECT enrollments.enrollment_id AS enrollments_enrollment_id, enrollments.student_id AS enrollments_student_id, enrollments.class_id AS enrollments_class_id, enrollments.joined_at AS enrollments_joined_at 
FROM enrollments 
WHERE enrollments.class_id = ?) AS anon_1
2026-08-17 15:27:43,401 INFO sqlalchemy.engine.Engine [cached since 361.4s ago] (38,)
2026-08-17 15:27:43,403 INFO sqlalchemy.engine.Engine SELECT attendance.attendance_id AS attendance_attendance_id, attendance.student_id AS attendance_student_id, attendance.class_id AS attendance_class_id, attendance.session_id AS attendance_session_id, attendance.status AS attendance_status, attendance.created_at AS attendance_created_at 
FROM attendance 
WHERE attendance.session_id = ? AND attendance.status = ?
2026-08-17 15:27:43,403 INFO sqlalchemy.engine.Engine [cached since 114s ago] (39, 1)
2026-08-17 15:27:43,405 INFO sqlalchemy.engine.Engine SELECT engagement_records.engagement_score AS engagement_records_engagement_score 
FROM engagement_records 
WHERE engagement_records.session_id = ?
2026-08-17 15:27:43,405 INFO sqlalchemy.engine.Engine [cached since 361.4s ago] (39,)
2026-08-17 15:27:43,409 INFO sqlalchemy.engine.Engine SELECT sessions.session_id AS sessions_session_id, sessions.class_id AS sessions_class_id, sessions.teacher_id AS sessions_teacher_id, sessions.start_time AS sessions_start_time, sessions.end_time AS sessions_end_time, sessions.is_active AS sessions_is_active 
FROM sessions 
WHERE sessions.class_id = ? ORDER BY sessions.session_id DESC
 LIMIT ? OFFSET ?
2026-08-17 15:27:43,410 INFO sqlalchemy.engine.Engine [cached since 361.5s ago] (39, 1, 0)
2026-08-17 15:27:43,414 INFO sqlalchemy.engine.Engine SELECT count(*) AS count_1 
FROM (SELECT enrollments.enrollment_id AS enrollments_enrollment_id, enrollments.student_id AS enrollments_student_id, enrollments.class_id AS enrollments_class_id, enrollments.joined_at AS enrollments_joined_at 
FROM enrollments 
WHERE enrollments.class_id = ?) AS anon_1
2026-08-17 15:27:43,415 INFO sqlalchemy.engine.Engine [cached since 361.4s ago] (39,)
2026-08-17 15:27:43,416 INFO sqlalchemy.engine.Engine SELECT DISTINCT engagement_records.student_id AS engagement_records_student_id 
FROM engagement_records 
WHERE engagement_records.session_id = ?
2026-08-17 15:27:43,417 INFO sqlalchemy.engine.Engine [cached since 361.4s ago] (40,)
2026-08-17 15:27:43,419 INFO sqlalchemy.engine.Engine SELECT engagement_records.engagement_score AS engagement_records_engagement_score 
FROM engagement_records 
WHERE engagement_records.session_id = ?
2026-08-17 15:27:43,419 INFO sqlalchemy.engine.Engine [cached since 361.4s ago] (40,)
2026-08-17 15:27:43,420 INFO sqlalchemy.engine.Engine ROLLBACK
127.0.0.1 - - [17/Aug/2026 15:27:43] "GET /teacher/classrooms HTTP/1.1" 200 -
127.0.0.1 - - [17/Aug/2026 15:27:49] "OPTIONS /my-classes HTTP/1.1" 200 -
127.0.0.1 - - [17/Aug/2026 15:27:49] "OPTIONS /live-classes HTTP/1.1" 200 -
VERIFY SECRET: student_engagement_secret_key
TOKEN RECEIVED: eyJhbGciOiJIUzI1NiIsInR5cCI6IkpXVCJ9.eyJ1c2VyX2lkIjoyMSwicm9sZSI6InN0dWRlbnQiLCJleHAiOjE3ODcwNDY4NDF9.PlDEXZkYORFOkUJAGJRYAkTnJ7aOPPPpUqCuHKtHDJU
2026-08-17 15:27:49,815 INFO sqlalchemy.engine.Engine BEGIN (implicit)
2026-08-17 15:27:49,818 INFO sqlalchemy.engine.Engine SELECT classrooms.class_id AS classrooms_class_id, classrooms.classroom_name AS classrooms_classroom_name, classrooms.subject AS classrooms_subject, classrooms.semester AS classrooms_semester, classrooms.section AS classrooms_section, classrooms.teacher_id AS classrooms_teacher_id, classrooms.class_code AS classrooms_class_code, classrooms.meeting_link AS classrooms_meeting_link, classrooms.created_at AS classrooms_created_at 
FROM classrooms JOIN enrollments ON enrollments.class_id = classrooms.class_id 
WHERE enrollments.student_id = ?
2026-08-17 15:27:49,819 INFO sqlalchemy.engine.Engine [cached since 277.3s ago] (21,)
VERIFY SECRET: student_engagement_secret_key
TOKEN RECEIVED: eyJhbGciOiJIUzI1NiIsInR5cCI6IkpXVCJ9.eyJ1c2VyX2lkIjoyMSwicm9sZSI6InN0dWRlbnQiLCJleHAiOjE3ODcwNDY4NDF9.PlDEXZkYORFOkUJAGJRYAkTnJ7aOPPPpUqCuHKtHDJU
2026-08-17 15:27:49,821 INFO sqlalchemy.engine.Engine BEGIN (implicit)
2026-08-17 15:27:49,823 INFO sqlalchemy.engine.Engine SELECT sessions.session_id AS sessions_session_id, sessions.class_id AS sessions_class_id, sessions.teacher_id AS sessions_teacher_id, sessions.start_time AS sessions_start_time, sessions.end_time AS sessions_end_time, sessions.is_active AS sessions_is_active 
FROM sessions 
WHERE sessions.is_active = 1 ORDER BY sessions.start_time DESC
2026-08-17 15:27:49,823 INFO sqlalchemy.engine.Engine [cached since 277.3s ago] ()
2026-08-17 15:27:49,826 INFO sqlalchemy.engine.Engine SELECT sessions.session_id AS sessions_session_id, sessions.class_id AS sessions_class_id, sessions.teacher_id AS sessions_teacher_id, sessions.start_time AS sessions_start_time, sessions.end_time AS sessions_end_time, sessions.is_active AS sessions_is_active 
FROM sessions 
WHERE sessions.class_id = ? ORDER BY sessions.session_id DESC
 LIMIT ? OFFSET ?
2026-08-17 15:27:49,827 INFO sqlalchemy.engine.Engine [cached since 367.9s ago] (38, 1, 0)
2026-08-17 15:27:49,829 INFO sqlalchemy.engine.Engine SELECT classrooms.class_id AS classrooms_class_id, classrooms.classroom_name AS classrooms_classroom_name, classrooms.subject AS classrooms_subject, classrooms.semester AS classrooms_semester, classrooms.section AS classrooms_section, classrooms.teacher_id AS classrooms_teacher_id, classrooms.class_code AS classrooms_class_code, classrooms.meeting_link AS classrooms_meeting_link, classrooms.created_at AS classrooms_created_at 
FROM classrooms 
WHERE classrooms.class_id = ?
 LIMIT ? OFFSET ?
2026-08-17 15:27:49,829 INFO sqlalchemy.engine.Engine [cached since 368s ago] (39, 1, 0)
2026-08-17 15:27:49,831 INFO sqlalchemy.engine.Engine SELECT count(*) AS count_1 
FROM (SELECT enrollments.enrollment_id AS enrollments_enrollment_id, enrollments.student_id AS enrollments_student_id, enrollments.class_id AS enrollments_class_id, enrollments.joined_at AS enrollments_joined_at 
FROM enrollments 
WHERE enrollments.class_id = ?) AS anon_1
2026-08-17 15:27:49,832 INFO sqlalchemy.engine.Engine [cached since 367.9s ago] (38,)
2026-08-17 15:27:49,834 INFO sqlalchemy.engine.Engine SELECT teachers.teacher_id AS teachers_teacher_id, teachers.name AS teachers_name, teachers.email AS teachers_email, teachers.password_hash AS teachers_password_hash, teachers.department AS teachers_department, teachers.created_at AS teachers_created_at 
FROM teachers 
WHERE teachers.teacher_id = ?
 LIMIT ? OFFSET ?
2026-08-17 15:27:49,834 INFO sqlalchemy.engine.Engine [cached since 277.3s ago] (12, 1, 0)
2026-08-17 15:27:49,837 INFO sqlalchemy.engine.Engine SELECT count(*) AS count_1 
FROM (SELECT enrollments.enrollment_id AS enrollments_enrollment_id, enrollments.student_id AS enrollments_student_id, enrollments.class_id AS enrollments_class_id, enrollments.joined_at AS enrollments_joined_at 
FROM enrollments 
WHERE enrollments.class_id = ?) AS anon_1
2026-08-17 15:27:49,841 INFO sqlalchemy.engine.Engine SELECT attendance.attendance_id AS attendance_attendance_id, attendance.student_id AS attendance_student_id, attendance.class_id AS attendance_class_id, attendance.session_id AS attendance_session_id, attendance.status AS attendance_status, attendance.created_at AS attendance_created_at 
FROM attendance 
WHERE attendance.session_id = ? AND attendance.status = ?
2026-08-17 15:27:49,842 INFO sqlalchemy.engine.Engine [cached since 120.5s ago] (39, 1)
2026-08-17 15:27:49,841 INFO sqlalchemy.engine.Engine [cached since 367.9s ago] (39,)
2026-08-17 15:27:49,844 INFO sqlalchemy.engine.Engine SELECT classrooms.class_id AS classrooms_class_id, classrooms.classroom_name AS classrooms_classroom_name, classrooms.subject AS classrooms_subject, classrooms.semester AS classrooms_semester, classrooms.section AS classrooms_section, classrooms.teacher_id AS classrooms_teacher_id, classrooms.class_code AS classrooms_class_code, classrooms.meeting_link AS classrooms_meeting_link, classrooms.created_at AS classrooms_created_at 
FROM classrooms 
WHERE classrooms.class_id = ?
 LIMIT ? OFFSET ?
2026-08-17 15:27:49,844 INFO sqlalchemy.engine.Engine SELECT engagement_records.engagement_score AS engagement_records_engagement_score 
FROM engagement_records 
WHERE engagement_records.session_id = ?
2026-08-17 15:27:49,845 INFO sqlalchemy.engine.Engine [cached since 368s ago] (29, 1, 0)
2026-08-17 15:27:49,845 INFO sqlalchemy.engine.Engine [cached since 367.8s ago] (39,)
2026-08-17 15:27:49,848 INFO sqlalchemy.engine.Engine SELECT teachers.teacher_id AS teachers_teacher_id, teachers.name AS teachers_name, teachers.email AS teachers_email, teachers.password_hash AS teachers_password_hash, teachers.department AS teachers_department, teachers.created_at AS teachers_created_at 
FROM teachers 
WHERE teachers.teacher_id = ?
 LIMIT ? OFFSET ?
2026-08-17 15:27:49,848 INFO sqlalchemy.engine.Engine [cached since 277.3s ago] (8, 1, 0)
2026-08-17 15:27:49,851 INFO sqlalchemy.engine.Engine SELECT count(*) AS count_1 
FROM (SELECT enrollments.enrollment_id AS enrollments_enrollment_id, enrollments.student_id AS enrollments_student_id, enrollments.class_id AS enrollments_class_id, enrollments.joined_at AS enrollments_joined_at 
FROM enrollments 
WHERE enrollments.class_id = ?) AS anon_1
2026-08-17 15:27:49,852 INFO sqlalchemy.engine.Engine [cached since 367.9s ago] (29,)
2026-08-17 15:27:49,854 INFO sqlalchemy.engine.Engine SELECT sessions.session_id AS sessions_session_id, sessions.class_id AS sessions_class_id, sessions.teacher_id AS sessions_teacher_id, sessions.start_time AS sessions_start_time, sessions.end_time AS sessions_end_time, sessions.is_active AS sessions_is_active 
FROM sessions 
WHERE sessions.class_id = ? ORDER BY sessions.session_id DESC
 LIMIT ? OFFSET ?
2026-08-17 15:27:49,855 INFO sqlalchemy.engine.Engine [cached since 367.9s ago] (29, 1, 0)
2026-08-17 15:27:49,856 INFO sqlalchemy.engine.Engine ROLLBACK
127.0.0.1 - - [17/Aug/2026 15:27:49] "GET /live-classes HTTP/1.1" 200 -
2026-08-17 15:27:49,857 INFO sqlalchemy.engine.Engine SELECT count(*) AS count_1 
FROM (SELECT enrollments.enrollment_id AS enrollments_enrollment_id, enrollments.student_id AS enrollments_student_id, enrollments.class_id AS enrollments_class_id, enrollments.joined_at AS enrollments_joined_at 
FROM enrollments 
WHERE enrollments.class_id = ?) AS anon_1
2026-08-17 15:27:49,859 INFO sqlalchemy.engine.Engine [cached since 367.9s ago] (29,)
2026-08-17 15:27:49,862 INFO sqlalchemy.engine.Engine SELECT DISTINCT engagement_records.student_id AS engagement_records_student_id 
FROM engagement_records 
WHERE engagement_records.session_id = ?
2026-08-17 15:27:49,862 INFO sqlalchemy.engine.Engine [cached since 367.9s ago] (29,)
2026-08-17 15:27:49,865 INFO sqlalchemy.engine.Engine SELECT engagement_records.engagement_score AS engagement_records_engagement_score 
FROM engagement_records 
WHERE engagement_records.session_id = ?
2026-08-17 15:27:49,865 INFO sqlalchemy.engine.Engine [cached since 367.9s ago] (29,)
2026-08-17 15:27:49,876 INFO sqlalchemy.engine.Engine ROLLBACK
127.0.0.1 - - [17/Aug/2026 15:27:49] "GET /my-classes HTTP/1.1" 200 -
127.0.0.1 - - [17/Aug/2026 15:27:52] "OPTIONS /face/verify-live HTTP/1.1" 200 -
VERIFY SECRET: student_engagement_secret_key
TOKEN RECEIVED: eyJhbGciOiJIUzI1NiIsInR5cCI6IkpXVCJ9.eyJ1c2VyX2lkIjoyMSwicm9sZSI6InN0dWRlbnQiLCJleHAiOjE3ODcwNDY4NDF9.PlDEXZkYORFOkUJAGJRYAkTnJ7aOPPPpUqCuHKtHDJU
2026-08-17 15:27:52,440 INFO sqlalchemy.engine.Engine BEGIN (implicit)
2026-08-17 15:27:52,441 INFO sqlalchemy.engine.Engine SELECT face_registrations.face_id AS face_registrations_face_id, face_registrations.student_id AS face_registrations_student_id, face_registrations.embedding AS face_registrations_embedding, face_registrations.created_at AS face_registrations_created_at 
FROM face_registrations 
WHERE face_registrations.student_id = ?
 LIMIT ? OFFSET ?
2026-08-17 15:27:52,442 INFO sqlalchemy.engine.Engine [cached since 275.5s ago] (21, 1, 0)
2026-08-17 15:27:54,068 INFO sqlalchemy.engine.Engine ROLLBACK
127.0.0.1 - - [17/Aug/2026 15:27:54] "POST /face/verify-live HTTP/1.1" 200 -
127.0.0.1 - - [17/Aug/2026 15:27:54] "OPTIONS /join-live-class HTTP/1.1" 200 -
VERIFY SECRET: student_engagement_secret_key
TOKEN RECEIVED: eyJhbGciOiJIUzI1NiIsInR5cCI6IkpXVCJ9.eyJ1c2VyX2lkIjoyMSwicm9sZSI6InN0dWRlbnQiLCJleHAiOjE3ODcwNDY4NDF9.PlDEXZkYORFOkUJAGJRYAkTnJ7aOPPPpUqCuHKtHDJU
2026-08-17 15:27:54,094 INFO sqlalchemy.engine.Engine BEGIN (implicit)
2026-08-17 15:27:54,095 INFO sqlalchemy.engine.Engine SELECT classrooms.class_id AS classrooms_class_id, classrooms.classroom_name AS classrooms_classroom_name, classrooms.subject AS classrooms_subject, classrooms.semester AS classrooms_semester, classrooms.section AS classrooms_section, classrooms.teacher_id AS classrooms_teacher_id, classrooms.class_code AS classrooms_class_code, classrooms.meeting_link AS classrooms_meeting_link, classrooms.created_at AS classrooms_created_at 
FROM classrooms 
WHERE classrooms.class_id = ?
 LIMIT ? OFFSET ?
2026-08-17 15:27:54,097 INFO sqlalchemy.engine.Engine [cached since 372.2s ago] (39, 1, 0)
2026-08-17 15:27:54,100 INFO sqlalchemy.engine.Engine SELECT sessions.session_id AS sessions_session_id, sessions.class_id AS sessions_class_id, sessions.teacher_id AS sessions_teacher_id, sessions.start_time AS sessions_start_time, sessions.end_time AS sessions_end_time, sessions.is_active AS sessions_is_active 
FROM sessions 
WHERE sessions.class_id = ? AND sessions.is_active = 1
 LIMIT ? OFFSET ?
2026-08-17 15:27:54,102 INFO sqlalchemy.engine.Engine [cached since 372.2s ago] (39, 1, 0)
2026-08-17 15:27:54,106 INFO sqlalchemy.engine.Engine SELECT enrollments.enrollment_id AS enrollments_enrollment_id, enrollments.student_id AS enrollments_student_id, enrollments.class_id AS enrollments_class_id, enrollments.joined_at AS enrollments_joined_at 
FROM enrollments 
WHERE enrollments.student_id = ? AND enrollments.class_id = ?
 LIMIT ? OFFSET ?
2026-08-17 15:27:54,106 INFO sqlalchemy.engine.Engine [cached since 201.8s ago] (21, 39, 1, 0)
2026-08-17 15:27:54,109 INFO sqlalchemy.engine.Engine INSERT INTO enrollments (student_id, class_id) VALUES (?, ?) RETURNING enrollment_id, joined_at
2026-08-17 15:27:54,112 INFO sqlalchemy.engine.Engine [cached since 201.8s ago] (21, 39)
2026-08-17 15:27:54,129 INFO sqlalchemy.engine.Engine COMMIT
2026-08-17 15:27:54,139 INFO sqlalchemy.engine.Engine BEGIN (implicit)
2026-08-17 15:27:54,140 INFO sqlalchemy.engine.Engine SELECT enrollments.enrollment_id, enrollments.student_id, enrollments.class_id, enrollments.joined_at 
FROM enrollments 
WHERE enrollments.enrollment_id = ?
2026-08-17 15:27:54,140 INFO sqlalchemy.engine.Engine [cached since 201.8s ago] (33,)
2026-08-17 15:27:54,142 INFO sqlalchemy.engine.Engine SELECT classrooms.class_id AS classrooms_class_id, classrooms.classroom_name AS classrooms_classroom_name, classrooms.subject AS classrooms_subject, classrooms.semester AS classrooms_semester, classrooms.section AS classrooms_section, classrooms.teacher_id AS classrooms_teacher_id, classrooms.class_code AS classrooms_class_code, classrooms.meeting_link AS classrooms_meeting_link, classrooms.created_at AS classrooms_created_at 
FROM classrooms 
WHERE classrooms.class_id = ?
2026-08-17 15:27:54,142 INFO sqlalchemy.engine.Engine [cached since 201.8s ago] (39,)
2026-08-17 15:27:54,145 INFO sqlalchemy.engine.Engine SELECT sessions.session_id AS sessions_session_id, sessions.class_id AS sessions_class_id, sessions.teacher_id AS sessions_teacher_id, sessions.start_time AS sessions_start_time, sessions.end_time AS sessions_end_time, sessions.is_active AS sessions_is_active 
FROM sessions 
WHERE sessions.session_id = ?
2026-08-17 15:27:54,145 INFO sqlalchemy.engine.Engine [cached since 201.8s ago] (40,)
2026-08-17 15:27:54,147 INFO sqlalchemy.engine.Engine ROLLBACK
127.0.0.1 - - [17/Aug/2026 15:27:54] "POST /join-live-class HTTP/1.1" 200 -
127.0.0.1 - - [17/Aug/2026 15:27:55] "OPTIONS /join-class HTTP/1.1" 200 -
VERIFY SECRET: student_engagement_secret_key
TOKEN RECEIVED: eyJhbGciOiJIUzI1NiIsInR5cCI6IkpXVCJ9.eyJ1c2VyX2lkIjoyMSwicm9sZSI6InN0dWRlbnQiLCJleHAiOjE3ODcwNDY4NDF9.PlDEXZkYORFOkUJAGJRYAkTnJ7aOPPPpUqCuHKtHDJU
2026-08-17 15:27:55,867 INFO sqlalchemy.engine.Engine BEGIN (implicit)
2026-08-17 15:27:55,868 INFO sqlalchemy.engine.Engine SELECT classrooms.class_id AS classrooms_class_id, classrooms.classroom_name AS classrooms_classroom_name, classrooms.subject AS classrooms_subject, classrooms.semester AS classrooms_semester, classrooms.section AS classrooms_section, classrooms.teacher_id AS classrooms_teacher_id, classrooms.class_code AS classrooms_class_code, classrooms.meeting_link AS classrooms_meeting_link, classrooms.created_at AS classrooms_created_at 
FROM classrooms 
WHERE classrooms.class_code = ?
 LIMIT ? OFFSET ?
2026-08-17 15:27:55,868 INFO sqlalchemy.engine.Engine [cached since 374.1s ago] ('39', 1, 0)
2026-08-17 15:27:55,872 INFO sqlalchemy.engine.Engine SELECT classrooms.class_id AS classrooms_class_id, classrooms.classroom_name AS classrooms_classroom_name, classrooms.subject AS classrooms_subject, classrooms.semester AS classrooms_semester, classrooms.section AS classrooms_section, classrooms.teacher_id AS classrooms_teacher_id, classrooms.class_code AS classrooms_class_code, classrooms.meeting_link AS classrooms_meeting_link, classrooms.created_at AS classrooms_created_at 
FROM classrooms 
WHERE classrooms.class_id = ?
 LIMIT ? OFFSET ?
2026-08-17 15:27:55,872 INFO sqlalchemy.engine.Engine [cached since 374s ago] (39, 1, 0)
2026-08-17 15:27:55,874 INFO sqlalchemy.engine.Engine SELECT enrollments.enrollment_id AS enrollments_enrollment_id, enrollments.student_id AS enrollments_student_id, enrollments.class_id AS enrollments_class_id, enrollments.joined_at AS enrollments_joined_at 
FROM enrollments 
WHERE enrollments.student_id = ? AND enrollments.class_id = ?
 LIMIT ? OFFSET ?
2026-08-17 15:27:55,876 INFO sqlalchemy.engine.Engine [cached since 203.6s ago] (21, 39, 1, 0)
2026-08-17 15:27:55,878 INFO sqlalchemy.engine.Engine ROLLBACK
127.0.0.1 - - [17/Aug/2026 15:27:55] "POST /join-class HTTP/1.1" 400 -
127.0.0.1 - - [17/Aug/2026 15:34:11] "OPTIONS /my-classes HTTP/1.1" 200 -
127.0.0.1 - - [17/Aug/2026 15:34:11] "OPTIONS /live-classes HTTP/1.1" 200 -
VERIFY SECRET: student_engagement_secret_key
TOKEN RECEIVED: eyJhbGciOiJIUzI1NiIsInR5cCI6IkpXVCJ9.eyJ1c2VyX2lkIjoyMSwicm9sZSI6InN0dWRlbnQiLCJleHAiOjE3ODcwNDY4NDF9.PlDEXZkYORFOkUJAGJRYAkTnJ7aOPPPpUqCuHKtHDJU
2026-08-17 15:34:11,783 INFO sqlalchemy.engine.Engine BEGIN (implicit)
2026-08-17 15:34:11,785 INFO sqlalchemy.engine.Engine SELECT classrooms.class_id AS classrooms_class_id, classrooms.classroom_name AS classrooms_classroom_name, classrooms.subject AS classrooms_subject, classrooms.semester AS classrooms_semester, classrooms.section AS classrooms_section, classrooms.teacher_id AS classrooms_teacher_id, classrooms.class_code AS classrooms_class_code, classrooms.meeting_link AS classrooms_meeting_link, classrooms.created_at AS classrooms_created_at 
FROM classrooms JOIN enrollments ON enrollments.class_id = classrooms.class_id 
WHERE enrollments.student_id = ?
2026-08-17 15:34:11,787 INFO sqlalchemy.engine.Engine [cached since 659.3s ago] (21,)
VERIFY SECRET: student_engagement_secret_key
TOKEN RECEIVED: eyJhbGciOiJIUzI1NiIsInR5cCI6IkpXVCJ9.eyJ1c2VyX2lkIjoyMSwicm9sZSI6InN0dWRlbnQiLCJleHAiOjE3ODcwNDY4NDF9.PlDEXZkYORFOkUJAGJRYAkTnJ7aOPPPpUqCuHKtHDJU
2026-08-17 15:34:11,791 INFO sqlalchemy.engine.Engine BEGIN (implicit)
2026-08-17 15:34:11,792 INFO sqlalchemy.engine.Engine SELECT sessions.session_id AS sessions_session_id, sessions.class_id AS sessions_class_id, sessions.teacher_id AS sessions_teacher_id, sessions.start_time AS sessions_start_time, sessions.end_time AS sessions_end_time, sessions.is_active AS sessions_is_active 
FROM sessions 
WHERE sessions.class_id = ? ORDER BY sessions.session_id DESC
 LIMIT ? OFFSET ?
2026-08-17 15:34:11,793 INFO sqlalchemy.engine.Engine SELECT sessions.session_id AS sessions_session_id, sessions.class_id AS sessions_class_id, sessions.teacher_id AS sessions_teacher_id, sessions.start_time AS sessions_start_time, sessions.end_time AS sessions_end_time, sessions.is_active AS sessions_is_active 
FROM sessions 
WHERE sessions.is_active = 1 ORDER BY sessions.start_time DESC
2026-08-17 15:34:11,793 INFO sqlalchemy.engine.Engine [cached since 749.9s ago] (38, 1, 0)
2026-08-17 15:34:11,793 INFO sqlalchemy.engine.Engine [cached since 659.3s ago] ()
2026-08-17 15:34:11,796 INFO sqlalchemy.engine.Engine SELECT count(*) AS count_1 
FROM (SELECT enrollments.enrollment_id AS enrollments_enrollment_id, enrollments.student_id AS enrollments_student_id, enrollments.class_id AS enrollments_class_id, enrollments.joined_at AS enrollments_joined_at 
FROM enrollments 
WHERE enrollments.class_id = ?) AS anon_1
2026-08-17 15:34:11,797 INFO sqlalchemy.engine.Engine SELECT classrooms.class_id AS classrooms_class_id, classrooms.classroom_name AS classrooms_classroom_name, classrooms.subject AS classrooms_subject, classrooms.semester AS classrooms_semester, classrooms.section AS classrooms_section, classrooms.teacher_id AS classrooms_teacher_id, classrooms.class_code AS classrooms_class_code, classrooms.meeting_link AS classrooms_meeting_link, classrooms.created_at AS classrooms_created_at 
FROM classrooms 
WHERE classrooms.class_id = ?
 LIMIT ? OFFSET ?
2026-08-17 15:34:11,798 INFO sqlalchemy.engine.Engine [cached since 749.8s ago] (38,)
2026-08-17 15:34:11,798 INFO sqlalchemy.engine.Engine [cached since 749.9s ago] (39, 1, 0)
2026-08-17 15:34:11,800 INFO sqlalchemy.engine.Engine SELECT attendance.attendance_id AS attendance_attendance_id, attendance.student_id AS attendance_student_id, attendance.class_id AS attendance_class_id, attendance.session_id AS attendance_session_id, attendance.status AS attendance_status, attendance.created_at AS attendance_created_at 
FROM attendance 
WHERE attendance.session_id = ? AND attendance.status = ?
2026-08-17 15:34:11,801 INFO sqlalchemy.engine.Engine [cached since 502.4s ago] (39, 1)
2026-08-17 15:34:11,803 INFO sqlalchemy.engine.Engine SELECT teachers.teacher_id AS teachers_teacher_id, teachers.name AS teachers_name, teachers.email AS teachers_email, teachers.password_hash AS teachers_password_hash, teachers.department AS teachers_department, teachers.created_at AS teachers_created_at 
FROM teachers 
WHERE teachers.teacher_id = ?
 LIMIT ? OFFSET ?
2026-08-17 15:34:11,803 INFO sqlalchemy.engine.Engine [cached since 659.3s ago] (12, 1, 0)
2026-08-17 15:34:11,805 INFO sqlalchemy.engine.Engine SELECT engagement_records.engagement_score AS engagement_records_engagement_score 
FROM engagement_records 
WHERE engagement_records.session_id = ?
2026-08-17 15:34:11,805 INFO sqlalchemy.engine.Engine [cached since 749.8s ago] (39,)
2026-08-17 15:34:11,807 INFO sqlalchemy.engine.Engine SELECT count(*) AS count_1 
FROM (SELECT enrollments.enrollment_id AS enrollments_enrollment_id, enrollments.student_id AS enrollments_student_id, enrollments.class_id AS enrollments_class_id, enrollments.joined_at AS enrollments_joined_at 
FROM enrollments 
WHERE enrollments.class_id = ?) AS anon_1
2026-08-17 15:34:11,808 INFO sqlalchemy.engine.Engine [cached since 749.8s ago] (39,)
2026-08-17 15:34:11,811 INFO sqlalchemy.engine.Engine SELECT classrooms.class_id AS classrooms_class_id, classrooms.classroom_name AS classrooms_classroom_name, classrooms.subject AS classrooms_subject, classrooms.semester AS classrooms_semester, classrooms.section AS classrooms_section, classrooms.teacher_id AS classrooms_teacher_id, classrooms.class_code AS classrooms_class_code, classrooms.meeting_link AS classrooms_meeting_link, classrooms.created_at AS classrooms_created_at 
FROM classrooms 
WHERE classrooms.class_id = ?
 LIMIT ? OFFSET ?
2026-08-17 15:34:11,812 INFO sqlalchemy.engine.Engine [cached since 750s ago] (29, 1, 0)
2026-08-17 15:34:11,815 INFO sqlalchemy.engine.Engine SELECT sessions.session_id AS sessions_session_id, sessions.class_id AS sessions_class_id, sessions.teacher_id AS sessions_teacher_id, sessions.start_time AS sessions_start_time, sessions.end_time AS sessions_end_time, sessions.is_active AS sessions_is_active 
FROM sessions 
WHERE sessions.class_id = ? ORDER BY sessions.session_id DESC
 LIMIT ? OFFSET ?
2026-08-17 15:34:11,815 INFO sqlalchemy.engine.Engine [cached since 749.9s ago] (29, 1, 0)
2026-08-17 15:34:11,818 INFO sqlalchemy.engine.Engine SELECT teachers.teacher_id AS teachers_teacher_id, teachers.name AS teachers_name, teachers.email AS teachers_email, teachers.password_hash AS teachers_password_hash, teachers.department AS teachers_department, teachers.created_at AS teachers_created_at 
FROM teachers 
WHERE teachers.teacher_id = ?
 LIMIT ? OFFSET ?
2026-08-17 15:34:11,818 INFO sqlalchemy.engine.Engine [cached since 659.3s ago] (8, 1, 0)
2026-08-17 15:34:11,821 INFO sqlalchemy.engine.Engine SELECT count(*) AS count_1 
FROM (SELECT enrollments.enrollment_id AS enrollments_enrollment_id, enrollments.student_id AS enrollments_student_id, enrollments.class_id AS enrollments_class_id, enrollments.joined_at AS enrollments_joined_at 
FROM enrollments 
WHERE enrollments.class_id = ?) AS anon_1
2026-08-17 15:34:11,821 INFO sqlalchemy.engine.Engine [cached since 749.8s ago] (29,)
2026-08-17 15:34:11,823 INFO sqlalchemy.engine.Engine SELECT count(*) AS count_1 
FROM (SELECT enrollments.enrollment_id AS enrollments_enrollment_id, enrollments.student_id AS enrollments_student_id, enrollments.class_id AS enrollments_class_id, enrollments.joined_at AS enrollments_joined_at 
FROM enrollments 
WHERE enrollments.class_id = ?) AS anon_1
2026-08-17 15:34:11,824 INFO sqlalchemy.engine.Engine [cached since 749.8s ago] (29,)
2026-08-17 15:34:11,825 INFO sqlalchemy.engine.Engine SELECT DISTINCT engagement_records.student_id AS engagement_records_student_id 
FROM engagement_records 
WHERE engagement_records.session_id = ?
2026-08-17 15:34:11,826 INFO sqlalchemy.engine.Engine [cached since 749.8s ago] (29,)
2026-08-17 15:34:11,827 INFO sqlalchemy.engine.Engine ROLLBACK
127.0.0.1 - - [17/Aug/2026 15:34:11] "GET /live-classes HTTP/1.1" 200 -
2026-08-17 15:34:11,830 INFO sqlalchemy.engine.Engine SELECT engagement_records.engagement_score AS engagement_records_engagement_score 
FROM engagement_records 
WHERE engagement_records.session_id = ?
2026-08-17 15:34:11,831 INFO sqlalchemy.engine.Engine [cached since 749.8s ago] (29,)
2026-08-17 15:34:11,844 INFO sqlalchemy.engine.Engine SELECT sessions.session_id AS sessions_session_id, sessions.class_id AS sessions_class_id, sessions.teacher_id AS sessions_teacher_id, sessions.start_time AS sessions_start_time, sessions.end_time AS sessions_end_time, sessions.is_active AS sessions_is_active 
FROM sessions 
WHERE sessions.class_id = ? ORDER BY sessions.session_id DESC
 LIMIT ? OFFSET ?
2026-08-17 15:34:11,845 INFO sqlalchemy.engine.Engine [cached since 749.9s ago] (39, 1, 0)
2026-08-17 15:34:11,848 INFO sqlalchemy.engine.Engine SELECT count(*) AS count_1 
FROM (SELECT enrollments.enrollment_id AS enrollments_enrollment_id, enrollments.student_id AS enrollments_student_id, enrollments.class_id AS enrollments_class_id, enrollments.joined_at AS enrollments_joined_at 
FROM enrollments 
WHERE enrollments.class_id = ?) AS anon_1
2026-08-17 15:34:11,849 INFO sqlalchemy.engine.Engine [cached since 749.9s ago] (39,)
2026-08-17 15:34:11,851 INFO sqlalchemy.engine.Engine SELECT DISTINCT engagement_records.student_id AS engagement_records_student_id 
FROM engagement_records 
WHERE engagement_records.session_id = ?
2026-08-17 15:34:11,852 INFO sqlalchemy.engine.Engine [cached since 749.9s ago] (40,)
2026-08-17 15:34:11,854 INFO sqlalchemy.engine.Engine SELECT engagement_records.engagement_score AS engagement_records_engagement_score 
FROM engagement_records 
WHERE engagement_records.session_id = ?
2026-08-17 15:34:11,855 INFO sqlalchemy.engine.Engine [cached since 749.9s ago] (40,)
2026-08-17 15:34:11,859 INFO sqlalchemy.engine.Engine ROLLBACK
127.0.0.1 - - [17/Aug/2026 15:34:11] "GET /my-classes HTTP/1.1" 200 -
127.0.0.1 - - [17/Aug/2026 15:34:21] "OPTIONS /live-classes HTTP/1.1" 200 -
VERIFY SECRET: student_engagement_secret_key
TOKEN RECEIVED: eyJhbGciOiJIUzI1NiIsInR5cCI6IkpXVCJ9.eyJ1c2VyX2lkIjoyMSwicm9sZSI6InN0dWRlbnQiLCJleHAiOjE3ODcwNDY4NDF9.PlDEXZkYORFOkUJAGJRYAkTnJ7aOPPPpUqCuHKtHDJU
2026-08-17 15:34:21,860 INFO sqlalchemy.engine.Engine BEGIN (implicit)
2026-08-17 15:34:21,861 INFO sqlalchemy.engine.Engine SELECT sessions.session_id AS sessions_session_id, sessions.class_id AS sessions_class_id, sessions.teacher_id AS sessions_teacher_id, sessions.start_time AS sessions_start_time, sessions.end_time AS sessions_end_time, sessions.is_active AS sessions_is_active 
FROM sessions 
WHERE sessions.is_active = 1 ORDER BY sessions.start_time DESC
2026-08-17 15:34:21,861 INFO sqlalchemy.engine.Engine [cached since 669.3s ago] ()
2026-08-17 15:34:21,862 INFO sqlalchemy.engine.Engine SELECT classrooms.class_id AS classrooms_class_id, classrooms.classroom_name AS classrooms_classroom_name, classrooms.subject AS classrooms_subject, classrooms.semester AS classrooms_semester, classrooms.section AS classrooms_section, classrooms.teacher_id AS classrooms_teacher_id, classrooms.class_code AS classrooms_class_code, classrooms.meeting_link AS classrooms_meeting_link, classrooms.created_at AS classrooms_created_at 
FROM classrooms 
WHERE classrooms.class_id = ?
 LIMIT ? OFFSET ?
2026-08-17 15:34:21,863 INFO sqlalchemy.engine.Engine [cached since 760s ago] (39, 1, 0)
2026-08-17 15:34:21,865 INFO sqlalchemy.engine.Engine SELECT teachers.teacher_id AS teachers_teacher_id, teachers.name AS teachers_name, teachers.email AS teachers_email, teachers.password_hash AS teachers_password_hash, teachers.department AS teachers_department, teachers.created_at AS teachers_created_at 
FROM teachers 
WHERE teachers.teacher_id = ?
 LIMIT ? OFFSET ?
2026-08-17 15:34:21,866 INFO sqlalchemy.engine.Engine [cached since 669.3s ago] (12, 1, 0)
2026-08-17 15:34:21,868 INFO sqlalchemy.engine.Engine SELECT count(*) AS count_1 
FROM (SELECT enrollments.enrollment_id AS enrollments_enrollment_id, enrollments.student_id AS enrollments_student_id, enrollments.class_id AS enrollments_class_id, enrollments.joined_at AS enrollments_joined_at 
FROM enrollments 
WHERE enrollments.class_id = ?) AS anon_1
2026-08-17 15:34:21,868 INFO sqlalchemy.engine.Engine [cached since 759.9s ago] (39,)
2026-08-17 15:34:21,869 INFO sqlalchemy.engine.Engine SELECT classrooms.class_id AS classrooms_class_id, classrooms.classroom_name AS classrooms_classroom_name, classrooms.subject AS classrooms_subject, classrooms.semester AS classrooms_semester, classrooms.section AS classrooms_section, classrooms.teacher_id AS classrooms_teacher_id, classrooms.class_code AS classrooms_class_code, classrooms.meeting_link AS classrooms_meeting_link, classrooms.created_at AS classrooms_created_at 
FROM classrooms 
WHERE classrooms.class_id = ?
 LIMIT ? OFFSET ?
2026-08-17 15:34:21,869 INFO sqlalchemy.engine.Engine [cached since 760s ago] (29, 1, 0)
2026-08-17 15:34:21,870 INFO sqlalchemy.engine.Engine SELECT teachers.teacher_id AS teachers_teacher_id, teachers.name AS teachers_name, teachers.email AS teachers_email, teachers.password_hash AS teachers_password_hash, teachers.department AS teachers_department, teachers.created_at AS teachers_created_at 
FROM teachers 
WHERE teachers.teacher_id = ?
 LIMIT ? OFFSET ?
2026-08-17 15:34:21,870 INFO sqlalchemy.engine.Engine [cached since 669.3s ago] (8, 1, 0)
2026-08-17 15:34:21,872 INFO sqlalchemy.engine.Engine SELECT count(*) AS count_1 
FROM (SELECT enrollments.enrollment_id AS enrollments_enrollment_id, enrollments.student_id AS enrollments_student_id, enrollments.class_id AS enrollments_class_id, enrollments.joined_at AS enrollments_joined_at 
FROM enrollments 
WHERE enrollments.class_id = ?) AS anon_1
2026-08-17 15:34:21,872 INFO sqlalchemy.engine.Engine [cached since 759.9s ago] (29,)
2026-08-17 15:34:21,873 INFO sqlalchemy.engine.Engine ROLLBACK
127.0.0.1 - - [17/Aug/2026 15:34:21] "GET /live-classes HTTP/1.1" 200 -
127.0.0.1 - - [17/Aug/2026 15:34:31] "OPTIONS /live-classes HTTP/1.1" 200 -
VERIFY SECRET: student_engagement_secret_key
TOKEN RECEIVED: eyJhbGciOiJIUzI1NiIsInR5cCI6IkpXVCJ9.eyJ1c2VyX2lkIjoyMSwicm9sZSI6InN0dWRlbnQiLCJleHAiOjE3ODcwNDY4NDF9.PlDEXZkYORFOkUJAGJRYAkTnJ7aOPPPpUqCuHKtHDJU
2026-08-17 15:34:31,903 INFO sqlalchemy.engine.Engine BEGIN (implicit)
2026-08-17 15:34:31,904 INFO sqlalchemy.engine.Engine SELECT sessions.session_id AS sessions_session_id, sessions.class_id AS sessions_class_id, sessions.teacher_id AS sessions_teacher_id, sessions.start_time AS sessions_start_time, sessions.end_time AS sessions_end_time, sessions.is_active AS sessions_is_active 
FROM sessions 
WHERE sessions.is_active = 1 ORDER BY sessions.start_time DESC
2026-08-17 15:34:31,904 INFO sqlalchemy.engine.Engine [cached since 679.4s ago] ()
2026-08-17 15:34:31,908 INFO sqlalchemy.engine.Engine SELECT classrooms.class_id AS classrooms_class_id, classrooms.classroom_name AS classrooms_classroom_name, classrooms.subject AS classrooms_subject, classrooms.semester AS classrooms_semester, classrooms.section AS classrooms_section, classrooms.teacher_id AS classrooms_teacher_id, classrooms.class_code AS classrooms_class_code, classrooms.meeting_link AS classrooms_meeting_link, classrooms.created_at AS classrooms_created_at 
FROM classrooms 
WHERE classrooms.class_id = ?
 LIMIT ? OFFSET ?
2026-08-17 15:34:31,908 INFO sqlalchemy.engine.Engine [cached since 770.1s ago] (39, 1, 0)
2026-08-17 15:34:31,911 INFO sqlalchemy.engine.Engine SELECT teachers.teacher_id AS teachers_teacher_id, teachers.name AS teachers_name, teachers.email AS teachers_email, teachers.password_hash AS teachers_password_hash, teachers.department AS teachers_department, teachers.created_at AS teachers_created_at 
FROM teachers 
WHERE teachers.teacher_id = ?
 LIMIT ? OFFSET ?
2026-08-17 15:34:31,911 INFO sqlalchemy.engine.Engine [cached since 679.4s ago] (12, 1, 0)
2026-08-17 15:34:31,914 INFO sqlalchemy.engine.Engine SELECT count(*) AS count_1 
FROM (SELECT enrollments.enrollment_id AS enrollments_enrollment_id, enrollments.student_id AS enrollments_student_id, enrollments.class_id AS enrollments_class_id, enrollments.joined_at AS enrollments_joined_at 
FROM enrollments 
WHERE enrollments.class_id = ?) AS anon_1
2026-08-17 15:34:31,914 INFO sqlalchemy.engine.Engine [cached since 769.9s ago] (39,)
2026-08-17 15:34:31,916 INFO sqlalchemy.engine.Engine SELECT classrooms.class_id AS classrooms_class_id, classrooms.classroom_name AS classrooms_classroom_name, classrooms.subject AS classrooms_subject, classrooms.semester AS classrooms_semester, classrooms.section AS classrooms_section, classrooms.teacher_id AS classrooms_teacher_id, classrooms.class_code AS classrooms_class_code, classrooms.meeting_link AS classrooms_meeting_link, classrooms.created_at AS classrooms_created_at 
FROM classrooms 
WHERE classrooms.class_id = ?
 LIMIT ? OFFSET ?
2026-08-17 15:34:31,916 INFO sqlalchemy.engine.Engine [cached since 770.1s ago] (29, 1, 0)
2026-08-17 15:34:31,918 INFO sqlalchemy.engine.Engine SELECT teachers.teacher_id AS teachers_teacher_id, teachers.name AS teachers_name, teachers.email AS teachers_email, teachers.password_hash AS teachers_password_hash, teachers.department AS teachers_department, teachers.created_at AS teachers_created_at 
FROM teachers 
WHERE teachers.teacher_id = ?
 LIMIT ? OFFSET ?
2026-08-17 15:34:31,918 INFO sqlalchemy.engine.Engine [cached since 679.4s ago] (8, 1, 0)
2026-08-17 15:34:31,921 INFO sqlalchemy.engine.Engine SELECT count(*) AS count_1 
FROM (SELECT enrollments.enrollment_id AS enrollments_enrollment_id, enrollments.student_id AS enrollments_student_id, enrollments.class_id AS enrollments_class_id, enrollments.joined_at AS enrollments_joined_at 
FROM enrollments 
WHERE enrollments.class_id = ?) AS anon_1
2026-08-17 15:34:31,921 INFO sqlalchemy.engine.Engine [cached since 769.9s ago] (29,)
2026-08-17 15:34:31,922 INFO sqlalchemy.engine.Engine ROLLBACK
127.0.0.1 - - [17/Aug/2026 15:34:31] "GET /live-classes HTTP/1.1" 200 -
127.0.0.1 - - [17/Aug/2026 15:34:41] "OPTIONS /live-classes HTTP/1.1" 200 -
VERIFY SECRET: student_engagement_secret_key
TOKEN RECEIVED: eyJhbGciOiJIUzI1NiIsInR5cCI6IkpXVCJ9.eyJ1c2VyX2lkIjoyMSwicm9sZSI6InN0dWRlbnQiLCJleHAiOjE3ODcwNDY4NDF9.PlDEXZkYORFOkUJAGJRYAkTnJ7aOPPPpUqCuHKtHDJU
2026-08-17 15:34:41,946 INFO sqlalchemy.engine.Engine BEGIN (implicit)
2026-08-17 15:34:41,947 INFO sqlalchemy.engine.Engine SELECT sessions.session_id AS sessions_session_id, sessions.class_id AS sessions_class_id, sessions.teacher_id AS sessions_teacher_id, sessions.start_time AS sessions_start_time, sessions.end_time AS sessions_end_time, sessions.is_active AS sessions_is_active 
FROM sessions 
WHERE sessions.is_active = 1 ORDER BY sessions.start_time DESC
2026-08-17 15:34:41,947 INFO sqlalchemy.engine.Engine [cached since 689.4s ago] ()
2026-08-17 15:34:41,949 INFO sqlalchemy.engine.Engine SELECT classrooms.class_id AS classrooms_class_id, classrooms.classroom_name AS classrooms_classroom_name, classrooms.subject AS classrooms_subject, classrooms.semester AS classrooms_semester, classrooms.section AS classrooms_section, classrooms.teacher_id AS classrooms_teacher_id, classrooms.class_code AS classrooms_class_code, classrooms.meeting_link AS classrooms_meeting_link, classrooms.created_at AS classrooms_created_at 
FROM classrooms 
WHERE classrooms.class_id = ?
 LIMIT ? OFFSET ?
2026-08-17 15:34:41,950 INFO sqlalchemy.engine.Engine [cached since 780.1s ago] (39, 1, 0)
2026-08-17 15:34:41,952 INFO sqlalchemy.engine.Engine SELECT teachers.teacher_id AS teachers_teacher_id, teachers.name AS teachers_name, teachers.email AS teachers_email, teachers.password_hash AS teachers_password_hash, teachers.department AS teachers_department, teachers.created_at AS teachers_created_at 
FROM teachers 
WHERE teachers.teacher_id = ?
 LIMIT ? OFFSET ?
2026-08-17 15:34:41,952 INFO sqlalchemy.engine.Engine [cached since 689.4s ago] (12, 1, 0)
2026-08-17 15:34:41,955 INFO sqlalchemy.engine.Engine SELECT count(*) AS count_1 
FROM (SELECT enrollments.enrollment_id AS enrollments_enrollment_id, enrollments.student_id AS enrollments_student_id, enrollments.class_id AS enrollments_class_id, enrollments.joined_at AS enrollments_joined_at 
FROM enrollments 
WHERE enrollments.class_id = ?) AS anon_1
2026-08-17 15:34:41,955 INFO sqlalchemy.engine.Engine [cached since 780s ago] (39,)
2026-08-17 15:34:41,957 INFO sqlalchemy.engine.Engine SELECT classrooms.class_id AS classrooms_class_id, classrooms.classroom_name AS classrooms_classroom_name, classrooms.subject AS classrooms_subject, classrooms.semester AS classrooms_semester, classrooms.section AS classrooms_section, classrooms.teacher_id AS classrooms_teacher_id, classrooms.class_code AS classrooms_class_code, classrooms.meeting_link AS classrooms_meeting_link, classrooms.created_at AS classrooms_created_at 
FROM classrooms 
WHERE classrooms.class_id = ?
 LIMIT ? OFFSET ?
2026-08-17 15:34:41,957 INFO sqlalchemy.engine.Engine [cached since 780.1s ago] (29, 1, 0)
2026-08-17 15:34:41,959 INFO sqlalchemy.engine.Engine SELECT teachers.teacher_id AS teachers_teacher_id, teachers.name AS teachers_name, teachers.email AS teachers_email, teachers.password_hash AS teachers_password_hash, teachers.department AS teachers_department, teachers.created_at AS teachers_created_at 
FROM teachers 
WHERE teachers.teacher_id = ?
 LIMIT ? OFFSET ?
2026-08-17 15:34:41,960 INFO sqlalchemy.engine.Engine [cached since 689.4s ago] (8, 1, 0)
2026-08-17 15:34:41,963 INFO sqlalchemy.engine.Engine SELECT count(*) AS count_1 
FROM (SELECT enrollments.enrollment_id AS enrollments_enrollment_id, enrollments.student_id AS enrollments_student_id, enrollments.class_id AS enrollments_class_id, enrollments.joined_at AS enrollments_joined_at 
FROM enrollments 
WHERE enrollments.class_id = ?) AS anon_1
2026-08-17 15:34:41,963 INFO sqlalchemy.engine.Engine [cached since 780s ago] (29,)
2026-08-17 15:34:41,965 INFO sqlalchemy.engine.Engine ROLLBACK
127.0.0.1 - - [17/Aug/2026 15:34:41] "GET /live-classes HTTP/1.1" 200 -
127.0.0.1 - - [17/Aug/2026 15:34:51] "OPTIONS /live-classes HTTP/1.1" 200 -
VERIFY SECRET: student_engagement_secret_key
TOKEN RECEIVED: eyJhbGciOiJIUzI1NiIsInR5cCI6IkpXVCJ9.eyJ1c2VyX2lkIjoyMSwicm9sZSI6InN0dWRlbnQiLCJleHAiOjE3ODcwNDY4NDF9.PlDEXZkYORFOkUJAGJRYAkTnJ7aOPPPpUqCuHKtHDJU
2026-08-17 15:34:51,990 INFO sqlalchemy.engine.Engine BEGIN (implicit)
2026-08-17 15:34:51,991 INFO sqlalchemy.engine.Engine SELECT sessions.session_id AS sessions_session_id, sessions.class_id AS sessions_class_id, sessions.teacher_id AS sessions_teacher_id, sessions.start_time AS sessions_start_time, sessions.end_time AS sessions_end_time, sessions.is_active AS sessions_is_active 
FROM sessions 
WHERE sessions.is_active = 1 ORDER BY sessions.start_time DESC
2026-08-17 15:34:51,991 INFO sqlalchemy.engine.Engine [cached since 699.5s ago] ()
2026-08-17 15:34:51,994 INFO sqlalchemy.engine.Engine SELECT classrooms.class_id AS classrooms_class_id, classrooms.classroom_name AS classrooms_classroom_name, classrooms.subject AS classrooms_subject, classrooms.semester AS classrooms_semester, classrooms.section AS classrooms_section, classrooms.teacher_id AS classrooms_teacher_id, classrooms.class_code AS classrooms_class_code, classrooms.meeting_link AS classrooms_meeting_link, classrooms.created_at AS classrooms_created_at 
FROM classrooms 
WHERE classrooms.class_id = ?
 LIMIT ? OFFSET ?
2026-08-17 15:34:51,994 INFO sqlalchemy.engine.Engine [cached since 790.1s ago] (39, 1, 0)
2026-08-17 15:34:51,996 INFO sqlalchemy.engine.Engine SELECT teachers.teacher_id AS teachers_teacher_id, teachers.name AS teachers_name, teachers.email AS teachers_email, teachers.password_hash AS teachers_password_hash, teachers.department AS teachers_department, teachers.created_at AS teachers_created_at 
FROM teachers 
WHERE teachers.teacher_id = ?
 LIMIT ? OFFSET ?
2026-08-17 15:34:51,997 INFO sqlalchemy.engine.Engine [cached since 699.5s ago] (12, 1, 0)
2026-08-17 15:34:51,999 INFO sqlalchemy.engine.Engine SELECT count(*) AS count_1 
FROM (SELECT enrollments.enrollment_id AS enrollments_enrollment_id, enrollments.student_id AS enrollments_student_id, enrollments.class_id AS enrollments_class_id, enrollments.joined_at AS enrollments_joined_at 
FROM enrollments 
WHERE enrollments.class_id = ?) AS anon_1
2026-08-17 15:34:52,000 INFO sqlalchemy.engine.Engine [cached since 790s ago] (39,)
2026-08-17 15:34:52,002 INFO sqlalchemy.engine.Engine SELECT classrooms.class_id AS classrooms_class_id, classrooms.classroom_name AS classrooms_classroom_name, classrooms.subject AS classrooms_subject, classrooms.semester AS classrooms_semester, classrooms.section AS classrooms_section, classrooms.teacher_id AS classrooms_teacher_id, classrooms.class_code AS classrooms_class_code, classrooms.meeting_link AS classrooms_meeting_link, classrooms.created_at AS classrooms_created_at 
FROM classrooms 
WHERE classrooms.class_id = ?
 LIMIT ? OFFSET ?
2026-08-17 15:34:52,002 INFO sqlalchemy.engine.Engine [cached since 790.1s ago] (29, 1, 0)
2026-08-17 15:34:52,004 INFO sqlalchemy.engine.Engine SELECT teachers.teacher_id AS teachers_teacher_id, teachers.name AS teachers_name, teachers.email AS teachers_email, teachers.password_hash AS teachers_password_hash, teachers.department AS teachers_department, teachers.created_at AS teachers_created_at 
FROM teachers 
WHERE teachers.teacher_id = ?
 LIMIT ? OFFSET ?
2026-08-17 15:34:52,004 INFO sqlalchemy.engine.Engine [cached since 699.5s ago] (8, 1, 0)
2026-08-17 15:34:52,007 INFO sqlalchemy.engine.Engine SELECT count(*) AS count_1 
FROM (SELECT enrollments.enrollment_id AS enrollments_enrollment_id, enrollments.student_id AS enrollments_student_id, enrollments.class_id AS enrollments_class_id, enrollments.joined_at AS enrollments_joined_at 
FROM enrollments 
WHERE enrollments.class_id = ?) AS anon_1
2026-08-17 15:34:52,007 INFO sqlalchemy.engine.Engine [cached since 790s ago] (29,)
2026-08-17 15:34:52,009 INFO sqlalchemy.engine.Engine ROLLBACK
127.0.0.1 - - [17/Aug/2026 15:34:52] "GET /live-classes HTTP/1.1" 200 -
127.0.0.1 - - [17/Aug/2026 15:35:02] "OPTIONS /live-classes HTTP/1.1" 200 -
VERIFY SECRET: student_engagement_secret_key
TOKEN RECEIVED: eyJhbGciOiJIUzI1NiIsInR5cCI6IkpXVCJ9.eyJ1c2VyX2lkIjoyMSwicm9sZSI6InN0dWRlbnQiLCJleHAiOjE3ODcwNDY4NDF9.PlDEXZkYORFOkUJAGJRYAkTnJ7aOPPPpUqCuHKtHDJU
2026-08-17 15:35:02,031 INFO sqlalchemy.engine.Engine BEGIN (implicit)
2026-08-17 15:35:02,032 INFO sqlalchemy.engine.Engine SELECT sessions.session_id AS sessions_session_id, sessions.class_id AS sessions_class_id, sessions.teacher_id AS sessions_teacher_id, sessions.start_time AS sessions_start_time, sessions.end_time AS sessions_end_time, sessions.is_active AS sessions_is_active 
FROM sessions 
WHERE sessions.is_active = 1 ORDER BY sessions.start_time DESC
2026-08-17 15:35:02,032 INFO sqlalchemy.engine.Engine [cached since 709.5s ago] ()
2026-08-17 15:35:02,035 INFO sqlalchemy.engine.Engine SELECT classrooms.class_id AS classrooms_class_id, classrooms.classroom_name AS classrooms_classroom_name, classrooms.subject AS classrooms_subject, classrooms.semester AS classrooms_semester, classrooms.section AS classrooms_section, classrooms.teacher_id AS classrooms_teacher_id, classrooms.class_code AS classrooms_class_code, classrooms.meeting_link AS classrooms_meeting_link, classrooms.created_at AS classrooms_created_at 
FROM classrooms 
WHERE classrooms.class_id = ?
 LIMIT ? OFFSET ?
2026-08-17 15:35:02,035 INFO sqlalchemy.engine.Engine [cached since 800.2s ago] (39, 1, 0)
2026-08-17 15:35:02,038 INFO sqlalchemy.engine.Engine SELECT teachers.teacher_id AS teachers_teacher_id, teachers.name AS teachers_name, teachers.email AS teachers_email, teachers.password_hash AS teachers_password_hash, teachers.department AS teachers_department, teachers.created_at AS teachers_created_at 
FROM teachers 
WHERE teachers.teacher_id = ?
 LIMIT ? OFFSET ?
2026-08-17 15:35:02,038 INFO sqlalchemy.engine.Engine [cached since 709.5s ago] (12, 1, 0)
2026-08-17 15:35:02,041 INFO sqlalchemy.engine.Engine SELECT count(*) AS count_1 
FROM (SELECT enrollments.enrollment_id AS enrollments_enrollment_id, enrollments.student_id AS enrollments_student_id, enrollments.class_id AS enrollments_class_id, enrollments.joined_at AS enrollments_joined_at 
FROM enrollments 
WHERE enrollments.class_id = ?) AS anon_1
2026-08-17 15:35:02,041 INFO sqlalchemy.engine.Engine [cached since 800.1s ago] (39,)
2026-08-17 15:35:02,043 INFO sqlalchemy.engine.Engine SELECT classrooms.class_id AS classrooms_class_id, classrooms.classroom_name AS classrooms_classroom_name, classrooms.subject AS classrooms_subject, classrooms.semester AS classrooms_semester, classrooms.section AS classrooms_section, classrooms.teacher_id AS classrooms_teacher_id, classrooms.class_code AS classrooms_class_code, classrooms.meeting_link AS classrooms_meeting_link, classrooms.created_at AS classrooms_created_at 
FROM classrooms 
WHERE classrooms.class_id = ?
 LIMIT ? OFFSET ?
2026-08-17 15:35:02,043 INFO sqlalchemy.engine.Engine [cached since 800.2s ago] (29, 1, 0)
2026-08-17 15:35:02,045 INFO sqlalchemy.engine.Engine SELECT teachers.teacher_id AS teachers_teacher_id, teachers.name AS teachers_name, teachers.email AS teachers_email, teachers.password_hash AS teachers_password_hash, teachers.department AS teachers_department, teachers.created_at AS teachers_created_at 
FROM teachers 
WHERE teachers.teacher_id = ?
 LIMIT ? OFFSET ?
2026-08-17 15:35:02,046 INFO sqlalchemy.engine.Engine [cached since 709.5s ago] (8, 1, 0)
2026-08-17 15:35:02,048 INFO sqlalchemy.engine.Engine SELECT count(*) AS count_1 
FROM (SELECT enrollments.enrollment_id AS enrollments_enrollment_id, enrollments.student_id AS enrollments_student_id, enrollments.class_id AS enrollments_class_id, enrollments.joined_at AS enrollments_joined_at 
FROM enrollments 
WHERE enrollments.class_id = ?) AS anon_1
2026-08-17 15:35:02,049 INFO sqlalchemy.engine.Engine [cached since 800.1s ago] (29,)
2026-08-17 15:35:02,050 INFO sqlalchemy.engine.Engine ROLLBACK
127.0.0.1 - - [17/Aug/2026 15:35:02] "GET /live-classes HTTP/1.1" 200 -
127.0.0.1 - - [17/Aug/2026 15:35:12] "OPTIONS /live-classes HTTP/1.1" 200 -
VERIFY SECRET: student_engagement_secret_key
TOKEN RECEIVED: eyJhbGciOiJIUzI1NiIsInR5cCI6IkpXVCJ9.eyJ1c2VyX2lkIjoyMSwicm9sZSI6InN0dWRlbnQiLCJleHAiOjE3ODcwNDY4NDF9.PlDEXZkYORFOkUJAGJRYAkTnJ7aOPPPpUqCuHKtHDJU
2026-08-17 15:35:12,072 INFO sqlalchemy.engine.Engine BEGIN (implicit)
2026-08-17 15:35:12,073 INFO sqlalchemy.engine.Engine SELECT sessions.session_id AS sessions_session_id, sessions.class_id AS sessions_class_id, sessions.teacher_id AS sessions_teacher_id, sessions.start_time AS sessions_start_time, sessions.end_time AS sessions_end_time, sessions.is_active AS sessions_is_active 
FROM sessions 
WHERE sessions.is_active = 1 ORDER BY sessions.start_time DESC
2026-08-17 15:35:12,073 INFO sqlalchemy.engine.Engine [cached since 719.5s ago] ()
2026-08-17 15:35:12,076 INFO sqlalchemy.engine.Engine SELECT classrooms.class_id AS classrooms_class_id, classrooms.classroom_name AS classrooms_classroom_name, classrooms.subject AS classrooms_subject, classrooms.semester AS classrooms_semester, classrooms.section AS classrooms_section, classrooms.teacher_id AS classrooms_teacher_id, classrooms.class_code AS classrooms_class_code, classrooms.meeting_link AS classrooms_meeting_link, classrooms.created_at AS classrooms_created_at 
FROM classrooms 
WHERE classrooms.class_id = ?
 LIMIT ? OFFSET ?
2026-08-17 15:35:12,077 INFO sqlalchemy.engine.Engine [cached since 810.2s ago] (39, 1, 0)
2026-08-17 15:35:12,079 INFO sqlalchemy.engine.Engine SELECT teachers.teacher_id AS teachers_teacher_id, teachers.name AS teachers_name, teachers.email AS teachers_email, teachers.password_hash AS teachers_password_hash, teachers.department AS teachers_department, teachers.created_at AS teachers_created_at 
FROM teachers 
WHERE teachers.teacher_id = ?
 LIMIT ? OFFSET ?
2026-08-17 15:35:12,079 INFO sqlalchemy.engine.Engine [cached since 719.5s ago] (12, 1, 0)
2026-08-17 15:35:12,082 INFO sqlalchemy.engine.Engine SELECT count(*) AS count_1 
FROM (SELECT enrollments.enrollment_id AS enrollments_enrollment_id, enrollments.student_id AS enrollments_student_id, enrollments.class_id AS enrollments_class_id, enrollments.joined_at AS enrollments_joined_at 
FROM enrollments 
WHERE enrollments.class_id = ?) AS anon_1
2026-08-17 15:35:12,082 INFO sqlalchemy.engine.Engine [cached since 810.1s ago] (39,)
2026-08-17 15:35:12,083 INFO sqlalchemy.engine.Engine SELECT classrooms.class_id AS classrooms_class_id, classrooms.classroom_name AS classrooms_classroom_name, classrooms.subject AS classrooms_subject, classrooms.semester AS classrooms_semester, classrooms.section AS classrooms_section, classrooms.teacher_id AS classrooms_teacher_id, classrooms.class_code AS classrooms_class_code, classrooms.meeting_link AS classrooms_meeting_link, classrooms.created_at AS classrooms_created_at 
FROM classrooms 
WHERE classrooms.class_id = ?
 LIMIT ? OFFSET ?
2026-08-17 15:35:12,084 INFO sqlalchemy.engine.Engine [cached since 810.2s ago] (29, 1, 0)
2026-08-17 15:35:12,086 INFO sqlalchemy.engine.Engine SELECT teachers.teacher_id AS teachers_teacher_id, teachers.name AS teachers_name, teachers.email AS teachers_email, teachers.password_hash AS teachers_password_hash, teachers.department AS teachers_department, teachers.created_at AS teachers_created_at 
FROM teachers 
WHERE teachers.teacher_id = ?
 LIMIT ? OFFSET ?
2026-08-17 15:35:12,086 INFO sqlalchemy.engine.Engine [cached since 719.5s ago] (8, 1, 0)
2026-08-17 15:35:12,089 INFO sqlalchemy.engine.Engine SELECT count(*) AS count_1 
FROM (SELECT enrollments.enrollment_id AS enrollments_enrollment_id, enrollments.student_id AS enrollments_student_id, enrollments.class_id AS enrollments_class_id, enrollments.joined_at AS enrollments_joined_at 
FROM enrollments 
WHERE enrollments.class_id = ?) AS anon_1
2026-08-17 15:35:12,089 INFO sqlalchemy.engine.Engine [cached since 810.1s ago] (29,)
2026-08-17 15:35:12,091 INFO sqlalchemy.engine.Engine ROLLBACK
127.0.0.1 - - [17/Aug/2026 15:35:12] "GET /live-classes HTTP/1.1" 200 -
127.0.0.1 - - [17/Aug/2026 15:35:22] "OPTIONS /live-classes HTTP/1.1" 200 -
VERIFY SECRET: student_engagement_secret_key
TOKEN RECEIVED: eyJhbGciOiJIUzI1NiIsInR5cCI6IkpXVCJ9.eyJ1c2VyX2lkIjoyMSwicm9sZSI6InN0dWRlbnQiLCJleHAiOjE3ODcwNDY4NDF9.PlDEXZkYORFOkUJAGJRYAkTnJ7aOPPPpUqCuHKtHDJU
2026-08-17 15:35:22,113 INFO sqlalchemy.engine.Engine BEGIN (implicit)
2026-08-17 15:35:22,113 INFO sqlalchemy.engine.Engine SELECT sessions.session_id AS sessions_session_id, sessions.class_id AS sessions_class_id, sessions.teacher_id AS sessions_teacher_id, sessions.start_time AS sessions_start_time, sessions.end_time AS sessions_end_time, sessions.is_active AS sessions_is_active 
FROM sessions 
WHERE sessions.is_active = 1 ORDER BY sessions.start_time DESC
2026-08-17 15:35:22,114 INFO sqlalchemy.engine.Engine [cached since 729.6s ago] ()
2026-08-17 15:35:22,116 INFO sqlalchemy.engine.Engine SELECT classrooms.class_id AS classrooms_class_id, classrooms.classroom_name AS classrooms_classroom_name, classrooms.subject AS classrooms_subject, classrooms.semester AS classrooms_semester, classrooms.section AS classrooms_section, classrooms.teacher_id AS classrooms_teacher_id, classrooms.class_code AS classrooms_class_code, classrooms.meeting_link AS classrooms_meeting_link, classrooms.created_at AS classrooms_created_at 
FROM classrooms 
WHERE classrooms.class_id = ?
 LIMIT ? OFFSET ?
2026-08-17 15:35:22,116 INFO sqlalchemy.engine.Engine [cached since 820.3s ago] (39, 1, 0)
2026-08-17 15:35:22,118 INFO sqlalchemy.engine.Engine SELECT teachers.teacher_id AS teachers_teacher_id, teachers.name AS teachers_name, teachers.email AS teachers_email, teachers.password_hash AS teachers_password_hash, teachers.department AS teachers_department, teachers.created_at AS teachers_created_at 
FROM teachers 
WHERE teachers.teacher_id = ?
 LIMIT ? OFFSET ?
2026-08-17 15:35:22,118 INFO sqlalchemy.engine.Engine [cached since 729.6s ago] (12, 1, 0)
2026-08-17 15:35:22,121 INFO sqlalchemy.engine.Engine SELECT count(*) AS count_1 
FROM (SELECT enrollments.enrollment_id AS enrollments_enrollment_id, enrollments.student_id AS enrollments_student_id, enrollments.class_id AS enrollments_class_id, enrollments.joined_at AS enrollments_joined_at 
FROM enrollments 
WHERE enrollments.class_id = ?) AS anon_1
2026-08-17 15:35:22,121 INFO sqlalchemy.engine.Engine [cached since 820.1s ago] (39,)
2026-08-17 15:35:22,123 INFO sqlalchemy.engine.Engine SELECT classrooms.class_id AS classrooms_class_id, classrooms.classroom_name AS classrooms_classroom_name, classrooms.subject AS classrooms_subject, classrooms.semester AS classrooms_semester, classrooms.section AS classrooms_section, classrooms.teacher_id AS classrooms_teacher_id, classrooms.class_code AS classrooms_class_code, classrooms.meeting_link AS classrooms_meeting_link, classrooms.created_at AS classrooms_created_at 
FROM classrooms 
WHERE classrooms.class_id = ?
 LIMIT ? OFFSET ?
2026-08-17 15:35:22,123 INFO sqlalchemy.engine.Engine [cached since 820.3s ago] (29, 1, 0)
2026-08-17 15:35:22,126 INFO sqlalchemy.engine.Engine SELECT teachers.teacher_id AS teachers_teacher_id, teachers.name AS teachers_name, teachers.email AS teachers_email, teachers.password_hash AS teachers_password_hash, teachers.department AS teachers_department, teachers.created_at AS teachers_created_at 
FROM teachers 
WHERE teachers.teacher_id = ?
 LIMIT ? OFFSET ?
2026-08-17 15:35:22,126 INFO sqlalchemy.engine.Engine [cached since 729.6s ago] (8, 1, 0)
2026-08-17 15:35:22,128 INFO sqlalchemy.engine.Engine SELECT count(*) AS count_1 
FROM (SELECT enrollments.enrollment_id AS enrollments_enrollment_id, enrollments.student_id AS enrollments_student_id, enrollments.class_id AS enrollments_class_id, enrollments.joined_at AS enrollments_joined_at 
FROM enrollments 
WHERE enrollments.class_id = ?) AS anon_1
2026-08-17 15:35:22,129 INFO sqlalchemy.engine.Engine [cached since 820.1s ago] (29,)
2026-08-17 15:35:22,130 INFO sqlalchemy.engine.Engine ROLLBACK
127.0.0.1 - - [17/Aug/2026 15:35:22] "GET /live-classes HTTP/1.1" 200 -
127.0.0.1 - - [17/Aug/2026 15:36:26] "OPTIONS /teacher/end-session/39 HTTP/1.1" 200 -
VERIFY SECRET: student_engagement_secret_key
TOKEN RECEIVED: eyJhbGciOiJIUzI1NiIsInR5cCI6IkpXVCJ9.eyJ1c2VyX2lkIjoxMiwicm9sZSI6InRlYWNoZXIiLCJleHAiOjE3ODcwNDY2ODl9.yVJ4JsVhsjAWFUrocHOh5y-w96y3VU9ozx9TBqOHixI
2026-08-17 15:36:26,062 INFO sqlalchemy.engine.Engine BEGIN (implicit)
2026-08-17 15:36:26,063 INFO sqlalchemy.engine.Engine SELECT sessions.session_id AS sessions_session_id, sessions.class_id AS sessions_class_id, sessions.teacher_id AS sessions_teacher_id, sessions.start_time AS sessions_start_time, sessions.end_time AS sessions_end_time, sessions.is_active AS sessions_is_active 
FROM sessions 
WHERE sessions.class_id = ? AND sessions.is_active = 1
 LIMIT ? OFFSET ?
2026-08-17 15:36:26,063 INFO sqlalchemy.engine.Engine [cached since 884.2s ago] (39, 1, 0)
2026-08-17 15:36:26,066 INFO sqlalchemy.engine.Engine UPDATE sessions SET end_time=CURRENT_TIMESTAMP, is_active=? WHERE sessions.session_id = ?
2026-08-17 15:36:26,066 INFO sqlalchemy.engine.Engine [cached since 637s ago] (0, 40)
2026-08-17 15:36:26,071 INFO sqlalchemy.engine.Engine COMMIT
2026-08-17 15:36:26,081 INFO sqlalchemy.engine.Engine BEGIN (implicit)
2026-08-17 15:36:26,082 INFO sqlalchemy.engine.Engine SELECT sessions.session_id, sessions.class_id, sessions.teacher_id, sessions.start_time, sessions.end_time, sessions.is_active 
FROM sessions 
WHERE sessions.session_id = ?
2026-08-17 15:36:26,082 INFO sqlalchemy.engine.Engine [cached since 884.2s ago] (40,)
2026-08-17 15:36:26,084 INFO sqlalchemy.engine.Engine SELECT enrollments.enrollment_id AS enrollments_enrollment_id, enrollments.student_id AS enrollments_student_id, enrollments.class_id AS enrollments_class_id, enrollments.joined_at AS enrollments_joined_at 
FROM enrollments 
WHERE enrollments.class_id = ?
2026-08-17 15:36:26,084 INFO sqlalchemy.engine.Engine [cached since 637s ago] (39,)
2026-08-17 15:36:26,086 INFO sqlalchemy.engine.Engine SELECT engagement_records.record_id AS engagement_records_record_id, engagement_records.session_id AS engagement_records_session_id, engagement_records.student_id AS engagement_records_student_id, engagement_records.timestamp AS engagement_records_timestamp, engagement_records.emotion AS engagement_records_emotion, engagement_records.blink_count AS engagement_records_blink_count, engagement_records.head_pose AS engagement_records_head_pose, engagement_records.gaze AS engagement_records_gaze, engagement_records.phone_detected AS engagement_records_phone_detected, engagement_records.multiple_person AS engagement_records_multiple_person, engagement_records.engagement_score AS engagement_records_engagement_score, engagement_records.engagement_status AS engagement_records_engagement_status, engagement_records.fps AS engagement_records_fps, engagement_records.extra_metrics AS engagement_records_extra_metrics, engagement_records.camera_status AS engagement_records_camera_status, engagement_records.internet_status AS engagement_records_internet_status, engagement_records.device_type AS engagement_records_device_type 
FROM engagement_records 
WHERE engagement_records.session_id = ? ORDER BY engagement_records.timestamp ASC
2026-08-17 15:36:26,086 INFO sqlalchemy.engine.Engine [cached since 637s ago] (40,)
2026-08-17 15:36:26,113 INFO sqlalchemy.engine.Engine SELECT attendance.attendance_id AS attendance_attendance_id, attendance.student_id AS attendance_student_id, attendance.class_id AS attendance_class_id, attendance.session_id AS attendance_session_id, attendance.status AS attendance_status, attendance.created_at AS attendance_created_at 
FROM attendance 
WHERE attendance.session_id = ? AND attendance.student_id = ?
 LIMIT ? OFFSET ?
2026-08-17 15:36:26,114 INFO sqlalchemy.engine.Engine [cached since 637s ago] (40, 21, 1, 0)
2026-08-17 15:36:26,116 INFO sqlalchemy.engine.Engine INSERT INTO attendance (student_id, class_id, session_id, status) VALUES (?, ?, ?, ?) RETURNING attendance_id, created_at
2026-08-17 15:36:26,116 INFO sqlalchemy.engine.Engine [cached since 637s ago] (21, 39, 40, 1)
2026-08-17 15:36:26,121 INFO sqlalchemy.engine.Engine COMMIT
2026-08-17 15:36:26,138 INFO sqlalchemy.engine.Engine BEGIN (implicit)
2026-08-17 15:36:26,139 INFO sqlalchemy.engine.Engine SELECT attendance.attendance_id, attendance.student_id, attendance.class_id, attendance.session_id, attendance.status, attendance.created_at 
FROM attendance 
WHERE attendance.attendance_id = ?
2026-08-17 15:36:26,140 INFO sqlalchemy.engine.Engine [cached since 637s ago] (25,)
2026-08-17 15:36:26,143 INFO sqlalchemy.engine.Engine SELECT sessions.session_id AS sessions_session_id, sessions.class_id AS sessions_class_id, sessions.teacher_id AS sessions_teacher_id, sessions.start_time AS sessions_start_time, sessions.end_time AS sessions_end_time, sessions.is_active AS sessions_is_active 
FROM sessions 
WHERE sessions.session_id = ?
2026-08-17 15:36:26,144 INFO sqlalchemy.engine.Engine [cached since 713.8s ago] (40,)
2026-08-17 15:36:26,161 INFO sqlalchemy.engine.Engine ROLLBACK
127.0.0.1 - - [17/Aug/2026 15:36:26] "POST /teacher/end-session/39 HTTP/1.1" 200 -
127.0.0.1 - - [17/Aug/2026 15:36:26] "OPTIONS /teacher/classrooms HTTP/1.1" 200 -
VERIFY SECRET: student_engagement_secret_key
TOKEN RECEIVED: eyJhbGciOiJIUzI1NiIsInR5cCI6IkpXVCJ9.eyJ1c2VyX2lkIjoxMiwicm9sZSI6InRlYWNoZXIiLCJleHAiOjE3ODcwNDY2ODl9.yVJ4JsVhsjAWFUrocHOh5y-w96y3VU9ozx9TBqOHixI
2026-08-17 15:36:26,215 INFO sqlalchemy.engine.Engine BEGIN (implicit)
2026-08-17 15:36:26,216 INFO sqlalchemy.engine.Engine SELECT classrooms.class_id AS classrooms_class_id, classrooms.classroom_name AS classrooms_classroom_name, classrooms.subject AS classrooms_subject, classrooms.semester AS classrooms_semester, classrooms.section AS classrooms_section, classrooms.teacher_id AS classrooms_teacher_id, classrooms.class_code AS classrooms_class_code, classrooms.meeting_link AS classrooms_meeting_link, classrooms.created_at AS classrooms_created_at 
FROM classrooms 
WHERE classrooms.teacher_id = ?
2026-08-17 15:36:26,217 INFO sqlalchemy.engine.Engine [cached since 895.8s ago] (12,)
2026-08-17 15:36:26,220 INFO sqlalchemy.engine.Engine SELECT sessions.session_id AS sessions_session_id, sessions.class_id AS sessions_class_id, sessions.teacher_id AS sessions_teacher_id, sessions.start_time AS sessions_start_time, sessions.end_time AS sessions_end_time, sessions.is_active AS sessions_is_active 
FROM sessions 
WHERE sessions.class_id = ? ORDER BY sessions.session_id DESC
 LIMIT ? OFFSET ?
2026-08-17 15:36:26,220 INFO sqlalchemy.engine.Engine [cached since 884.3s ago] (38, 1, 0)
2026-08-17 15:36:26,223 INFO sqlalchemy.engine.Engine SELECT count(*) AS count_1 
FROM (SELECT enrollments.enrollment_id AS enrollments_enrollment_id, enrollments.student_id AS enrollments_student_id, enrollments.class_id AS enrollments_class_id, enrollments.joined_at AS enrollments_joined_at 
FROM enrollments 
WHERE enrollments.class_id = ?) AS anon_1
2026-08-17 15:36:26,223 INFO sqlalchemy.engine.Engine [cached since 884.2s ago] (38,)
2026-08-17 15:36:26,225 INFO sqlalchemy.engine.Engine SELECT attendance.attendance_id AS attendance_attendance_id, attendance.student_id AS attendance_student_id, attendance.class_id AS attendance_class_id, attendance.session_id AS attendance_session_id, attendance.status AS attendance_status, attendance.created_at AS attendance_created_at 
FROM attendance 
WHERE attendance.session_id = ? AND attendance.status = ?
2026-08-17 15:36:26,225 INFO sqlalchemy.engine.Engine [cached since 636.9s ago] (39, 1)
2026-08-17 15:36:26,227 INFO sqlalchemy.engine.Engine SELECT engagement_records.engagement_score AS engagement_records_engagement_score 
FROM engagement_records 
WHERE engagement_records.session_id = ?
2026-08-17 15:36:26,228 INFO sqlalchemy.engine.Engine [cached since 884.2s ago] (39,)
2026-08-17 15:36:26,231 INFO sqlalchemy.engine.Engine SELECT sessions.session_id AS sessions_session_id, sessions.class_id AS sessions_class_id, sessions.teacher_id AS sessions_teacher_id, sessions.start_time AS sessions_start_time, sessions.end_time AS sessions_end_time, sessions.is_active AS sessions_is_active 
FROM sessions 
WHERE sessions.class_id = ? ORDER BY sessions.session_id DESC
 LIMIT ? OFFSET ?
2026-08-17 15:36:26,231 INFO sqlalchemy.engine.Engine [cached since 884.3s ago] (39, 1, 0)
2026-08-17 15:36:26,234 INFO sqlalchemy.engine.Engine SELECT count(*) AS count_1 
FROM (SELECT enrollments.enrollment_id AS enrollments_enrollment_id, enrollments.student_id AS enrollments_student_id, enrollments.class_id AS enrollments_class_id, enrollments.joined_at AS enrollments_joined_at 
FROM enrollments 
WHERE enrollments.class_id = ?) AS anon_1
2026-08-17 15:36:26,234 INFO sqlalchemy.engine.Engine [cached since 884.3s ago] (39,)
2026-08-17 15:36:26,236 INFO sqlalchemy.engine.Engine SELECT attendance.attendance_id AS attendance_attendance_id, attendance.student_id AS attendance_student_id, attendance.class_id AS attendance_class_id, attendance.session_id AS attendance_session_id, attendance.status AS attendance_status, attendance.created_at AS attendance_created_at 
FROM attendance 
WHERE attendance.session_id = ? AND attendance.status = ?
2026-08-17 15:36:26,236 INFO sqlalchemy.engine.Engine [cached since 636.9s ago] (40, 1)
2026-08-17 15:36:26,238 INFO sqlalchemy.engine.Engine SELECT engagement_records.engagement_score AS engagement_records_engagement_score 
FROM engagement_records 
WHERE engagement_records.session_id = ?
2026-08-17 15:36:26,238 INFO sqlalchemy.engine.Engine [cached since 884.2s ago] (40,)
2026-08-17 15:36:26,243 INFO sqlalchemy.engine.Engine ROLLBACK
127.0.0.1 - - [17/Aug/2026 15:36:26] "GET /teacher/classrooms HTTP/1.1" 200 -
127.0.0.1 - - [17/Aug/2026 15:36:33] "OPTIONS /teacher/create-classroom HTTP/1.1" 200 -
VERIFY SECRET: student_engagement_secret_key
TOKEN RECEIVED: eyJhbGciOiJIUzI1NiIsInR5cCI6IkpXVCJ9.eyJ1c2VyX2lkIjoxMiwicm9sZSI6InRlYWNoZXIiLCJleHAiOjE3ODcwNDY2ODl9.yVJ4JsVhsjAWFUrocHOh5y-w96y3VU9ozx9TBqOHixI
2026-08-17 15:36:33,285 INFO sqlalchemy.engine.Engine BEGIN (implicit)
2026-08-17 15:36:33,287 INFO sqlalchemy.engine.Engine SELECT classrooms.class_id AS classrooms_class_id, classrooms.classroom_name AS classrooms_classroom_name, classrooms.subject AS classrooms_subject, classrooms.semester AS classrooms_semester, classrooms.section AS classrooms_section, classrooms.teacher_id AS classrooms_teacher_id, classrooms.class_code AS classrooms_class_code, classrooms.meeting_link AS classrooms_meeting_link, classrooms.created_at AS classrooms_created_at 
FROM classrooms 
WHERE classrooms.class_code = ?
 LIMIT ? OFFSET ?
2026-08-17 15:36:33,288 INFO sqlalchemy.engine.Engine [cached since 891.5s ago] ('NFVQMQ', 1, 0)
2026-08-17 15:36:33,290 INFO sqlalchemy.engine.Engine INSERT INTO classrooms (classroom_name, subject, semester, section, teacher_id, class_code, meeting_link) VALUES (?, ?, ?, ?, ?, ?, ?) RETURNING class_id, created_at
2026-08-17 15:36:33,290 INFO sqlalchemy.engine.Engine [cached since 891.5s ago] ('waaa', 'Machine Learning', 1, 'A', 12, 'NFVQMQ', None)
2026-08-17 15:36:33,301 INFO sqlalchemy.engine.Engine COMMIT
2026-08-17 15:36:33,313 INFO sqlalchemy.engine.Engine BEGIN (implicit)
2026-08-17 15:36:33,314 INFO sqlalchemy.engine.Engine SELECT classrooms.class_id, classrooms.classroom_name, classrooms.subject, classrooms.semester, classrooms.section, classrooms.teacher_id, classrooms.class_code, classrooms.meeting_link, classrooms.created_at 
FROM classrooms 
WHERE classrooms.class_id = ?
2026-08-17 15:36:33,314 INFO sqlalchemy.engine.Engine [cached since 891.5s ago] (40,)
2026-08-17 15:36:33,316 INFO sqlalchemy.engine.Engine ROLLBACK
127.0.0.1 - - [17/Aug/2026 15:36:33] "POST /teacher/create-classroom HTTP/1.1" 201 -
127.0.0.1 - - [17/Aug/2026 15:36:33] "OPTIONS /teacher/start-session/40 HTTP/1.1" 200 -
VERIFY SECRET: student_engagement_secret_key
TOKEN RECEIVED: eyJhbGciOiJIUzI1NiIsInR5cCI6IkpXVCJ9.eyJ1c2VyX2lkIjoxMiwicm9sZSI6InRlYWNoZXIiLCJleHAiOjE3ODcwNDY2ODl9.yVJ4JsVhsjAWFUrocHOh5y-w96y3VU9ozx9TBqOHixI
2026-08-17 15:36:33,341 INFO sqlalchemy.engine.Engine BEGIN (implicit)
2026-08-17 15:36:33,342 INFO sqlalchemy.engine.Engine SELECT classrooms.class_id AS classrooms_class_id, classrooms.classroom_name AS classrooms_classroom_name, classrooms.subject AS classrooms_subject, classrooms.semester AS classrooms_semester, classrooms.section AS classrooms_section, classrooms.teacher_id AS classrooms_teacher_id, classrooms.class_code AS classrooms_class_code, classrooms.meeting_link AS classrooms_meeting_link, classrooms.created_at AS classrooms_created_at 
FROM classrooms 
WHERE classrooms.class_id = ?
 LIMIT ? OFFSET ?
2026-08-17 15:36:33,343 INFO sqlalchemy.engine.Engine [cached since 891.5s ago] (40, 1, 0)
2026-08-17 15:36:33,345 INFO sqlalchemy.engine.Engine SELECT sessions.session_id AS sessions_session_id, sessions.class_id AS sessions_class_id, sessions.teacher_id AS sessions_teacher_id, sessions.start_time AS sessions_start_time, sessions.end_time AS sessions_end_time, sessions.is_active AS sessions_is_active 
FROM sessions 
WHERE sessions.class_id = ? AND sessions.is_active = 1
 LIMIT ? OFFSET ?
2026-08-17 15:36:33,345 INFO sqlalchemy.engine.Engine [cached since 891.5s ago] (40, 1, 0)
2026-08-17 15:36:33,347 INFO sqlalchemy.engine.Engine INSERT INTO sessions (class_id, teacher_id, end_time, is_active) VALUES (?, ?, ?, ?) RETURNING session_id, start_time
2026-08-17 15:36:33,347 INFO sqlalchemy.engine.Engine [cached since 891.5s ago] (40, 12, None, 1)
2026-08-17 15:36:33,352 INFO sqlalchemy.engine.Engine COMMIT
2026-08-17 15:36:33,364 INFO sqlalchemy.engine.Engine BEGIN (implicit)
2026-08-17 15:36:33,365 INFO sqlalchemy.engine.Engine SELECT sessions.session_id, sessions.class_id, sessions.teacher_id, sessions.start_time, sessions.end_time, sessions.is_active 
FROM sessions 
WHERE sessions.session_id = ?
2026-08-17 15:36:33,365 INFO sqlalchemy.engine.Engine [cached since 891.5s ago] (41,)
2026-08-17 15:36:33,367 INFO sqlalchemy.engine.Engine ROLLBACK
127.0.0.1 - - [17/Aug/2026 15:36:33] "POST /teacher/start-session/40 HTTP/1.1" 201 -
127.0.0.1 - - [17/Aug/2026 15:36:33] "OPTIONS /teacher/classrooms HTTP/1.1" 200 -
VERIFY SECRET: student_engagement_secret_key
TOKEN RECEIVED: eyJhbGciOiJIUzI1NiIsInR5cCI6IkpXVCJ9.eyJ1c2VyX2lkIjoxMiwicm9sZSI6InRlYWNoZXIiLCJleHAiOjE3ODcwNDY2ODl9.yVJ4JsVhsjAWFUrocHOh5y-w96y3VU9ozx9TBqOHixI
2026-08-17 15:36:33,399 INFO sqlalchemy.engine.Engine BEGIN (implicit)
2026-08-17 15:36:33,400 INFO sqlalchemy.engine.Engine SELECT classrooms.class_id AS classrooms_class_id, classrooms.classroom_name AS classrooms_classroom_name, classrooms.subject AS classrooms_subject, classrooms.semester AS classrooms_semester, classrooms.section AS classrooms_section, classrooms.teacher_id AS classrooms_teacher_id, classrooms.class_code AS classrooms_class_code, classrooms.meeting_link AS classrooms_meeting_link, classrooms.created_at AS classrooms_created_at 
FROM classrooms 
WHERE classrooms.teacher_id = ?
2026-08-17 15:36:33,400 INFO sqlalchemy.engine.Engine [cached since 903s ago] (12,)
2026-08-17 15:36:33,403 INFO sqlalchemy.engine.Engine SELECT sessions.session_id AS sessions_session_id, sessions.class_id AS sessions_class_id, sessions.teacher_id AS sessions_teacher_id, sessions.start_time AS sessions_start_time, sessions.end_time AS sessions_end_time, sessions.is_active AS sessions_is_active 
FROM sessions 
WHERE sessions.class_id = ? ORDER BY sessions.session_id DESC
 LIMIT ? OFFSET ?
2026-08-17 15:36:33,403 INFO sqlalchemy.engine.Engine [cached since 891.5s ago] (38, 1, 0)
2026-08-17 15:36:33,406 INFO sqlalchemy.engine.Engine SELECT count(*) AS count_1 
FROM (SELECT enrollments.enrollment_id AS enrollments_enrollment_id, enrollments.student_id AS enrollments_student_id, enrollments.class_id AS enrollments_class_id, enrollments.joined_at AS enrollments_joined_at 
FROM enrollments 
WHERE enrollments.class_id = ?) AS anon_1
2026-08-17 15:36:33,406 INFO sqlalchemy.engine.Engine [cached since 891.4s ago] (38,)
2026-08-17 15:36:33,408 INFO sqlalchemy.engine.Engine SELECT attendance.attendance_id AS attendance_attendance_id, attendance.student_id AS attendance_student_id, attendance.class_id AS attendance_class_id, attendance.session_id AS attendance_session_id, attendance.status AS attendance_status, attendance.created_at AS attendance_created_at 
FROM attendance 
WHERE attendance.session_id = ? AND attendance.status = ?
2026-08-17 15:36:33,408 INFO sqlalchemy.engine.Engine [cached since 644.1s ago] (39, 1)
2026-08-17 15:36:33,410 INFO sqlalchemy.engine.Engine SELECT engagement_records.engagement_score AS engagement_records_engagement_score 
FROM engagement_records 
WHERE engagement_records.session_id = ?
2026-08-17 15:36:33,410 INFO sqlalchemy.engine.Engine [cached since 891.4s ago] (39,)
2026-08-17 15:36:33,416 INFO sqlalchemy.engine.Engine SELECT sessions.session_id AS sessions_session_id, sessions.class_id AS sessions_class_id, sessions.teacher_id AS sessions_teacher_id, sessions.start_time AS sessions_start_time, sessions.end_time AS sessions_end_time, sessions.is_active AS sessions_is_active 
FROM sessions 
WHERE sessions.class_id = ? ORDER BY sessions.session_id DESC
 LIMIT ? OFFSET ?
2026-08-17 15:36:33,416 INFO sqlalchemy.engine.Engine [cached since 891.5s ago] (39, 1, 0)
2026-08-17 15:36:33,420 INFO sqlalchemy.engine.Engine SELECT count(*) AS count_1 
FROM (SELECT enrollments.enrollment_id AS enrollments_enrollment_id, enrollments.student_id AS enrollments_student_id, enrollments.class_id AS enrollments_class_id, enrollments.joined_at AS enrollments_joined_at 
FROM enrollments 
WHERE enrollments.class_id = ?) AS anon_1
2026-08-17 15:36:33,420 INFO sqlalchemy.engine.Engine [cached since 891.4s ago] (39,)
2026-08-17 15:36:33,422 INFO sqlalchemy.engine.Engine SELECT attendance.attendance_id AS attendance_attendance_id, attendance.student_id AS attendance_student_id, attendance.class_id AS attendance_class_id, attendance.session_id AS attendance_session_id, attendance.status AS attendance_status, attendance.created_at AS attendance_created_at 
FROM attendance 
WHERE attendance.session_id = ? AND attendance.status = ?
2026-08-17 15:36:33,422 INFO sqlalchemy.engine.Engine [cached since 644.1s ago] (40, 1)
2026-08-17 15:36:33,423 INFO sqlalchemy.engine.Engine SELECT engagement_records.engagement_score AS engagement_records_engagement_score 
FROM engagement_records 
WHERE engagement_records.session_id = ?
2026-08-17 15:36:33,423 INFO sqlalchemy.engine.Engine [cached since 891.4s ago] (40,)
2026-08-17 15:36:33,429 INFO sqlalchemy.engine.Engine SELECT sessions.session_id AS sessions_session_id, sessions.class_id AS sessions_class_id, sessions.teacher_id AS sessions_teacher_id, sessions.start_time AS sessions_start_time, sessions.end_time AS sessions_end_time, sessions.is_active AS sessions_is_active 
FROM sessions 
WHERE sessions.class_id = ? ORDER BY sessions.session_id DESC
 LIMIT ? OFFSET ?
2026-08-17 15:36:33,431 INFO sqlalchemy.engine.Engine [cached since 891.5s ago] (40, 1, 0)
2026-08-17 15:36:33,439 INFO sqlalchemy.engine.Engine SELECT count(*) AS count_1 
FROM (SELECT enrollments.enrollment_id AS enrollments_enrollment_id, enrollments.student_id AS enrollments_student_id, enrollments.class_id AS enrollments_class_id, enrollments.joined_at AS enrollments_joined_at 
FROM enrollments 
WHERE enrollments.class_id = ?) AS anon_1
2026-08-17 15:36:33,439 INFO sqlalchemy.engine.Engine [cached since 891.5s ago] (40,)
2026-08-17 15:36:33,440 INFO sqlalchemy.engine.Engine SELECT DISTINCT engagement_records.student_id AS engagement_records_student_id 
FROM engagement_records 
WHERE engagement_records.session_id = ?
2026-08-17 15:36:33,441 INFO sqlalchemy.engine.Engine [cached since 891.5s ago] (41,)
2026-08-17 15:36:33,444 INFO sqlalchemy.engine.Engine SELECT engagement_records.engagement_score AS engagement_records_engagement_score 
FROM engagement_records 
WHERE engagement_records.session_id = ?
2026-08-17 15:36:33,445 INFO sqlalchemy.engine.Engine [cached since 891.4s ago] (41,)
2026-08-17 15:36:33,446 INFO sqlalchemy.engine.Engine ROLLBACK
127.0.0.1 - - [17/Aug/2026 15:36:33] "GET /teacher/classrooms HTTP/1.1" 200 -
127.0.0.1 - - [17/Aug/2026 15:36:38] "OPTIONS /my-classes HTTP/1.1" 200 -
127.0.0.1 - - [17/Aug/2026 15:36:38] "OPTIONS /live-classes HTTP/1.1" 200 -
VERIFY SECRET: student_engagement_secret_key
TOKEN RECEIVED: eyJhbGciOiJIUzI1NiIsInR5cCI6IkpXVCJ9.eyJ1c2VyX2lkIjoyMSwicm9sZSI6InN0dWRlbnQiLCJleHAiOjE3ODcwNDY4NDF9.PlDEXZkYORFOkUJAGJRYAkTnJ7aOPPPpUqCuHKtHDJU
2026-08-17 15:36:38,373 INFO sqlalchemy.engine.Engine BEGIN (implicit)
2026-08-17 15:36:38,374 INFO sqlalchemy.engine.Engine SELECT classrooms.class_id AS classrooms_class_id, classrooms.classroom_name AS classrooms_classroom_name, classrooms.subject AS classrooms_subject, classrooms.semester AS classrooms_semester, classrooms.section AS classrooms_section, classrooms.teacher_id AS classrooms_teacher_id, classrooms.class_code AS classrooms_class_code, classrooms.meeting_link AS classrooms_meeting_link, classrooms.created_at AS classrooms_created_at 
FROM classrooms JOIN enrollments ON enrollments.class_id = classrooms.class_id 
WHERE enrollments.student_id = ?
2026-08-17 15:36:38,377 INFO sqlalchemy.engine.Engine [cached since 805.9s ago] (21,)
2026-08-17 15:36:38,380 INFO sqlalchemy.engine.Engine SELECT sessions.session_id AS sessions_session_id, sessions.class_id AS sessions_class_id, sessions.teacher_id AS sessions_teacher_id, sessions.start_time AS sessions_start_time, sessions.end_time AS sessions_end_time, sessions.is_active AS sessions_is_active 
FROM sessions 
WHERE sessions.class_id = ? ORDER BY sessions.session_id DESC
 LIMIT ? OFFSET ?
VERIFY SECRET: student_engagement_secret_key
TOKEN RECEIVED: eyJhbGciOiJIUzI1NiIsInR5cCI6IkpXVCJ9.eyJ1c2VyX2lkIjoyMSwicm9sZSI6InN0dWRlbnQiLCJleHAiOjE3ODcwNDY4NDF9.PlDEXZkYORFOkUJAGJRYAkTnJ7aOPPPpUqCuHKtHDJU
2026-08-17 15:36:38,383 INFO sqlalchemy.engine.Engine BEGIN (implicit)
2026-08-17 15:36:38,383 INFO sqlalchemy.engine.Engine [cached since 896.4s ago] (38, 1, 0)
2026-08-17 15:36:38,384 INFO sqlalchemy.engine.Engine SELECT sessions.session_id AS sessions_session_id, sessions.class_id AS sessions_class_id, sessions.teacher_id AS sessions_teacher_id, sessions.start_time AS sessions_start_time, sessions.end_time AS sessions_end_time, sessions.is_active AS sessions_is_active 
FROM sessions 
WHERE sessions.is_active = 1 ORDER BY sessions.start_time DESC
2026-08-17 15:36:38,384 INFO sqlalchemy.engine.Engine [cached since 805.9s ago] ()
2026-08-17 15:36:38,387 INFO sqlalchemy.engine.Engine SELECT classrooms.class_id AS classrooms_class_id, classrooms.classroom_name AS classrooms_classroom_name, classrooms.subject AS classrooms_subject, classrooms.semester AS classrooms_semester, classrooms.section AS classrooms_section, classrooms.teacher_id AS classrooms_teacher_id, classrooms.class_code AS classrooms_class_code, classrooms.meeting_link AS classrooms_meeting_link, classrooms.created_at AS classrooms_created_at 
FROM classrooms 
WHERE classrooms.class_id = ?
 LIMIT ? OFFSET ?
2026-08-17 15:36:38,389 INFO sqlalchemy.engine.Engine SELECT count(*) AS count_1 
FROM (SELECT enrollments.enrollment_id AS enrollments_enrollment_id, enrollments.student_id AS enrollments_student_id, enrollments.class_id AS enrollments_class_id, enrollments.joined_at AS enrollments_joined_at 
FROM enrollments 
WHERE enrollments.class_id = ?) AS anon_1
2026-08-17 15:36:38,390 INFO sqlalchemy.engine.Engine [cached since 896.5s ago] (40, 1, 0)
2026-08-17 15:36:38,390 INFO sqlalchemy.engine.Engine [cached since 896.4s ago] (38,)
2026-08-17 15:36:38,393 INFO sqlalchemy.engine.Engine SELECT teachers.teacher_id AS teachers_teacher_id, teachers.name AS teachers_name, teachers.email AS teachers_email, teachers.password_hash AS teachers_password_hash, teachers.department AS teachers_department, teachers.created_at AS teachers_created_at 
FROM teachers 
WHERE teachers.teacher_id = ?
 LIMIT ? OFFSET ?
2026-08-17 15:36:38,395 INFO sqlalchemy.engine.Engine SELECT attendance.attendance_id AS attendance_attendance_id, attendance.student_id AS attendance_student_id, attendance.class_id AS attendance_class_id, attendance.session_id AS attendance_session_id, attendance.status AS attendance_status, attendance.created_at AS attendance_created_at 
FROM attendance 
WHERE attendance.session_id = ? AND attendance.status = ?
2026-08-17 15:36:38,395 INFO sqlalchemy.engine.Engine [cached since 805.9s ago] (12, 1, 0)
2026-08-17 15:36:38,396 INFO sqlalchemy.engine.Engine [cached since 649s ago] (39, 1)
2026-08-17 15:36:38,399 INFO sqlalchemy.engine.Engine SELECT engagement_records.engagement_score AS engagement_records_engagement_score 
FROM engagement_records 
WHERE engagement_records.session_id = ?
2026-08-17 15:36:38,402 INFO sqlalchemy.engine.Engine [cached since 896.4s ago] (39,)
2026-08-17 15:36:38,401 INFO sqlalchemy.engine.Engine SELECT count(*) AS count_1 
FROM (SELECT enrollments.enrollment_id AS enrollments_enrollment_id, enrollments.student_id AS enrollments_student_id, enrollments.class_id AS enrollments_class_id, enrollments.joined_at AS enrollments_joined_at 
FROM enrollments 
WHERE enrollments.class_id = ?) AS anon_1
2026-08-17 15:36:38,402 INFO sqlalchemy.engine.Engine [cached since 896.4s ago] (40,)
2026-08-17 15:36:38,405 INFO sqlalchemy.engine.Engine SELECT classrooms.class_id AS classrooms_class_id, classrooms.classroom_name AS classrooms_classroom_name, classrooms.subject AS classrooms_subject, classrooms.semester AS classrooms_semester, classrooms.section AS classrooms_section, classrooms.teacher_id AS classrooms_teacher_id, classrooms.class_code AS classrooms_class_code, classrooms.meeting_link AS classrooms_meeting_link, classrooms.created_at AS classrooms_created_at 
FROM classrooms 
WHERE classrooms.class_id = ?
 LIMIT ? OFFSET ?
2026-08-17 15:36:38,407 INFO sqlalchemy.engine.Engine [cached since 896.6s ago] (29, 1, 0)
2026-08-17 15:36:38,410 INFO sqlalchemy.engine.Engine SELECT sessions.session_id AS sessions_session_id, sessions.class_id AS sessions_class_id, sessions.teacher_id AS sessions_teacher_id, sessions.start_time AS sessions_start_time, sessions.end_time AS sessions_end_time, sessions.is_active AS sessions_is_active 
FROM sessions 
WHERE sessions.class_id = ? ORDER BY sessions.session_id DESC
 LIMIT ? OFFSET ?
2026-08-17 15:36:38,412 INFO sqlalchemy.engine.Engine SELECT teachers.teacher_id AS teachers_teacher_id, teachers.name AS teachers_name, teachers.email AS teachers_email, teachers.password_hash AS teachers_password_hash, teachers.department AS teachers_department, teachers.created_at AS teachers_created_at 
FROM teachers 
WHERE teachers.teacher_id = ?
 LIMIT ? OFFSET ?
2026-08-17 15:36:38,412 INFO sqlalchemy.engine.Engine [cached since 896.5s ago] (29, 1, 0)
2026-08-17 15:36:38,413 INFO sqlalchemy.engine.Engine [cached since 805.9s ago] (8, 1, 0)
2026-08-17 15:36:38,416 INFO sqlalchemy.engine.Engine SELECT count(*) AS count_1 
FROM (SELECT enrollments.enrollment_id AS enrollments_enrollment_id, enrollments.student_id AS enrollments_student_id, enrollments.class_id AS enrollments_class_id, enrollments.joined_at AS enrollments_joined_at 
FROM enrollments 
WHERE enrollments.class_id = ?) AS anon_1
2026-08-17 15:36:38,417 INFO sqlalchemy.engine.Engine [cached since 896.4s ago] (29,)
2026-08-17 15:36:38,419 INFO sqlalchemy.engine.Engine SELECT count(*) AS count_1 
FROM (SELECT enrollments.enrollment_id AS enrollments_enrollment_id, enrollments.student_id AS enrollments_student_id, enrollments.class_id AS enrollments_class_id, enrollments.joined_at AS enrollments_joined_at 
FROM enrollments 
WHERE enrollments.class_id = ?) AS anon_1
2026-08-17 15:36:38,420 INFO sqlalchemy.engine.Engine [cached since 896.4s ago] (29,)
2026-08-17 15:36:38,422 INFO sqlalchemy.engine.Engine SELECT DISTINCT engagement_records.student_id AS engagement_records_student_id 
FROM engagement_records 
WHERE engagement_records.session_id = ?
2026-08-17 15:36:38,423 INFO sqlalchemy.engine.Engine ROLLBACK
127.0.0.1 - - [17/Aug/2026 15:36:38] "GET /live-classes HTTP/1.1" 200 -
2026-08-17 15:36:38,424 INFO sqlalchemy.engine.Engine [cached since 896.4s ago] (29,)
2026-08-17 15:36:38,430 INFO sqlalchemy.engine.Engine SELECT engagement_records.engagement_score AS engagement_records_engagement_score 
FROM engagement_records 
WHERE engagement_records.session_id = ?
2026-08-17 15:36:38,432 INFO sqlalchemy.engine.Engine [cached since 896.4s ago] (29,)
2026-08-17 15:36:38,445 INFO sqlalchemy.engine.Engine SELECT sessions.session_id AS sessions_session_id, sessions.class_id AS sessions_class_id, sessions.teacher_id AS sessions_teacher_id, sessions.start_time AS sessions_start_time, sessions.end_time AS sessions_end_time, sessions.is_active AS sessions_is_active 
FROM sessions 
WHERE sessions.class_id = ? ORDER BY sessions.session_id DESC
 LIMIT ? OFFSET ?
2026-08-17 15:36:38,446 INFO sqlalchemy.engine.Engine [cached since 896.5s ago] (39, 1, 0)
2026-08-17 15:36:38,449 INFO sqlalchemy.engine.Engine SELECT count(*) AS count_1 
FROM (SELECT enrollments.enrollment_id AS enrollments_enrollment_id, enrollments.student_id AS enrollments_student_id, enrollments.class_id AS enrollments_class_id, enrollments.joined_at AS enrollments_joined_at 
FROM enrollments 
WHERE enrollments.class_id = ?) AS anon_1
2026-08-17 15:36:38,450 INFO sqlalchemy.engine.Engine [cached since 896.5s ago] (39,)
2026-08-17 15:36:38,452 INFO sqlalchemy.engine.Engine SELECT attendance.attendance_id AS attendance_attendance_id, attendance.student_id AS attendance_student_id, attendance.class_id AS attendance_class_id, attendance.session_id AS attendance_session_id, attendance.status AS attendance_status, attendance.created_at AS attendance_created_at 
FROM attendance 
WHERE attendance.session_id = ? AND attendance.status = ?
2026-08-17 15:36:38,452 INFO sqlalchemy.engine.Engine [cached since 649.1s ago] (40, 1)
2026-08-17 15:36:38,453 INFO sqlalchemy.engine.Engine SELECT engagement_records.engagement_score AS engagement_records_engagement_score 
FROM engagement_records 
WHERE engagement_records.session_id = ?
2026-08-17 15:36:38,453 INFO sqlalchemy.engine.Engine [cached since 896.5s ago] (40,)
2026-08-17 15:36:38,459 INFO sqlalchemy.engine.Engine ROLLBACK
127.0.0.1 - - [17/Aug/2026 15:36:38] "GET /my-classes HTTP/1.1" 200 -
127.0.0.1 - - [17/Aug/2026 15:36:41] "OPTIONS /face/verify-live HTTP/1.1" 200 -
VERIFY SECRET: student_engagement_secret_key
TOKEN RECEIVED: eyJhbGciOiJIUzI1NiIsInR5cCI6IkpXVCJ9.eyJ1c2VyX2lkIjoyMSwicm9sZSI6InN0dWRlbnQiLCJleHAiOjE3ODcwNDY4NDF9.PlDEXZkYORFOkUJAGJRYAkTnJ7aOPPPpUqCuHKtHDJU
2026-08-17 15:36:41,129 INFO sqlalchemy.engine.Engine BEGIN (implicit)
2026-08-17 15:36:41,130 INFO sqlalchemy.engine.Engine SELECT face_registrations.face_id AS face_registrations_face_id, face_registrations.student_id AS face_registrations_student_id, face_registrations.embedding AS face_registrations_embedding, face_registrations.created_at AS face_registrations_created_at 
FROM face_registrations 
WHERE face_registrations.student_id = ?
 LIMIT ? OFFSET ?
2026-08-17 15:36:41,131 INFO sqlalchemy.engine.Engine [cached since 804.2s ago] (21, 1, 0)
2026-08-17 15:36:43,320 INFO sqlalchemy.engine.Engine ROLLBACK
127.0.0.1 - - [17/Aug/2026 15:36:43] "POST /face/verify-live HTTP/1.1" 200 -
127.0.0.1 - - [17/Aug/2026 15:36:43] "OPTIONS /join-live-class HTTP/1.1" 200 -
VERIFY SECRET: student_engagement_secret_key
TOKEN RECEIVED: eyJhbGciOiJIUzI1NiIsInR5cCI6IkpXVCJ9.eyJ1c2VyX2lkIjoyMSwicm9sZSI6InN0dWRlbnQiLCJleHAiOjE3ODcwNDY4NDF9.PlDEXZkYORFOkUJAGJRYAkTnJ7aOPPPpUqCuHKtHDJU
2026-08-17 15:36:43,350 INFO sqlalchemy.engine.Engine BEGIN (implicit)
2026-08-17 15:36:43,351 INFO sqlalchemy.engine.Engine SELECT classrooms.class_id AS classrooms_class_id, classrooms.classroom_name AS classrooms_classroom_name, classrooms.subject AS classrooms_subject, classrooms.semester AS classrooms_semester, classrooms.section AS classrooms_section, classrooms.teacher_id AS classrooms_teacher_id, classrooms.class_code AS classrooms_class_code, classrooms.meeting_link AS classrooms_meeting_link, classrooms.created_at AS classrooms_created_at 
FROM classrooms 
WHERE classrooms.class_id = ?
 LIMIT ? OFFSET ?
2026-08-17 15:36:43,351 INFO sqlalchemy.engine.Engine [cached since 901.5s ago] (40, 1, 0)
2026-08-17 15:36:43,354 INFO sqlalchemy.engine.Engine SELECT sessions.session_id AS sessions_session_id, sessions.class_id AS sessions_class_id, sessions.teacher_id AS sessions_teacher_id, sessions.start_time AS sessions_start_time, sessions.end_time AS sessions_end_time, sessions.is_active AS sessions_is_active 
FROM sessions 
WHERE sessions.class_id = ? AND sessions.is_active = 1
 LIMIT ? OFFSET ?
2026-08-17 15:36:43,354 INFO sqlalchemy.engine.Engine [cached since 901.5s ago] (40, 1, 0)
2026-08-17 15:36:43,356 INFO sqlalchemy.engine.Engine SELECT enrollments.enrollment_id AS enrollments_enrollment_id, enrollments.student_id AS enrollments_student_id, enrollments.class_id AS enrollments_class_id, enrollments.joined_at AS enrollments_joined_at 
FROM enrollments 
WHERE enrollments.student_id = ? AND enrollments.class_id = ?
 LIMIT ? OFFSET ?
2026-08-17 15:36:43,357 INFO sqlalchemy.engine.Engine [cached since 731.1s ago] (21, 40, 1, 0)
2026-08-17 15:36:43,359 INFO sqlalchemy.engine.Engine INSERT INTO enrollments (student_id, class_id) VALUES (?, ?) RETURNING enrollment_id, joined_at
2026-08-17 15:36:43,360 INFO sqlalchemy.engine.Engine [cached since 731.1s ago] (21, 40)
2026-08-17 15:36:43,370 INFO sqlalchemy.engine.Engine COMMIT
2026-08-17 15:36:43,380 INFO sqlalchemy.engine.Engine BEGIN (implicit)
2026-08-17 15:36:43,381 INFO sqlalchemy.engine.Engine SELECT enrollments.enrollment_id, enrollments.student_id, enrollments.class_id, enrollments.joined_at 
FROM enrollments 
WHERE enrollments.enrollment_id = ?
2026-08-17 15:36:43,381 INFO sqlalchemy.engine.Engine [cached since 731.1s ago] (34,)
2026-08-17 15:36:43,383 INFO sqlalchemy.engine.Engine SELECT classrooms.class_id AS classrooms_class_id, classrooms.classroom_name AS classrooms_classroom_name, classrooms.subject AS classrooms_subject, classrooms.semester AS classrooms_semester, classrooms.section AS classrooms_section, classrooms.teacher_id AS classrooms_teacher_id, classrooms.class_code AS classrooms_class_code, classrooms.meeting_link AS classrooms_meeting_link, classrooms.created_at AS classrooms_created_at 
FROM classrooms 
WHERE classrooms.class_id = ?
2026-08-17 15:36:43,384 INFO sqlalchemy.engine.Engine [cached since 731.1s ago] (40,)
2026-08-17 15:36:43,386 INFO sqlalchemy.engine.Engine SELECT sessions.session_id AS sessions_session_id, sessions.class_id AS sessions_class_id, sessions.teacher_id AS sessions_teacher_id, sessions.start_time AS sessions_start_time, sessions.end_time AS sessions_end_time, sessions.is_active AS sessions_is_active 
FROM sessions 
WHERE sessions.session_id = ?
2026-08-17 15:36:43,387 INFO sqlalchemy.engine.Engine [cached since 731.1s ago] (41,)
2026-08-17 15:36:43,388 INFO sqlalchemy.engine.Engine ROLLBACK
127.0.0.1 - - [17/Aug/2026 15:36:43] "POST /join-live-class HTTP/1.1" 200 -
127.0.0.1 - - [17/Aug/2026 15:36:44] "OPTIONS /join-class HTTP/1.1" 200 -
VERIFY SECRET: student_engagement_secret_key
TOKEN RECEIVED: eyJhbGciOiJIUzI1NiIsInR5cCI6IkpXVCJ9.eyJ1c2VyX2lkIjoyMSwicm9sZSI6InN0dWRlbnQiLCJleHAiOjE3ODcwNDY4NDF9.PlDEXZkYORFOkUJAGJRYAkTnJ7aOPPPpUqCuHKtHDJU
2026-08-17 15:36:44,622 INFO sqlalchemy.engine.Engine BEGIN (implicit)
2026-08-17 15:36:44,622 INFO sqlalchemy.engine.Engine SELECT classrooms.class_id AS classrooms_class_id, classrooms.classroom_name AS classrooms_classroom_name, classrooms.subject AS classrooms_subject, classrooms.semester AS classrooms_semester, classrooms.section AS classrooms_section, classrooms.teacher_id AS classrooms_teacher_id, classrooms.class_code AS classrooms_class_code, classrooms.meeting_link AS classrooms_meeting_link, classrooms.created_at AS classrooms_created_at 
FROM classrooms 
WHERE classrooms.class_code = ?
 LIMIT ? OFFSET ?
2026-08-17 15:36:44,623 INFO sqlalchemy.engine.Engine [cached since 902.8s ago] ('40', 1, 0)
2026-08-17 15:36:44,624 INFO sqlalchemy.engine.Engine SELECT classrooms.class_id AS classrooms_class_id, classrooms.classroom_name AS classrooms_classroom_name, classrooms.subject AS classrooms_subject, classrooms.semester AS classrooms_semester, classrooms.section AS classrooms_section, classrooms.teacher_id AS classrooms_teacher_id, classrooms.class_code AS classrooms_class_code, classrooms.meeting_link AS classrooms_meeting_link, classrooms.created_at AS classrooms_created_at 
FROM classrooms 
WHERE classrooms.class_id = ?
 LIMIT ? OFFSET ?
2026-08-17 15:36:44,624 INFO sqlalchemy.engine.Engine [cached since 902.8s ago] (40, 1, 0)
2026-08-17 15:36:44,625 INFO sqlalchemy.engine.Engine SELECT enrollments.enrollment_id AS enrollments_enrollment_id, enrollments.student_id AS enrollments_student_id, enrollments.class_id AS enrollments_class_id, enrollments.joined_at AS enrollments_joined_at 
FROM enrollments 
WHERE enrollments.student_id = ? AND enrollments.class_id = ?
 LIMIT ? OFFSET ?
2026-08-17 15:36:44,626 INFO sqlalchemy.engine.Engine [cached since 732.4s ago] (21, 40, 1, 0)
2026-08-17 15:36:44,628 INFO sqlalchemy.engine.Engine ROLLBACK
127.0.0.1 - - [17/Aug/2026 15:36:44] "POST /join-class HTTP/1.1" 400 -
127.0.0.1 - - [17/Aug/2026 15:37:52] "OPTIONS /teacher/end-session/40 HTTP/1.1" 200 -
VERIFY SECRET: student_engagement_secret_key
TOKEN RECEIVED: eyJhbGciOiJIUzI1NiIsInR5cCI6IkpXVCJ9.eyJ1c2VyX2lkIjoxMiwicm9sZSI6InRlYWNoZXIiLCJleHAiOjE3ODcwNDY2ODl9.yVJ4JsVhsjAWFUrocHOh5y-w96y3VU9ozx9TBqOHixI
2026-08-17 15:37:52,131 INFO sqlalchemy.engine.Engine BEGIN (implicit)
2026-08-17 15:37:52,132 INFO sqlalchemy.engine.Engine SELECT sessions.session_id AS sessions_session_id, sessions.class_id AS sessions_class_id, sessions.teacher_id AS sessions_teacher_id, sessions.start_time AS sessions_start_time, sessions.end_time AS sessions_end_time, sessions.is_active AS sessions_is_active 
FROM sessions 
WHERE sessions.class_id = ? AND sessions.is_active = 1
 LIMIT ? OFFSET ?
2026-08-17 15:37:52,132 INFO sqlalchemy.engine.Engine [cached since 970.3s ago] (40, 1, 0)
2026-08-17 15:37:52,135 INFO sqlalchemy.engine.Engine UPDATE sessions SET end_time=CURRENT_TIMESTAMP, is_active=? WHERE sessions.session_id = ?
2026-08-17 15:37:52,136 INFO sqlalchemy.engine.Engine [cached since 723s ago] (0, 41)
2026-08-17 15:37:52,145 INFO sqlalchemy.engine.Engine COMMIT
2026-08-17 15:37:52,155 INFO sqlalchemy.engine.Engine BEGIN (implicit)
2026-08-17 15:37:52,156 INFO sqlalchemy.engine.Engine SELECT sessions.session_id, sessions.class_id, sessions.teacher_id, sessions.start_time, sessions.end_time, sessions.is_active 
FROM sessions 
WHERE sessions.session_id = ?
2026-08-17 15:37:52,157 INFO sqlalchemy.engine.Engine [cached since 970.3s ago] (41,)
2026-08-17 15:37:52,159 INFO sqlalchemy.engine.Engine SELECT enrollments.enrollment_id AS enrollments_enrollment_id, enrollments.student_id AS enrollments_student_id, enrollments.class_id AS enrollments_class_id, enrollments.joined_at AS enrollments_joined_at 
FROM enrollments 
WHERE enrollments.class_id = ?
2026-08-17 15:37:52,159 INFO sqlalchemy.engine.Engine [cached since 723s ago] (40,)
2026-08-17 15:37:52,161 INFO sqlalchemy.engine.Engine SELECT engagement_records.record_id AS engagement_records_record_id, engagement_records.session_id AS engagement_records_session_id, engagement_records.student_id AS engagement_records_student_id, engagement_records.timestamp AS engagement_records_timestamp, engagement_records.emotion AS engagement_records_emotion, engagement_records.blink_count AS engagement_records_blink_count, engagement_records.head_pose AS engagement_records_head_pose, engagement_records.gaze AS engagement_records_gaze, engagement_records.phone_detected AS engagement_records_phone_detected, engagement_records.multiple_person AS engagement_records_multiple_person, engagement_records.engagement_score AS engagement_records_engagement_score, engagement_records.engagement_status AS engagement_records_engagement_status, engagement_records.fps AS engagement_records_fps, engagement_records.extra_metrics AS engagement_records_extra_metrics, engagement_records.camera_status AS engagement_records_camera_status, engagement_records.internet_status AS engagement_records_internet_status, engagement_records.device_type AS engagement_records_device_type 
FROM engagement_records 
WHERE engagement_records.session_id = ? ORDER BY engagement_records.timestamp ASC
2026-08-17 15:37:52,161 INFO sqlalchemy.engine.Engine [cached since 723s ago] (41,)
2026-08-17 15:37:52,169 INFO sqlalchemy.engine.Engine SELECT attendance.attendance_id AS attendance_attendance_id, attendance.student_id AS attendance_student_id, attendance.class_id AS attendance_class_id, attendance.session_id AS attendance_session_id, attendance.status AS attendance_status, attendance.created_at AS attendance_created_at 
FROM attendance 
WHERE attendance.session_id = ? AND attendance.student_id = ?
 LIMIT ? OFFSET ?
2026-08-17 15:37:52,170 INFO sqlalchemy.engine.Engine [cached since 723s ago] (41, 21, 1, 0)
2026-08-17 15:37:52,172 INFO sqlalchemy.engine.Engine INSERT INTO attendance (student_id, class_id, session_id, status) VALUES (?, ?, ?, ?) RETURNING attendance_id, created_at
2026-08-17 15:37:52,172 INFO sqlalchemy.engine.Engine [cached since 723s ago] (21, 40, 41, 1)
2026-08-17 15:37:52,177 INFO sqlalchemy.engine.Engine COMMIT
2026-08-17 15:37:52,188 INFO sqlalchemy.engine.Engine BEGIN (implicit)
2026-08-17 15:37:52,189 INFO sqlalchemy.engine.Engine SELECT attendance.attendance_id, attendance.student_id, attendance.class_id, attendance.session_id, attendance.status, attendance.created_at 
FROM attendance 
WHERE attendance.attendance_id = ?
2026-08-17 15:37:52,189 INFO sqlalchemy.engine.Engine [cached since 723s ago] (26,)
2026-08-17 15:37:52,191 INFO sqlalchemy.engine.Engine SELECT sessions.session_id AS sessions_session_id, sessions.class_id AS sessions_class_id, sessions.teacher_id AS sessions_teacher_id, sessions.start_time AS sessions_start_time, sessions.end_time AS sessions_end_time, sessions.is_active AS sessions_is_active 
FROM sessions 
WHERE sessions.session_id = ?
2026-08-17 15:37:52,191 INFO sqlalchemy.engine.Engine [cached since 799.9s ago] (41,)
2026-08-17 15:37:52,218 INFO sqlalchemy.engine.Engine ROLLBACK
127.0.0.1 - - [17/Aug/2026 15:37:52] "POST /teacher/end-session/40 HTTP/1.1" 200 -
127.0.0.1 - - [17/Aug/2026 15:37:52] "OPTIONS /teacher/classrooms HTTP/1.1" 200 -
VERIFY SECRET: student_engagement_secret_key
TOKEN RECEIVED: eyJhbGciOiJIUzI1NiIsInR5cCI6IkpXVCJ9.eyJ1c2VyX2lkIjoxMiwicm9sZSI6InRlYWNoZXIiLCJleHAiOjE3ODcwNDY2ODl9.yVJ4JsVhsjAWFUrocHOh5y-w96y3VU9ozx9TBqOHixI
2026-08-17 15:37:52,308 INFO sqlalchemy.engine.Engine BEGIN (implicit)
2026-08-17 15:37:52,309 INFO sqlalchemy.engine.Engine SELECT classrooms.class_id AS classrooms_class_id, classrooms.classroom_name AS classrooms_classroom_name, classrooms.subject AS classrooms_subject, classrooms.semester AS classrooms_semester, classrooms.section AS classrooms_section, classrooms.teacher_id AS classrooms_teacher_id, classrooms.class_code AS classrooms_class_code, classrooms.meeting_link AS classrooms_meeting_link, classrooms.created_at AS classrooms_created_at 
FROM classrooms 
WHERE classrooms.teacher_id = ?
2026-08-17 15:37:52,309 INFO sqlalchemy.engine.Engine [cached since 981.9s ago] (12,)
2026-08-17 15:37:52,311 INFO sqlalchemy.engine.Engine SELECT sessions.session_id AS sessions_session_id, sessions.class_id AS sessions_class_id, sessions.teacher_id AS sessions_teacher_id, sessions.start_time AS sessions_start_time, sessions.end_time AS sessions_end_time, sessions.is_active AS sessions_is_active 
FROM sessions 
WHERE sessions.class_id = ? ORDER BY sessions.session_id DESC
 LIMIT ? OFFSET ?
2026-08-17 15:37:52,311 INFO sqlalchemy.engine.Engine [cached since 970.4s ago] (38, 1, 0)
2026-08-17 15:37:52,313 INFO sqlalchemy.engine.Engine SELECT count(*) AS count_1 
FROM (SELECT enrollments.enrollment_id AS enrollments_enrollment_id, enrollments.student_id AS enrollments_student_id, enrollments.class_id AS enrollments_class_id, enrollments.joined_at AS enrollments_joined_at 
FROM enrollments 
WHERE enrollments.class_id = ?) AS anon_1
2026-08-17 15:37:52,314 INFO sqlalchemy.engine.Engine [cached since 970.3s ago] (38,)
2026-08-17 15:37:52,316 INFO sqlalchemy.engine.Engine SELECT attendance.attendance_id AS attendance_attendance_id, attendance.student_id AS attendance_student_id, attendance.class_id AS attendance_class_id, attendance.session_id AS attendance_session_id, attendance.status AS attendance_status, attendance.created_at AS attendance_created_at 
FROM attendance 
WHERE attendance.session_id = ? AND attendance.status = ?
2026-08-17 15:37:52,316 INFO sqlalchemy.engine.Engine [cached since 723s ago] (39, 1)
2026-08-17 15:37:52,318 INFO sqlalchemy.engine.Engine SELECT engagement_records.engagement_score AS engagement_records_engagement_score 
FROM engagement_records 
WHERE engagement_records.session_id = ?
2026-08-17 15:37:52,318 INFO sqlalchemy.engine.Engine [cached since 970.3s ago] (39,)
2026-08-17 15:37:52,322 INFO sqlalchemy.engine.Engine SELECT sessions.session_id AS sessions_session_id, sessions.class_id AS sessions_class_id, sessions.teacher_id AS sessions_teacher_id, sessions.start_time AS sessions_start_time, sessions.end_time AS sessions_end_time, sessions.is_active AS sessions_is_active 
FROM sessions 
WHERE sessions.class_id = ? ORDER BY sessions.session_id DESC
 LIMIT ? OFFSET ?
2026-08-17 15:37:52,322 INFO sqlalchemy.engine.Engine [cached since 970.4s ago] (39, 1, 0)
2026-08-17 15:37:52,325 INFO sqlalchemy.engine.Engine SELECT count(*) AS count_1 
FROM (SELECT enrollments.enrollment_id AS enrollments_enrollment_id, enrollments.student_id AS enrollments_student_id, enrollments.class_id AS enrollments_class_id, enrollments.joined_at AS enrollments_joined_at 
FROM enrollments 
WHERE enrollments.class_id = ?) AS anon_1
2026-08-17 15:37:52,325 INFO sqlalchemy.engine.Engine [cached since 970.3s ago] (39,)
2026-08-17 15:37:52,326 INFO sqlalchemy.engine.Engine SELECT attendance.attendance_id AS attendance_attendance_id, attendance.student_id AS attendance_student_id, attendance.class_id AS attendance_class_id, attendance.session_id AS attendance_session_id, attendance.status AS attendance_status, attendance.created_at AS attendance_created_at 
FROM attendance 
WHERE attendance.session_id = ? AND attendance.status = ?
2026-08-17 15:37:52,327 INFO sqlalchemy.engine.Engine [cached since 723s ago] (40, 1)
2026-08-17 15:37:52,328 INFO sqlalchemy.engine.Engine SELECT engagement_records.engagement_score AS engagement_records_engagement_score 
FROM engagement_records 
WHERE engagement_records.session_id = ?
2026-08-17 15:37:52,328 INFO sqlalchemy.engine.Engine [cached since 970.3s ago] (40,)
2026-08-17 15:37:52,333 INFO sqlalchemy.engine.Engine SELECT sessions.session_id AS sessions_session_id, sessions.class_id AS sessions_class_id, sessions.teacher_id AS sessions_teacher_id, sessions.start_time AS sessions_start_time, sessions.end_time AS sessions_end_time, sessions.is_active AS sessions_is_active 
FROM sessions 
WHERE sessions.class_id = ? ORDER BY sessions.session_id DESC
 LIMIT ? OFFSET ?
2026-08-17 15:37:52,333 INFO sqlalchemy.engine.Engine [cached since 970.4s ago] (40, 1, 0)
2026-08-17 15:37:52,335 INFO sqlalchemy.engine.Engine SELECT count(*) AS count_1 
FROM (SELECT enrollments.enrollment_id AS enrollments_enrollment_id, enrollments.student_id AS enrollments_student_id, enrollments.class_id AS enrollments_class_id, enrollments.joined_at AS enrollments_joined_at 
FROM enrollments 
WHERE enrollments.class_id = ?) AS anon_1
2026-08-17 15:37:52,336 INFO sqlalchemy.engine.Engine [cached since 970.4s ago] (40,)
2026-08-17 15:37:52,338 INFO sqlalchemy.engine.Engine SELECT attendance.attendance_id AS attendance_attendance_id, attendance.student_id AS attendance_student_id, attendance.class_id AS attendance_class_id, attendance.session_id AS attendance_session_id, attendance.status AS attendance_status, attendance.created_at AS attendance_created_at 
FROM attendance 
WHERE attendance.session_id = ? AND attendance.status = ?
2026-08-17 15:37:52,338 INFO sqlalchemy.engine.Engine [cached since 723s ago] (41, 1)
2026-08-17 15:37:52,340 INFO sqlalchemy.engine.Engine SELECT engagement_records.engagement_score AS engagement_records_engagement_score 
FROM engagement_records 
WHERE engagement_records.session_id = ?
2026-08-17 15:37:52,340 INFO sqlalchemy.engine.Engine [cached since 970.3s ago] (41,)
2026-08-17 15:37:52,342 INFO sqlalchemy.engine.Engine ROLLBACK
127.0.0.1 - - [17/Aug/2026 15:37:52] "GET /teacher/classrooms HTTP/1.1" 200 -
127.0.0.1 - - [17/Aug/2026 15:37:55] "OPTIONS /my-classes HTTP/1.1" 200 -
127.0.0.1 - - [17/Aug/2026 15:37:55] "OPTIONS /live-classes HTTP/1.1" 200 -
VERIFY SECRET: student_engagement_secret_key
TOKEN RECEIVED: eyJhbGciOiJIUzI1NiIsInR5cCI6IkpXVCJ9.eyJ1c2VyX2lkIjoyMSwicm9sZSI6InN0dWRlbnQiLCJleHAiOjE3ODcwNDY4NDF9.PlDEXZkYORFOkUJAGJRYAkTnJ7aOPPPpUqCuHKtHDJU
2026-08-17 15:37:55,308 INFO sqlalchemy.engine.Engine BEGIN (implicit)
2026-08-17 15:37:55,308 INFO sqlalchemy.engine.Engine SELECT classrooms.class_id AS classrooms_class_id, classrooms.classroom_name AS classrooms_classroom_name, classrooms.subject AS classrooms_subject, classrooms.semester AS classrooms_semester, classrooms.section AS classrooms_section, classrooms.teacher_id AS classrooms_teacher_id, classrooms.class_code AS classrooms_class_code, classrooms.meeting_link AS classrooms_meeting_link, classrooms.created_at AS classrooms_created_at 
FROM classrooms JOIN enrollments ON enrollments.class_id = classrooms.class_id 
WHERE enrollments.student_id = ?
2026-08-17 15:37:55,309 INFO sqlalchemy.engine.Engine [cached since 882.8s ago] (21,)
2026-08-17 15:37:55,311 INFO sqlalchemy.engine.Engine SELECT sessions.session_id AS sessions_session_id, sessions.class_id AS sessions_class_id, sessions.teacher_id AS sessions_teacher_id, sessions.start_time AS sessions_start_time, sessions.end_time AS sessions_end_time, sessions.is_active AS sessions_is_active 
FROM sessions 
WHERE sessions.class_id = ? ORDER BY sessions.session_id DESC
 LIMIT ? OFFSET ?
2026-08-17 15:37:55,312 INFO sqlalchemy.engine.Engine [cached since 973.4s ago] (38, 1, 0)
VERIFY SECRET: student_engagement_secret_key
TOKEN RECEIVED: eyJhbGciOiJIUzI1NiIsInR5cCI6IkpXVCJ9.eyJ1c2VyX2lkIjoyMSwicm9sZSI6InN0dWRlbnQiLCJleHAiOjE3ODcwNDY4NDF9.PlDEXZkYORFOkUJAGJRYAkTnJ7aOPPPpUqCuHKtHDJU
2026-08-17 15:37:55,314 INFO sqlalchemy.engine.Engine BEGIN (implicit)
2026-08-17 15:37:55,315 INFO sqlalchemy.engine.Engine SELECT sessions.session_id AS sessions_session_id, sessions.class_id AS sessions_class_id, sessions.teacher_id AS sessions_teacher_id, sessions.start_time AS sessions_start_time, sessions.end_time AS sessions_end_time, sessions.is_active AS sessions_is_active 
FROM sessions 
WHERE sessions.is_active = 1 ORDER BY sessions.start_time DESC
2026-08-17 15:37:55,316 INFO sqlalchemy.engine.Engine [cached since 882.8s ago] ()
2026-08-17 15:37:55,317 INFO sqlalchemy.engine.Engine SELECT count(*) AS count_1 
FROM (SELECT enrollments.enrollment_id AS enrollments_enrollment_id, enrollments.student_id AS enrollments_student_id, enrollments.class_id AS enrollments_class_id, enrollments.joined_at AS enrollments_joined_at 
FROM enrollments 
WHERE enrollments.class_id = ?) AS anon_1
2026-08-17 15:37:55,317 INFO sqlalchemy.engine.Engine [cached since 973.3s ago] (38,)
2026-08-17 15:37:55,319 INFO sqlalchemy.engine.Engine SELECT classrooms.class_id AS classrooms_class_id, classrooms.classroom_name AS classrooms_classroom_name, classrooms.subject AS classrooms_subject, classrooms.semester AS classrooms_semester, classrooms.section AS classrooms_section, classrooms.teacher_id AS classrooms_teacher_id, classrooms.class_code AS classrooms_class_code, classrooms.meeting_link AS classrooms_meeting_link, classrooms.created_at AS classrooms_created_at 
FROM classrooms 
WHERE classrooms.class_id = ?
 LIMIT ? OFFSET ?
2026-08-17 15:37:55,319 INFO sqlalchemy.engine.Engine [cached since 973.5s ago] (29, 1, 0)
2026-08-17 15:37:55,321 INFO sqlalchemy.engine.Engine SELECT attendance.attendance_id AS attendance_attendance_id, attendance.student_id AS attendance_student_id, attendance.class_id AS attendance_class_id, attendance.session_id AS attendance_session_id, attendance.status AS attendance_status, attendance.created_at AS attendance_created_at 
FROM attendance 
WHERE attendance.session_id = ? AND attendance.status = ?
2026-08-17 15:37:55,321 INFO sqlalchemy.engine.Engine [cached since 726s ago] (39, 1)
2026-08-17 15:37:55,323 INFO sqlalchemy.engine.Engine SELECT teachers.teacher_id AS teachers_teacher_id, teachers.name AS teachers_name, teachers.email AS teachers_email, teachers.password_hash AS teachers_password_hash, teachers.department AS teachers_department, teachers.created_at AS teachers_created_at 
FROM teachers 
WHERE teachers.teacher_id = ?
 LIMIT ? OFFSET ?
2026-08-17 15:37:55,325 INFO sqlalchemy.engine.Engine [cached since 882.8s ago] (8, 1, 0)
2026-08-17 15:37:55,326 INFO sqlalchemy.engine.Engine SELECT engagement_records.engagement_score AS engagement_records_engagement_score 
FROM engagement_records 
WHERE engagement_records.session_id = ?
2026-08-17 15:37:55,327 INFO sqlalchemy.engine.Engine [cached since 973.3s ago] (39,)
2026-08-17 15:37:55,329 INFO sqlalchemy.engine.Engine SELECT count(*) AS count_1 
FROM (SELECT enrollments.enrollment_id AS enrollments_enrollment_id, enrollments.student_id AS enrollments_student_id, enrollments.class_id AS enrollments_class_id, enrollments.joined_at AS enrollments_joined_at 
FROM enrollments 
WHERE enrollments.class_id = ?) AS anon_1
2026-08-17 15:37:55,329 INFO sqlalchemy.engine.Engine [cached since 973.3s ago] (29,)
2026-08-17 15:37:55,330 INFO sqlalchemy.engine.Engine ROLLBACK
127.0.0.1 - - [17/Aug/2026 15:37:55] "GET /live-classes HTTP/1.1" 200 -
2026-08-17 15:37:55,334 INFO sqlalchemy.engine.Engine SELECT sessions.session_id AS sessions_session_id, sessions.class_id AS sessions_class_id, sessions.teacher_id AS sessions_teacher_id, sessions.start_time AS sessions_start_time, sessions.end_time AS sessions_end_time, sessions.is_active AS sessions_is_active 
FROM sessions 
WHERE sessions.class_id = ? ORDER BY sessions.session_id DESC
 LIMIT ? OFFSET ?
2026-08-17 15:37:55,335 INFO sqlalchemy.engine.Engine [cached since 973.4s ago] (29, 1, 0)
2026-08-17 15:37:55,340 INFO sqlalchemy.engine.Engine SELECT count(*) AS count_1 
FROM (SELECT enrollments.enrollment_id AS enrollments_enrollment_id, enrollments.student_id AS enrollments_student_id, enrollments.class_id AS enrollments_class_id, enrollments.joined_at AS enrollments_joined_at 
FROM enrollments 
WHERE enrollments.class_id = ?) AS anon_1
2026-08-17 15:37:55,341 INFO sqlalchemy.engine.Engine [cached since 973.4s ago] (29,)
2026-08-17 15:37:55,343 INFO sqlalchemy.engine.Engine SELECT DISTINCT engagement_records.student_id AS engagement_records_student_id 
FROM engagement_records 
WHERE engagement_records.session_id = ?
2026-08-17 15:37:55,343 INFO sqlalchemy.engine.Engine [cached since 973.4s ago] (29,)
2026-08-17 15:37:55,346 INFO sqlalchemy.engine.Engine SELECT engagement_records.engagement_score AS engagement_records_engagement_score 
FROM engagement_records 
WHERE engagement_records.session_id = ?
2026-08-17 15:37:55,347 INFO sqlalchemy.engine.Engine [cached since 973.3s ago] (29,)
2026-08-17 15:37:55,359 INFO sqlalchemy.engine.Engine SELECT sessions.session_id AS sessions_session_id, sessions.class_id AS sessions_class_id, sessions.teacher_id AS sessions_teacher_id, sessions.start_time AS sessions_start_time, sessions.end_time AS sessions_end_time, sessions.is_active AS sessions_is_active 
FROM sessions 
WHERE sessions.class_id = ? ORDER BY sessions.session_id DESC
 LIMIT ? OFFSET ?
2026-08-17 15:37:55,360 INFO sqlalchemy.engine.Engine [cached since 973.4s ago] (39, 1, 0)
2026-08-17 15:37:55,363 INFO sqlalchemy.engine.Engine SELECT count(*) AS count_1 
FROM (SELECT enrollments.enrollment_id AS enrollments_enrollment_id, enrollments.student_id AS enrollments_student_id, enrollments.class_id AS enrollments_class_id, enrollments.joined_at AS enrollments_joined_at 
FROM enrollments 
WHERE enrollments.class_id = ?) AS anon_1
2026-08-17 15:37:55,363 INFO sqlalchemy.engine.Engine [cached since 973.4s ago] (39,)
2026-08-17 15:37:55,366 INFO sqlalchemy.engine.Engine SELECT attendance.attendance_id AS attendance_attendance_id, attendance.student_id AS attendance_student_id, attendance.class_id AS attendance_class_id, attendance.session_id AS attendance_session_id, attendance.status AS attendance_status, attendance.created_at AS attendance_created_at 
FROM attendance 
WHERE attendance.session_id = ? AND attendance.status = ?
2026-08-17 15:37:55,367 INFO sqlalchemy.engine.Engine [cached since 726s ago] (40, 1)
2026-08-17 15:37:55,369 INFO sqlalchemy.engine.Engine SELECT engagement_records.engagement_score AS engagement_records_engagement_score 
FROM engagement_records 
WHERE engagement_records.session_id = ?
2026-08-17 15:37:55,370 INFO sqlalchemy.engine.Engine [cached since 973.4s ago] (40,)
2026-08-17 15:37:55,377 INFO sqlalchemy.engine.Engine SELECT sessions.session_id AS sessions_session_id, sessions.class_id AS sessions_class_id, sessions.teacher_id AS sessions_teacher_id, sessions.start_time AS sessions_start_time, sessions.end_time AS sessions_end_time, sessions.is_active AS sessions_is_active 
FROM sessions 
WHERE sessions.class_id = ? ORDER BY sessions.session_id DESC
 LIMIT ? OFFSET ?
2026-08-17 15:37:55,377 INFO sqlalchemy.engine.Engine [cached since 973.4s ago] (40, 1, 0)
2026-08-17 15:37:55,380 INFO sqlalchemy.engine.Engine SELECT count(*) AS count_1 
FROM (SELECT enrollments.enrollment_id AS enrollments_enrollment_id, enrollments.student_id AS enrollments_student_id, enrollments.class_id AS enrollments_class_id, enrollments.joined_at AS enrollments_joined_at 
FROM enrollments 
WHERE enrollments.class_id = ?) AS anon_1
2026-08-17 15:37:55,380 INFO sqlalchemy.engine.Engine [cached since 973.4s ago] (40,)
2026-08-17 15:37:55,382 INFO sqlalchemy.engine.Engine SELECT attendance.attendance_id AS attendance_attendance_id, attendance.student_id AS attendance_student_id, attendance.class_id AS attendance_class_id, attendance.session_id AS attendance_session_id, attendance.status AS attendance_status, attendance.created_at AS attendance_created_at 
FROM attendance 
WHERE attendance.session_id = ? AND attendance.status = ?
2026-08-17 15:37:55,383 INFO sqlalchemy.engine.Engine [cached since 726s ago] (41, 1)
2026-08-17 15:37:55,385 INFO sqlalchemy.engine.Engine SELECT engagement_records.engagement_score AS engagement_records_engagement_score 
FROM engagement_records 
WHERE engagement_records.session_id = ?
2026-08-17 15:37:55,386 INFO sqlalchemy.engine.Engine [cached since 973.4s ago] (41,)
2026-08-17 15:37:55,389 INFO sqlalchemy.engine.Engine ROLLBACK
127.0.0.1 - - [17/Aug/2026 15:37:55] "GET /my-classes HTTP/1.1" 200 -
127.0.0.1 - - [17/Aug/2026 15:38:38] "OPTIONS /teacher/create-classroom HTTP/1.1" 200 -
VERIFY SECRET: student_engagement_secret_key
TOKEN RECEIVED: eyJhbGciOiJIUzI1NiIsInR5cCI6IkpXVCJ9.eyJ1c2VyX2lkIjoxMiwicm9sZSI6InRlYWNoZXIiLCJleHAiOjE3ODcwNDY2ODl9.yVJ4JsVhsjAWFUrocHOh5y-w96y3VU9ozx9TBqOHixI
2026-08-17 15:38:38,473 INFO sqlalchemy.engine.Engine BEGIN (implicit)
2026-08-17 15:38:38,474 INFO sqlalchemy.engine.Engine SELECT classrooms.class_id AS classrooms_class_id, classrooms.classroom_name AS classrooms_classroom_name, classrooms.subject AS classrooms_subject, classrooms.semester AS classrooms_semester, classrooms.section AS classrooms_section, classrooms.teacher_id AS classrooms_teacher_id, classrooms.class_code AS classrooms_class_code, classrooms.meeting_link AS classrooms_meeting_link, classrooms.created_at AS classrooms_created_at 
FROM classrooms 
WHERE classrooms.class_code = ?
 LIMIT ? OFFSET ?
2026-08-17 15:38:38,475 INFO sqlalchemy.engine.Engine [cached since 1017s ago] ('N8EI6M', 1, 0)
2026-08-17 15:38:38,478 INFO sqlalchemy.engine.Engine INSERT INTO classrooms (classroom_name, subject, semester, section, teacher_id, class_code, meeting_link) VALUES (?, ?, ?, ?, ?, ?, ?) RETURNING class_id, created_at
2026-08-17 15:38:38,478 INFO sqlalchemy.engine.Engine [cached since 1017s ago] ('cs', 'Machine Learning', 1, 'A', 12, 'N8EI6M', None)
2026-08-17 15:38:38,489 INFO sqlalchemy.engine.Engine COMMIT
2026-08-17 15:38:38,500 INFO sqlalchemy.engine.Engine BEGIN (implicit)
2026-08-17 15:38:38,501 INFO sqlalchemy.engine.Engine SELECT classrooms.class_id, classrooms.classroom_name, classrooms.subject, classrooms.semester, classrooms.section, classrooms.teacher_id, classrooms.class_code, classrooms.meeting_link, classrooms.created_at 
FROM classrooms 
WHERE classrooms.class_id = ?
2026-08-17 15:38:38,501 INFO sqlalchemy.engine.Engine [cached since 1017s ago] (41,)
2026-08-17 15:38:38,503 INFO sqlalchemy.engine.Engine ROLLBACK
127.0.0.1 - - [17/Aug/2026 15:38:38] "POST /teacher/create-classroom HTTP/1.1" 201 -
127.0.0.1 - - [17/Aug/2026 15:38:38] "OPTIONS /teacher/start-session/41 HTTP/1.1" 200 -
VERIFY SECRET: student_engagement_secret_key
TOKEN RECEIVED: eyJhbGciOiJIUzI1NiIsInR5cCI6IkpXVCJ9.eyJ1c2VyX2lkIjoxMiwicm9sZSI6InRlYWNoZXIiLCJleHAiOjE3ODcwNDY2ODl9.yVJ4JsVhsjAWFUrocHOh5y-w96y3VU9ozx9TBqOHixI
2026-08-17 15:38:38,531 INFO sqlalchemy.engine.Engine BEGIN (implicit)
2026-08-17 15:38:38,532 INFO sqlalchemy.engine.Engine SELECT classrooms.class_id AS classrooms_class_id, classrooms.classroom_name AS classrooms_classroom_name, classrooms.subject AS classrooms_subject, classrooms.semester AS classrooms_semester, classrooms.section AS classrooms_section, classrooms.teacher_id AS classrooms_teacher_id, classrooms.class_code AS classrooms_class_code, classrooms.meeting_link AS classrooms_meeting_link, classrooms.created_at AS classrooms_created_at 
FROM classrooms 
WHERE classrooms.class_id = ?
 LIMIT ? OFFSET ?
2026-08-17 15:38:38,532 INFO sqlalchemy.engine.Engine [cached since 1017s ago] (41, 1, 0)
2026-08-17 15:38:38,534 INFO sqlalchemy.engine.Engine SELECT sessions.session_id AS sessions_session_id, sessions.class_id AS sessions_class_id, sessions.teacher_id AS sessions_teacher_id, sessions.start_time AS sessions_start_time, sessions.end_time AS sessions_end_time, sessions.is_active AS sessions_is_active 
FROM sessions 
WHERE sessions.class_id = ? AND sessions.is_active = 1
 LIMIT ? OFFSET ?
2026-08-17 15:38:38,535 INFO sqlalchemy.engine.Engine [cached since 1017s ago] (41, 1, 0)
2026-08-17 15:38:38,537 INFO sqlalchemy.engine.Engine INSERT INTO sessions (class_id, teacher_id, end_time, is_active) VALUES (?, ?, ?, ?) RETURNING session_id, start_time
2026-08-17 15:38:38,537 INFO sqlalchemy.engine.Engine [cached since 1017s ago] (41, 12, None, 1)
2026-08-17 15:38:38,542 INFO sqlalchemy.engine.Engine COMMIT
2026-08-17 15:38:38,554 INFO sqlalchemy.engine.Engine BEGIN (implicit)
2026-08-17 15:38:38,555 INFO sqlalchemy.engine.Engine SELECT sessions.session_id, sessions.class_id, sessions.teacher_id, sessions.start_time, sessions.end_time, sessions.is_active 
FROM sessions 
WHERE sessions.session_id = ?
2026-08-17 15:38:38,556 INFO sqlalchemy.engine.Engine [cached since 1017s ago] (42,)
2026-08-17 15:38:38,558 INFO sqlalchemy.engine.Engine ROLLBACK
127.0.0.1 - - [17/Aug/2026 15:38:38] "POST /teacher/start-session/41 HTTP/1.1" 201 -
127.0.0.1 - - [17/Aug/2026 15:38:38] "OPTIONS /teacher/classrooms HTTP/1.1" 200 -
VERIFY SECRET: student_engagement_secret_key
TOKEN RECEIVED: eyJhbGciOiJIUzI1NiIsInR5cCI6IkpXVCJ9.eyJ1c2VyX2lkIjoxMiwicm9sZSI6InRlYWNoZXIiLCJleHAiOjE3ODcwNDY2ODl9.yVJ4JsVhsjAWFUrocHOh5y-w96y3VU9ozx9TBqOHixI
2026-08-17 15:38:38,591 INFO sqlalchemy.engine.Engine BEGIN (implicit)
2026-08-17 15:38:38,592 INFO sqlalchemy.engine.Engine SELECT classrooms.class_id AS classrooms_class_id, classrooms.classroom_name AS classrooms_classroom_name, classrooms.subject AS classrooms_subject, classrooms.semester AS classrooms_semester, classrooms.section AS classrooms_section, classrooms.teacher_id AS classrooms_teacher_id, classrooms.class_code AS classrooms_class_code, classrooms.meeting_link AS classrooms_meeting_link, classrooms.created_at AS classrooms_created_at 
FROM classrooms 
WHERE classrooms.teacher_id = ?
2026-08-17 15:38:38,593 INFO sqlalchemy.engine.Engine [cached since 1028s ago] (12,)
2026-08-17 15:38:38,596 INFO sqlalchemy.engine.Engine SELECT sessions.session_id AS sessions_session_id, sessions.class_id AS sessions_class_id, sessions.teacher_id AS sessions_teacher_id, sessions.start_time AS sessions_start_time, sessions.end_time AS sessions_end_time, sessions.is_active AS sessions_is_active 
FROM sessions 
WHERE sessions.class_id = ? ORDER BY sessions.session_id DESC
 LIMIT ? OFFSET ?
2026-08-17 15:38:38,597 INFO sqlalchemy.engine.Engine [cached since 1017s ago] (38, 1, 0)
2026-08-17 15:38:38,599 INFO sqlalchemy.engine.Engine SELECT count(*) AS count_1 
FROM (SELECT enrollments.enrollment_id AS enrollments_enrollment_id, enrollments.student_id AS enrollments_student_id, enrollments.class_id AS enrollments_class_id, enrollments.joined_at AS enrollments_joined_at 
FROM enrollments 
WHERE enrollments.class_id = ?) AS anon_1
2026-08-17 15:38:38,600 INFO sqlalchemy.engine.Engine [cached since 1017s ago] (38,)
2026-08-17 15:38:38,601 INFO sqlalchemy.engine.Engine SELECT attendance.attendance_id AS attendance_attendance_id, attendance.student_id AS attendance_student_id, attendance.class_id AS attendance_class_id, attendance.session_id AS attendance_session_id, attendance.status AS attendance_status, attendance.created_at AS attendance_created_at 
FROM attendance 
WHERE attendance.session_id = ? AND attendance.status = ?
2026-08-17 15:38:38,601 INFO sqlalchemy.engine.Engine [cached since 769.2s ago] (39, 1)
2026-08-17 15:38:38,602 INFO sqlalchemy.engine.Engine SELECT engagement_records.engagement_score AS engagement_records_engagement_score 
FROM engagement_records 
WHERE engagement_records.session_id = ?
2026-08-17 15:38:38,602 INFO sqlalchemy.engine.Engine [cached since 1017s ago] (39,)
2026-08-17 15:38:38,604 INFO sqlalchemy.engine.Engine SELECT sessions.session_id AS sessions_session_id, sessions.class_id AS sessions_class_id, sessions.teacher_id AS sessions_teacher_id, sessions.start_time AS sessions_start_time, sessions.end_time AS sessions_end_time, sessions.is_active AS sessions_is_active 
FROM sessions 
WHERE sessions.class_id = ? ORDER BY sessions.session_id DESC
 LIMIT ? OFFSET ?
2026-08-17 15:38:38,604 INFO sqlalchemy.engine.Engine [cached since 1017s ago] (39, 1, 0)
2026-08-17 15:38:38,607 INFO sqlalchemy.engine.Engine SELECT count(*) AS count_1 
FROM (SELECT enrollments.enrollment_id AS enrollments_enrollment_id, enrollments.student_id AS enrollments_student_id, enrollments.class_id AS enrollments_class_id, enrollments.joined_at AS enrollments_joined_at 
FROM enrollments 
WHERE enrollments.class_id = ?) AS anon_1
2026-08-17 15:38:38,607 INFO sqlalchemy.engine.Engine [cached since 1017s ago] (39,)
2026-08-17 15:38:38,609 INFO sqlalchemy.engine.Engine SELECT attendance.attendance_id AS attendance_attendance_id, attendance.student_id AS attendance_student_id, attendance.class_id AS attendance_class_id, attendance.session_id AS attendance_session_id, attendance.status AS attendance_status, attendance.created_at AS attendance_created_at 
FROM attendance 
WHERE attendance.session_id = ? AND attendance.status = ?
2026-08-17 15:38:38,610 INFO sqlalchemy.engine.Engine [cached since 769.3s ago] (40, 1)
2026-08-17 15:38:38,611 INFO sqlalchemy.engine.Engine SELECT engagement_records.engagement_score AS engagement_records_engagement_score 
FROM engagement_records 
WHERE engagement_records.session_id = ?
2026-08-17 15:38:38,612 INFO sqlalchemy.engine.Engine [cached since 1017s ago] (40,)
2026-08-17 15:38:38,615 INFO sqlalchemy.engine.Engine SELECT sessions.session_id AS sessions_session_id, sessions.class_id AS sessions_class_id, sessions.teacher_id AS sessions_teacher_id, sessions.start_time AS sessions_start_time, sessions.end_time AS sessions_end_time, sessions.is_active AS sessions_is_active 
FROM sessions 
WHERE sessions.class_id = ? ORDER BY sessions.session_id DESC
 LIMIT ? OFFSET ?
2026-08-17 15:38:38,615 INFO sqlalchemy.engine.Engine [cached since 1017s ago] (40, 1, 0)
2026-08-17 15:38:38,617 INFO sqlalchemy.engine.Engine SELECT count(*) AS count_1 
FROM (SELECT enrollments.enrollment_id AS enrollments_enrollment_id, enrollments.student_id AS enrollments_student_id, enrollments.class_id AS enrollments_class_id, enrollments.joined_at AS enrollments_joined_at 
FROM enrollments 
WHERE enrollments.class_id = ?) AS anon_1
2026-08-17 15:38:38,617 INFO sqlalchemy.engine.Engine [cached since 1017s ago] (40,)
2026-08-17 15:38:38,618 INFO sqlalchemy.engine.Engine SELECT attendance.attendance_id AS attendance_attendance_id, attendance.student_id AS attendance_student_id, attendance.class_id AS attendance_class_id, attendance.session_id AS attendance_session_id, attendance.status AS attendance_status, attendance.created_at AS attendance_created_at 
FROM attendance 
WHERE attendance.session_id = ? AND attendance.status = ?
2026-08-17 15:38:38,618 INFO sqlalchemy.engine.Engine [cached since 769.3s ago] (41, 1)
2026-08-17 15:38:38,619 INFO sqlalchemy.engine.Engine SELECT engagement_records.engagement_score AS engagement_records_engagement_score 
FROM engagement_records 
WHERE engagement_records.session_id = ?
2026-08-17 15:38:38,619 INFO sqlalchemy.engine.Engine [cached since 1017s ago] (41,)
2026-08-17 15:38:38,621 INFO sqlalchemy.engine.Engine SELECT sessions.session_id AS sessions_session_id, sessions.class_id AS sessions_class_id, sessions.teacher_id AS sessions_teacher_id, sessions.start_time AS sessions_start_time, sessions.end_time AS sessions_end_time, sessions.is_active AS sessions_is_active 
FROM sessions 
WHERE sessions.class_id = ? ORDER BY sessions.session_id DESC
 LIMIT ? OFFSET ?
2026-08-17 15:38:38,621 INFO sqlalchemy.engine.Engine [cached since 1017s ago] (41, 1, 0)
2026-08-17 15:38:38,623 INFO sqlalchemy.engine.Engine SELECT count(*) AS count_1 
FROM (SELECT enrollments.enrollment_id AS enrollments_enrollment_id, enrollments.student_id AS enrollments_student_id, enrollments.class_id AS enrollments_class_id, enrollments.joined_at AS enrollments_joined_at 
FROM enrollments 
WHERE enrollments.class_id = ?) AS anon_1
2026-08-17 15:38:38,623 INFO sqlalchemy.engine.Engine [cached since 1017s ago] (41,)
2026-08-17 15:38:38,625 INFO sqlalchemy.engine.Engine SELECT DISTINCT engagement_records.student_id AS engagement_records_student_id 
FROM engagement_records 
WHERE engagement_records.session_id = ?
2026-08-17 15:38:38,626 INFO sqlalchemy.engine.Engine [cached since 1017s ago] (42,)
2026-08-17 15:38:38,629 INFO sqlalchemy.engine.Engine SELECT engagement_records.engagement_score AS engagement_records_engagement_score 
FROM engagement_records 
WHERE engagement_records.session_id = ?
2026-08-17 15:38:38,629 INFO sqlalchemy.engine.Engine [cached since 1017s ago] (42,)
2026-08-17 15:38:38,631 INFO sqlalchemy.engine.Engine ROLLBACK
127.0.0.1 - - [17/Aug/2026 15:38:38] "GET /teacher/classrooms HTTP/1.1" 200 -
127.0.0.1 - - [17/Aug/2026 15:38:51] "OPTIONS /my-classes HTTP/1.1" 200 -
127.0.0.1 - - [17/Aug/2026 15:38:51] "OPTIONS /live-classes HTTP/1.1" 200 -
VERIFY SECRET: student_engagement_secret_key
TOKEN RECEIVED: eyJhbGciOiJIUzI1NiIsInR5cCI6IkpXVCJ9.eyJ1c2VyX2lkIjoyMSwicm9sZSI6InN0dWRlbnQiLCJleHAiOjE3ODcwNDY4NDF9.PlDEXZkYORFOkUJAGJRYAkTnJ7aOPPPpUqCuHKtHDJU
2026-08-17 15:38:51,280 INFO sqlalchemy.engine.Engine BEGIN (implicit)
2026-08-17 15:38:51,283 INFO sqlalchemy.engine.Engine SELECT classrooms.class_id AS classrooms_class_id, classrooms.classroom_name AS classrooms_classroom_name, classrooms.subject AS classrooms_subject, classrooms.semester AS classrooms_semester, classrooms.section AS classrooms_section, classrooms.teacher_id AS classrooms_teacher_id, classrooms.class_code AS classrooms_class_code, classrooms.meeting_link AS classrooms_meeting_link, classrooms.created_at AS classrooms_created_at 
FROM classrooms JOIN enrollments ON enrollments.class_id = classrooms.class_id 
WHERE enrollments.student_id = ?
2026-08-17 15:38:51,284 INFO sqlalchemy.engine.Engine [cached since 938.8s ago] (21,)
2026-08-17 15:38:51,287 INFO sqlalchemy.engine.Engine SELECT sessions.session_id AS sessions_session_id, sessions.class_id AS sessions_class_id, sessions.teacher_id AS sessions_teacher_id, sessions.start_time AS sessions_start_time, sessions.end_time AS sessions_end_time, sessions.is_active AS sessions_is_active 
FROM sessions 
WHERE sessions.class_id = ? ORDER BY sessions.session_id DESC
 LIMIT ? OFFSET ?
2026-08-17 15:38:51,287 INFO sqlalchemy.engine.Engine [cached since 1029s ago] (38, 1, 0)
VERIFY SECRET: student_engagement_secret_key
TOKEN RECEIVED: eyJhbGciOiJIUzI1NiIsInR5cCI6IkpXVCJ9.eyJ1c2VyX2lkIjoyMSwicm9sZSI6InN0dWRlbnQiLCJleHAiOjE3ODcwNDY4NDF9.PlDEXZkYORFOkUJAGJRYAkTnJ7aOPPPpUqCuHKtHDJU
2026-08-17 15:38:51,290 INFO sqlalchemy.engine.Engine BEGIN (implicit)
2026-08-17 15:38:51,291 INFO sqlalchemy.engine.Engine SELECT sessions.session_id AS sessions_session_id, sessions.class_id AS sessions_class_id, sessions.teacher_id AS sessions_teacher_id, sessions.start_time AS sessions_start_time, sessions.end_time AS sessions_end_time, sessions.is_active AS sessions_is_active 
FROM sessions 
WHERE sessions.is_active = 1 ORDER BY sessions.start_time DESC
2026-08-17 15:38:51,291 INFO sqlalchemy.engine.Engine [cached since 938.8s ago] ()
2026-08-17 15:38:51,293 INFO sqlalchemy.engine.Engine SELECT count(*) AS count_1 
FROM (SELECT enrollments.enrollment_id AS enrollments_enrollment_id, enrollments.student_id AS enrollments_student_id, enrollments.class_id AS enrollments_class_id, enrollments.joined_at AS enrollments_joined_at 
FROM enrollments 
WHERE enrollments.class_id = ?) AS anon_1
2026-08-17 15:38:51,294 INFO sqlalchemy.engine.Engine [cached since 1029s ago] (38,)
2026-08-17 15:38:51,295 INFO sqlalchemy.engine.Engine SELECT classrooms.class_id AS classrooms_class_id, classrooms.classroom_name AS classrooms_classroom_name, classrooms.subject AS classrooms_subject, classrooms.semester AS classrooms_semester, classrooms.section AS classrooms_section, classrooms.teacher_id AS classrooms_teacher_id, classrooms.class_code AS classrooms_class_code, classrooms.meeting_link AS classrooms_meeting_link, classrooms.created_at AS classrooms_created_at 
FROM classrooms 
WHERE classrooms.class_id = ?
 LIMIT ? OFFSET ?
2026-08-17 15:38:51,297 INFO sqlalchemy.engine.Engine SELECT attendance.attendance_id AS attendance_attendance_id, attendance.student_id AS attendance_student_id, attendance.class_id AS attendance_class_id, attendance.session_id AS attendance_session_id, attendance.status AS attendance_status, attendance.created_at AS attendance_created_at 
FROM attendance 
WHERE attendance.session_id = ? AND attendance.status = ?
2026-08-17 15:38:51,297 INFO sqlalchemy.engine.Engine [cached since 1029s ago] (41, 1, 0)
2026-08-17 15:38:51,297 INFO sqlalchemy.engine.Engine [cached since 781.9s ago] (39, 1)
2026-08-17 15:38:51,299 INFO sqlalchemy.engine.Engine SELECT engagement_records.engagement_score AS engagement_records_engagement_score 
FROM engagement_records 
WHERE engagement_records.session_id = ?
2026-08-17 15:38:51,300 INFO sqlalchemy.engine.Engine [cached since 1029s ago] (39,)
2026-08-17 15:38:51,301 INFO sqlalchemy.engine.Engine SELECT teachers.teacher_id AS teachers_teacher_id, teachers.name AS teachers_name, teachers.email AS teachers_email, teachers.password_hash AS teachers_password_hash, teachers.department AS teachers_department, teachers.created_at AS teachers_created_at 
FROM teachers 
WHERE teachers.teacher_id = ?
 LIMIT ? OFFSET ?
2026-08-17 15:38:51,301 INFO sqlalchemy.engine.Engine [cached since 938.8s ago] (12, 1, 0)
2026-08-17 15:38:51,304 INFO sqlalchemy.engine.Engine SELECT count(*) AS count_1 
FROM (SELECT enrollments.enrollment_id AS enrollments_enrollment_id, enrollments.student_id AS enrollments_student_id, enrollments.class_id AS enrollments_class_id, enrollments.joined_at AS enrollments_joined_at 
FROM enrollments 
WHERE enrollments.class_id = ?) AS anon_1
2026-08-17 15:38:51,304 INFO sqlalchemy.engine.Engine [cached since 1029s ago] (41,)
2026-08-17 15:38:51,306 INFO sqlalchemy.engine.Engine SELECT sessions.session_id AS sessions_session_id, sessions.class_id AS sessions_class_id, sessions.teacher_id AS sessions_teacher_id, sessions.start_time AS sessions_start_time, sessions.end_time AS sessions_end_time, sessions.is_active AS sessions_is_active 
FROM sessions 
WHERE sessions.class_id = ? ORDER BY sessions.session_id DESC
 LIMIT ? OFFSET ?
2026-08-17 15:38:51,306 INFO sqlalchemy.engine.Engine [cached since 1029s ago] (29, 1, 0)
2026-08-17 15:38:51,307 INFO sqlalchemy.engine.Engine SELECT classrooms.class_id AS classrooms_class_id, classrooms.classroom_name AS classrooms_classroom_name, classrooms.subject AS classrooms_subject, classrooms.semester AS classrooms_semester, classrooms.section AS classrooms_section, classrooms.teacher_id AS classrooms_teacher_id, classrooms.class_code AS classrooms_class_code, classrooms.meeting_link AS classrooms_meeting_link, classrooms.created_at AS classrooms_created_at 
FROM classrooms 
WHERE classrooms.class_id = ?
 LIMIT ? OFFSET ?
2026-08-17 15:38:51,307 INFO sqlalchemy.engine.Engine [cached since 1029s ago] (29, 1, 0)
2026-08-17 15:38:51,308 INFO sqlalchemy.engine.Engine SELECT teachers.teacher_id AS teachers_teacher_id, teachers.name AS teachers_name, teachers.email AS teachers_email, teachers.password_hash AS teachers_password_hash, teachers.department AS teachers_department, teachers.created_at AS teachers_created_at 
FROM teachers 
WHERE teachers.teacher_id = ?
 LIMIT ? OFFSET ?
2026-08-17 15:38:51,309 INFO sqlalchemy.engine.Engine SELECT count(*) AS count_1 
FROM (SELECT enrollments.enrollment_id AS enrollments_enrollment_id, enrollments.student_id AS enrollments_student_id, enrollments.class_id AS enrollments_class_id, enrollments.joined_at AS enrollments_joined_at 
FROM enrollments 
WHERE enrollments.class_id = ?) AS anon_1
2026-08-17 15:38:51,310 INFO sqlalchemy.engine.Engine [cached since 1029s ago] (29,)
2026-08-17 15:38:51,310 INFO sqlalchemy.engine.Engine [cached since 938.8s ago] (8, 1, 0)
2026-08-17 15:38:51,311 INFO sqlalchemy.engine.Engine SELECT DISTINCT engagement_records.student_id AS engagement_records_student_id 
FROM engagement_records 
WHERE engagement_records.session_id = ?
2026-08-17 15:38:51,311 INFO sqlalchemy.engine.Engine [cached since 1029s ago] (29,)
2026-08-17 15:38:51,313 INFO sqlalchemy.engine.Engine SELECT count(*) AS count_1 
FROM (SELECT enrollments.enrollment_id AS enrollments_enrollment_id, enrollments.student_id AS enrollments_student_id, enrollments.class_id AS enrollments_class_id, enrollments.joined_at AS enrollments_joined_at 
FROM enrollments 
WHERE enrollments.class_id = ?) AS anon_1
2026-08-17 15:38:51,314 INFO sqlalchemy.engine.Engine [cached since 1029s ago] (29,)
2026-08-17 15:38:51,316 INFO sqlalchemy.engine.Engine SELECT engagement_records.engagement_score AS engagement_records_engagement_score 
FROM engagement_records 
WHERE engagement_records.session_id = ?
2026-08-17 15:38:51,317 INFO sqlalchemy.engine.Engine ROLLBACK
127.0.0.1 - - [17/Aug/2026 15:38:51] "GET /live-classes HTTP/1.1" 200 -
2026-08-17 15:38:51,318 INFO sqlalchemy.engine.Engine [cached since 1029s ago] (29,)
2026-08-17 15:38:51,329 INFO sqlalchemy.engine.Engine SELECT sessions.session_id AS sessions_session_id, sessions.class_id AS sessions_class_id, sessions.teacher_id AS sessions_teacher_id, sessions.start_time AS sessions_start_time, sessions.end_time AS sessions_end_time, sessions.is_active AS sessions_is_active 
FROM sessions 
WHERE sessions.class_id = ? ORDER BY sessions.session_id DESC
 LIMIT ? OFFSET ?
2026-08-17 15:38:51,329 INFO sqlalchemy.engine.Engine [cached since 1029s ago] (39, 1, 0)
2026-08-17 15:38:51,331 INFO sqlalchemy.engine.Engine SELECT count(*) AS count_1 
FROM (SELECT enrollments.enrollment_id AS enrollments_enrollment_id, enrollments.student_id AS enrollments_student_id, enrollments.class_id AS enrollments_class_id, enrollments.joined_at AS enrollments_joined_at 
FROM enrollments 
WHERE enrollments.class_id = ?) AS anon_1
2026-08-17 15:38:51,332 INFO sqlalchemy.engine.Engine [cached since 1029s ago] (39,)
2026-08-17 15:38:51,334 INFO sqlalchemy.engine.Engine SELECT attendance.attendance_id AS attendance_attendance_id, attendance.student_id AS attendance_student_id, attendance.class_id AS attendance_class_id, attendance.session_id AS attendance_session_id, attendance.status AS attendance_status, attendance.created_at AS attendance_created_at 
FROM attendance 
WHERE attendance.session_id = ? AND attendance.status = ?
2026-08-17 15:38:51,334 INFO sqlalchemy.engine.Engine [cached since 782s ago] (40, 1)
2026-08-17 15:38:51,335 INFO sqlalchemy.engine.Engine SELECT engagement_records.engagement_score AS engagement_records_engagement_score 
FROM engagement_records 
WHERE engagement_records.session_id = ?
2026-08-17 15:38:51,335 INFO sqlalchemy.engine.Engine [cached since 1029s ago] (40,)
2026-08-17 15:38:51,340 INFO sqlalchemy.engine.Engine SELECT sessions.session_id AS sessions_session_id, sessions.class_id AS sessions_class_id, sessions.teacher_id AS sessions_teacher_id, sessions.start_time AS sessions_start_time, sessions.end_time AS sessions_end_time, sessions.is_active AS sessions_is_active 
FROM sessions 
WHERE sessions.class_id = ? ORDER BY sessions.session_id DESC
 LIMIT ? OFFSET ?
2026-08-17 15:38:51,340 INFO sqlalchemy.engine.Engine [cached since 1029s ago] (40, 1, 0)
2026-08-17 15:38:51,345 INFO sqlalchemy.engine.Engine SELECT count(*) AS count_1 
FROM (SELECT enrollments.enrollment_id AS enrollments_enrollment_id, enrollments.student_id AS enrollments_student_id, enrollments.class_id AS enrollments_class_id, enrollments.joined_at AS enrollments_joined_at 
FROM enrollments 
WHERE enrollments.class_id = ?) AS anon_1
2026-08-17 15:38:51,346 INFO sqlalchemy.engine.Engine [cached since 1029s ago] (40,)
2026-08-17 15:38:51,347 INFO sqlalchemy.engine.Engine SELECT attendance.attendance_id AS attendance_attendance_id, attendance.student_id AS attendance_student_id, attendance.class_id AS attendance_class_id, attendance.session_id AS attendance_session_id, attendance.status AS attendance_status, attendance.created_at AS attendance_created_at 
FROM attendance 
WHERE attendance.session_id = ? AND attendance.status = ?
2026-08-17 15:38:51,347 INFO sqlalchemy.engine.Engine [cached since 782s ago] (41, 1)
2026-08-17 15:38:51,348 INFO sqlalchemy.engine.Engine SELECT engagement_records.engagement_score AS engagement_records_engagement_score 
FROM engagement_records 
WHERE engagement_records.session_id = ?
2026-08-17 15:38:51,349 INFO sqlalchemy.engine.Engine [cached since 1029s ago] (41,)
2026-08-17 15:38:51,351 INFO sqlalchemy.engine.Engine ROLLBACK
127.0.0.1 - - [17/Aug/2026 15:38:51] "GET /my-classes HTTP/1.1" 200 -
127.0.0.1 - - [17/Aug/2026 15:38:53] "OPTIONS /face/verify-live HTTP/1.1" 200 -
VERIFY SECRET: student_engagement_secret_key
TOKEN RECEIVED: eyJhbGciOiJIUzI1NiIsInR5cCI6IkpXVCJ9.eyJ1c2VyX2lkIjoyMSwicm9sZSI6InN0dWRlbnQiLCJleHAiOjE3ODcwNDY4NDF9.PlDEXZkYORFOkUJAGJRYAkTnJ7aOPPPpUqCuHKtHDJU
2026-08-17 15:38:53,747 INFO sqlalchemy.engine.Engine BEGIN (implicit)
2026-08-17 15:38:53,748 INFO sqlalchemy.engine.Engine SELECT face_registrations.face_id AS face_registrations_face_id, face_registrations.student_id AS face_registrations_student_id, face_registrations.embedding AS face_registrations_embedding, face_registrations.created_at AS face_registrations_created_at 
FROM face_registrations 
WHERE face_registrations.student_id = ?
 LIMIT ? OFFSET ?
2026-08-17 15:38:53,748 INFO sqlalchemy.engine.Engine [cached since 936.8s ago] (21, 1, 0)
2026-08-17 15:38:55,975 INFO sqlalchemy.engine.Engine ROLLBACK
127.0.0.1 - - [17/Aug/2026 15:38:55] "POST /face/verify-live HTTP/1.1" 200 -
127.0.0.1 - - [17/Aug/2026 15:38:55] "OPTIONS /join-live-class HTTP/1.1" 200 -
VERIFY SECRET: student_engagement_secret_key
TOKEN RECEIVED: eyJhbGciOiJIUzI1NiIsInR5cCI6IkpXVCJ9.eyJ1c2VyX2lkIjoyMSwicm9sZSI6InN0dWRlbnQiLCJleHAiOjE3ODcwNDY4NDF9.PlDEXZkYORFOkUJAGJRYAkTnJ7aOPPPpUqCuHKtHDJU
2026-08-17 15:38:56,000 INFO sqlalchemy.engine.Engine BEGIN (implicit)
2026-08-17 15:38:56,001 INFO sqlalchemy.engine.Engine SELECT classrooms.class_id AS classrooms_class_id, classrooms.classroom_name AS classrooms_classroom_name, classrooms.subject AS classrooms_subject, classrooms.semester AS classrooms_semester, classrooms.section AS classrooms_section, classrooms.teacher_id AS classrooms_teacher_id, classrooms.class_code AS classrooms_class_code, classrooms.meeting_link AS classrooms_meeting_link, classrooms.created_at AS classrooms_created_at 
FROM classrooms 
WHERE classrooms.class_id = ?
 LIMIT ? OFFSET ?
2026-08-17 15:38:56,001 INFO sqlalchemy.engine.Engine [cached since 1034s ago] (41, 1, 0)
2026-08-17 15:38:56,004 INFO sqlalchemy.engine.Engine SELECT sessions.session_id AS sessions_session_id, sessions.class_id AS sessions_class_id, sessions.teacher_id AS sessions_teacher_id, sessions.start_time AS sessions_start_time, sessions.end_time AS sessions_end_time, sessions.is_active AS sessions_is_active 
FROM sessions 
WHERE sessions.class_id = ? AND sessions.is_active = 1
 LIMIT ? OFFSET ?
2026-08-17 15:38:56,005 INFO sqlalchemy.engine.Engine [cached since 1034s ago] (41, 1, 0)
2026-08-17 15:38:56,007 INFO sqlalchemy.engine.Engine SELECT enrollments.enrollment_id AS enrollments_enrollment_id, enrollments.student_id AS enrollments_student_id, enrollments.class_id AS enrollments_class_id, enrollments.joined_at AS enrollments_joined_at 
FROM enrollments 
WHERE enrollments.student_id = ? AND enrollments.class_id = ?
 LIMIT ? OFFSET ?
2026-08-17 15:38:56,008 INFO sqlalchemy.engine.Engine [cached since 863.7s ago] (21, 41, 1, 0)
2026-08-17 15:38:56,010 INFO sqlalchemy.engine.Engine INSERT INTO enrollments (student_id, class_id) VALUES (?, ?) RETURNING enrollment_id, joined_at
2026-08-17 15:38:56,010 INFO sqlalchemy.engine.Engine [cached since 863.7s ago] (21, 41)
2026-08-17 15:38:56,015 INFO sqlalchemy.engine.Engine COMMIT
2026-08-17 15:38:56,024 INFO sqlalchemy.engine.Engine BEGIN (implicit)
2026-08-17 15:38:56,025 INFO sqlalchemy.engine.Engine SELECT enrollments.enrollment_id, enrollments.student_id, enrollments.class_id, enrollments.joined_at 
FROM enrollments 
WHERE enrollments.enrollment_id = ?
2026-08-17 15:38:56,025 INFO sqlalchemy.engine.Engine [cached since 863.7s ago] (35,)
2026-08-17 15:38:56,028 INFO sqlalchemy.engine.Engine SELECT classrooms.class_id AS classrooms_class_id, classrooms.classroom_name AS classrooms_classroom_name, classrooms.subject AS classrooms_subject, classrooms.semester AS classrooms_semester, classrooms.section AS classrooms_section, classrooms.teacher_id AS classrooms_teacher_id, classrooms.class_code AS classrooms_class_code, classrooms.meeting_link AS classrooms_meeting_link, classrooms.created_at AS classrooms_created_at 
FROM classrooms 
WHERE classrooms.class_id = ?
2026-08-17 15:38:56,028 INFO sqlalchemy.engine.Engine [cached since 863.7s ago] (41,)
2026-08-17 15:38:56,030 INFO sqlalchemy.engine.Engine SELECT sessions.session_id AS sessions_session_id, sessions.class_id AS sessions_class_id, sessions.teacher_id AS sessions_teacher_id, sessions.start_time AS sessions_start_time, sessions.end_time AS sessions_end_time, sessions.is_active AS sessions_is_active 
FROM sessions 
WHERE sessions.session_id = ?
2026-08-17 15:38:56,031 INFO sqlalchemy.engine.Engine [cached since 863.7s ago] (42,)
2026-08-17 15:38:56,032 INFO sqlalchemy.engine.Engine ROLLBACK
127.0.0.1 - - [17/Aug/2026 15:38:56] "POST /join-live-class HTTP/1.1" 200 -
127.0.0.1 - - [17/Aug/2026 15:38:57] "OPTIONS /join-class HTTP/1.1" 200 -
VERIFY SECRET: student_engagement_secret_key
TOKEN RECEIVED: eyJhbGciOiJIUzI1NiIsInR5cCI6IkpXVCJ9.eyJ1c2VyX2lkIjoyMSwicm9sZSI6InN0dWRlbnQiLCJleHAiOjE3ODcwNDY4NDF9.PlDEXZkYORFOkUJAGJRYAkTnJ7aOPPPpUqCuHKtHDJU
2026-08-17 15:38:57,227 INFO sqlalchemy.engine.Engine BEGIN (implicit)
2026-08-17 15:38:57,227 INFO sqlalchemy.engine.Engine SELECT classrooms.class_id AS classrooms_class_id, classrooms.classroom_name AS classrooms_classroom_name, classrooms.subject AS classrooms_subject, classrooms.semester AS classrooms_semester, classrooms.section AS classrooms_section, classrooms.teacher_id AS classrooms_teacher_id, classrooms.class_code AS classrooms_class_code, classrooms.meeting_link AS classrooms_meeting_link, classrooms.created_at AS classrooms_created_at 
FROM classrooms 
WHERE classrooms.class_code = ?
 LIMIT ? OFFSET ?
2026-08-17 15:38:57,228 INFO sqlalchemy.engine.Engine [cached since 1035s ago] ('41', 1, 0)
2026-08-17 15:38:57,231 INFO sqlalchemy.engine.Engine SELECT classrooms.class_id AS classrooms_class_id, classrooms.classroom_name AS classrooms_classroom_name, classrooms.subject AS classrooms_subject, classrooms.semester AS classrooms_semester, classrooms.section AS classrooms_section, classrooms.teacher_id AS classrooms_teacher_id, classrooms.class_code AS classrooms_class_code, classrooms.meeting_link AS classrooms_meeting_link, classrooms.created_at AS classrooms_created_at 
FROM classrooms 
WHERE classrooms.class_id = ?
 LIMIT ? OFFSET ?
2026-08-17 15:38:57,231 INFO sqlalchemy.engine.Engine [cached since 1035s ago] (41, 1, 0)
2026-08-17 15:38:57,232 INFO sqlalchemy.engine.Engine SELECT enrollments.enrollment_id AS enrollments_enrollment_id, enrollments.student_id AS enrollments_student_id, enrollments.class_id AS enrollments_class_id, enrollments.joined_at AS enrollments_joined_at 
FROM enrollments 
WHERE enrollments.student_id = ? AND enrollments.class_id = ?
 LIMIT ? OFFSET ?
2026-08-17 15:38:57,233 INFO sqlalchemy.engine.Engine [cached since 865s ago] (21, 41, 1, 0)
2026-08-17 15:38:57,234 INFO sqlalchemy.engine.Engine ROLLBACK
127.0.0.1 - - [17/Aug/2026 15:38:57] "POST /join-class HTTP/1.1" 400 -
127.0.0.1 - - [17/Aug/2026 15:40:38] "OPTIONS /teacher/end-session/41 HTTP/1.1" 200 -
VERIFY SECRET: student_engagement_secret_key
TOKEN RECEIVED: eyJhbGciOiJIUzI1NiIsInR5cCI6IkpXVCJ9.eyJ1c2VyX2lkIjoxMiwicm9sZSI6InRlYWNoZXIiLCJleHAiOjE3ODcwNDY2ODl9.yVJ4JsVhsjAWFUrocHOh5y-w96y3VU9ozx9TBqOHixI
2026-08-17 15:40:38,245 INFO sqlalchemy.engine.Engine BEGIN (implicit)
2026-08-17 15:40:38,246 INFO sqlalchemy.engine.Engine SELECT sessions.session_id AS sessions_session_id, sessions.class_id AS sessions_class_id, sessions.teacher_id AS sessions_teacher_id, sessions.start_time AS sessions_start_time, sessions.end_time AS sessions_end_time, sessions.is_active AS sessions_is_active 
FROM sessions 
WHERE sessions.class_id = ? AND sessions.is_active = 1
 LIMIT ? OFFSET ?
2026-08-17 15:40:38,247 INFO sqlalchemy.engine.Engine [cached since 1136s ago] (41, 1, 0)
2026-08-17 15:40:38,250 INFO sqlalchemy.engine.Engine UPDATE sessions SET end_time=CURRENT_TIMESTAMP, is_active=? WHERE sessions.session_id = ?
2026-08-17 15:40:38,250 INFO sqlalchemy.engine.Engine [cached since 889.1s ago] (0, 42)
2026-08-17 15:40:38,255 INFO sqlalchemy.engine.Engine COMMIT
2026-08-17 15:40:38,266 INFO sqlalchemy.engine.Engine BEGIN (implicit)
2026-08-17 15:40:38,267 INFO sqlalchemy.engine.Engine SELECT sessions.session_id, sessions.class_id, sessions.teacher_id, sessions.start_time, sessions.end_time, sessions.is_active 
FROM sessions 
WHERE sessions.session_id = ?
2026-08-17 15:40:38,267 INFO sqlalchemy.engine.Engine [cached since 1136s ago] (42,)
2026-08-17 15:40:38,269 INFO sqlalchemy.engine.Engine SELECT enrollments.enrollment_id AS enrollments_enrollment_id, enrollments.student_id AS enrollments_student_id, enrollments.class_id AS enrollments_class_id, enrollments.joined_at AS enrollments_joined_at 
FROM enrollments 
WHERE enrollments.class_id = ?
2026-08-17 15:40:38,270 INFO sqlalchemy.engine.Engine [cached since 889.1s ago] (41,)
2026-08-17 15:40:38,273 INFO sqlalchemy.engine.Engine SELECT engagement_records.record_id AS engagement_records_record_id, engagement_records.session_id AS engagement_records_session_id, engagement_records.student_id AS engagement_records_student_id, engagement_records.timestamp AS engagement_records_timestamp, engagement_records.emotion AS engagement_records_emotion, engagement_records.blink_count AS engagement_records_blink_count, engagement_records.head_pose AS engagement_records_head_pose, engagement_records.gaze AS engagement_records_gaze, engagement_records.phone_detected AS engagement_records_phone_detected, engagement_records.multiple_person AS engagement_records_multiple_person, engagement_records.engagement_score AS engagement_records_engagement_score, engagement_records.engagement_status AS engagement_records_engagement_status, engagement_records.fps AS engagement_records_fps, engagement_records.extra_metrics AS engagement_records_extra_metrics, engagement_records.camera_status AS engagement_records_camera_status, engagement_records.internet_status AS engagement_records_internet_status, engagement_records.device_type AS engagement_records_device_type 
FROM engagement_records 
WHERE engagement_records.session_id = ? ORDER BY engagement_records.timestamp ASC
2026-08-17 15:40:38,273 INFO sqlalchemy.engine.Engine [cached since 889.1s ago] (42,)
2026-08-17 15:40:38,287 INFO sqlalchemy.engine.Engine SELECT attendance.attendance_id AS attendance_attendance_id, attendance.student_id AS attendance_student_id, attendance.class_id AS attendance_class_id, attendance.session_id AS attendance_session_id, attendance.status AS attendance_status, attendance.created_at AS attendance_created_at 
FROM attendance 
WHERE attendance.session_id = ? AND attendance.student_id = ?
 LIMIT ? OFFSET ?
2026-08-17 15:40:38,288 INFO sqlalchemy.engine.Engine [cached since 889.1s ago] (42, 21, 1, 0)
2026-08-17 15:40:38,291 INFO sqlalchemy.engine.Engine INSERT INTO attendance (student_id, class_id, session_id, status) VALUES (?, ?, ?, ?) RETURNING attendance_id, created_at
2026-08-17 15:40:38,291 INFO sqlalchemy.engine.Engine [cached since 889.1s ago] (21, 41, 42, 1)
2026-08-17 15:40:38,297 INFO sqlalchemy.engine.Engine COMMIT
2026-08-17 15:40:38,309 INFO sqlalchemy.engine.Engine BEGIN (implicit)
2026-08-17 15:40:38,310 INFO sqlalchemy.engine.Engine SELECT attendance.attendance_id, attendance.student_id, attendance.class_id, attendance.session_id, attendance.status, attendance.created_at 
FROM attendance 
WHERE attendance.attendance_id = ?
2026-08-17 15:40:38,310 INFO sqlalchemy.engine.Engine [cached since 889.1s ago] (27,)
2026-08-17 15:40:38,315 INFO sqlalchemy.engine.Engine SELECT sessions.session_id AS sessions_session_id, sessions.class_id AS sessions_class_id, sessions.teacher_id AS sessions_teacher_id, sessions.start_time AS sessions_start_time, sessions.end_time AS sessions_end_time, sessions.is_active AS sessions_is_active 
FROM sessions 
WHERE sessions.session_id = ?
2026-08-17 15:40:38,315 INFO sqlalchemy.engine.Engine [cached since 966s ago] (42,)
2026-08-17 15:40:38,354 INFO sqlalchemy.engine.Engine ROLLBACK
127.0.0.1 - - [17/Aug/2026 15:40:38] "POST /teacher/end-session/41 HTTP/1.1" 200 -
127.0.0.1 - - [17/Aug/2026 15:40:38] "OPTIONS /teacher/classrooms HTTP/1.1" 200 -
VERIFY SECRET: student_engagement_secret_key
TOKEN RECEIVED: eyJhbGciOiJIUzI1NiIsInR5cCI6IkpXVCJ9.eyJ1c2VyX2lkIjoxMiwicm9sZSI6InRlYWNoZXIiLCJleHAiOjE3ODcwNDY2ODl9.yVJ4JsVhsjAWFUrocHOh5y-w96y3VU9ozx9TBqOHixI
2026-08-17 15:40:38,439 INFO sqlalchemy.engine.Engine BEGIN (implicit)
2026-08-17 15:40:38,440 INFO sqlalchemy.engine.Engine SELECT classrooms.class_id AS classrooms_class_id, classrooms.classroom_name AS classrooms_classroom_name, classrooms.subject AS classrooms_subject, classrooms.semester AS classrooms_semester, classrooms.section AS classrooms_section, classrooms.teacher_id AS classrooms_teacher_id, classrooms.class_code AS classrooms_class_code, classrooms.meeting_link AS classrooms_meeting_link, classrooms.created_at AS classrooms_created_at 
FROM classrooms 
WHERE classrooms.teacher_id = ?
2026-08-17 15:40:38,440 INFO sqlalchemy.engine.Engine [cached since 1148s ago] (12,)
2026-08-17 15:40:38,442 INFO sqlalchemy.engine.Engine SELECT sessions.session_id AS sessions_session_id, sessions.class_id AS sessions_class_id, sessions.teacher_id AS sessions_teacher_id, sessions.start_time AS sessions_start_time, sessions.end_time AS sessions_end_time, sessions.is_active AS sessions_is_active 
FROM sessions 
WHERE sessions.class_id = ? ORDER BY sessions.session_id DESC
 LIMIT ? OFFSET ?
2026-08-17 15:40:38,442 INFO sqlalchemy.engine.Engine [cached since 1136s ago] (38, 1, 0)
2026-08-17 15:40:38,445 INFO sqlalchemy.engine.Engine SELECT count(*) AS count_1 
FROM (SELECT enrollments.enrollment_id AS enrollments_enrollment_id, enrollments.student_id AS enrollments_student_id, enrollments.class_id AS enrollments_class_id, enrollments.joined_at AS enrollments_joined_at 
FROM enrollments 
WHERE enrollments.class_id = ?) AS anon_1
2026-08-17 15:40:38,446 INFO sqlalchemy.engine.Engine [cached since 1136s ago] (38,)
2026-08-17 15:40:38,447 INFO sqlalchemy.engine.Engine SELECT attendance.attendance_id AS attendance_attendance_id, attendance.student_id AS attendance_student_id, attendance.class_id AS attendance_class_id, attendance.session_id AS attendance_session_id, attendance.status AS attendance_status, attendance.created_at AS attendance_created_at 
FROM attendance 
WHERE attendance.session_id = ? AND attendance.status = ?
2026-08-17 15:40:38,448 INFO sqlalchemy.engine.Engine [cached since 889.1s ago] (39, 1)
2026-08-17 15:40:38,449 INFO sqlalchemy.engine.Engine SELECT engagement_records.engagement_score AS engagement_records_engagement_score 
FROM engagement_records 
WHERE engagement_records.session_id = ?
2026-08-17 15:40:38,449 INFO sqlalchemy.engine.Engine [cached since 1136s ago] (39,)
2026-08-17 15:40:38,453 INFO sqlalchemy.engine.Engine SELECT sessions.session_id AS sessions_session_id, sessions.class_id AS sessions_class_id, sessions.teacher_id AS sessions_teacher_id, sessions.start_time AS sessions_start_time, sessions.end_time AS sessions_end_time, sessions.is_active AS sessions_is_active 
FROM sessions 
WHERE sessions.class_id = ? ORDER BY sessions.session_id DESC
 LIMIT ? OFFSET ?
2026-08-17 15:40:38,453 INFO sqlalchemy.engine.Engine [cached since 1137s ago] (39, 1, 0)
2026-08-17 15:40:38,455 INFO sqlalchemy.engine.Engine SELECT count(*) AS count_1 
FROM (SELECT enrollments.enrollment_id AS enrollments_enrollment_id, enrollments.student_id AS enrollments_student_id, enrollments.class_id AS enrollments_class_id, enrollments.joined_at AS enrollments_joined_at 
FROM enrollments 
WHERE enrollments.class_id = ?) AS anon_1
2026-08-17 15:40:38,455 INFO sqlalchemy.engine.Engine [cached since 1136s ago] (39,)
2026-08-17 15:40:38,457 INFO sqlalchemy.engine.Engine SELECT attendance.attendance_id AS attendance_attendance_id, attendance.student_id AS attendance_student_id, attendance.class_id AS attendance_class_id, attendance.session_id AS attendance_session_id, attendance.status AS attendance_status, attendance.created_at AS attendance_created_at 
FROM attendance 
WHERE attendance.session_id = ? AND attendance.status = ?
2026-08-17 15:40:38,457 INFO sqlalchemy.engine.Engine [cached since 889.1s ago] (40, 1)
2026-08-17 15:40:38,458 INFO sqlalchemy.engine.Engine SELECT engagement_records.engagement_score AS engagement_records_engagement_score 
FROM engagement_records 
WHERE engagement_records.session_id = ?
2026-08-17 15:40:38,458 INFO sqlalchemy.engine.Engine [cached since 1136s ago] (40,)
2026-08-17 15:40:38,462 INFO sqlalchemy.engine.Engine SELECT sessions.session_id AS sessions_session_id, sessions.class_id AS sessions_class_id, sessions.teacher_id AS sessions_teacher_id, sessions.start_time AS sessions_start_time, sessions.end_time AS sessions_end_time, sessions.is_active AS sessions_is_active 
FROM sessions 
WHERE sessions.class_id = ? ORDER BY sessions.session_id DESC
 LIMIT ? OFFSET ?
2026-08-17 15:40:38,462 INFO sqlalchemy.engine.Engine [cached since 1137s ago] (40, 1, 0)
2026-08-17 15:40:38,466 INFO sqlalchemy.engine.Engine SELECT count(*) AS count_1 
FROM (SELECT enrollments.enrollment_id AS enrollments_enrollment_id, enrollments.student_id AS enrollments_student_id, enrollments.class_id AS enrollments_class_id, enrollments.joined_at AS enrollments_joined_at 
FROM enrollments 
WHERE enrollments.class_id = ?) AS anon_1
2026-08-17 15:40:38,466 INFO sqlalchemy.engine.Engine [cached since 1136s ago] (40,)
2026-08-17 15:40:38,468 INFO sqlalchemy.engine.Engine SELECT attendance.attendance_id AS attendance_attendance_id, attendance.student_id AS attendance_student_id, attendance.class_id AS attendance_class_id, attendance.session_id AS attendance_session_id, attendance.status AS attendance_status, attendance.created_at AS attendance_created_at 
FROM attendance 
WHERE attendance.session_id = ? AND attendance.status = ?
2026-08-17 15:40:38,468 INFO sqlalchemy.engine.Engine [cached since 889.1s ago] (41, 1)
2026-08-17 15:40:38,470 INFO sqlalchemy.engine.Engine SELECT engagement_records.engagement_score AS engagement_records_engagement_score 
FROM engagement_records 
WHERE engagement_records.session_id = ?
2026-08-17 15:40:38,470 INFO sqlalchemy.engine.Engine [cached since 1136s ago] (41,)
2026-08-17 15:40:38,472 INFO sqlalchemy.engine.Engine SELECT sessions.session_id AS sessions_session_id, sessions.class_id AS sessions_class_id, sessions.teacher_id AS sessions_teacher_id, sessions.start_time AS sessions_start_time, sessions.end_time AS sessions_end_time, sessions.is_active AS sessions_is_active 
FROM sessions 
WHERE sessions.class_id = ? ORDER BY sessions.session_id DESC
 LIMIT ? OFFSET ?
2026-08-17 15:40:38,473 INFO sqlalchemy.engine.Engine [cached since 1137s ago] (41, 1, 0)
2026-08-17 15:40:38,474 INFO sqlalchemy.engine.Engine SELECT count(*) AS count_1 
FROM (SELECT enrollments.enrollment_id AS enrollments_enrollment_id, enrollments.student_id AS enrollments_student_id, enrollments.class_id AS enrollments_class_id, enrollments.joined_at AS enrollments_joined_at 
FROM enrollments 
WHERE enrollments.class_id = ?) AS anon_1
2026-08-17 15:40:38,475 INFO sqlalchemy.engine.Engine [cached since 1136s ago] (41,)
2026-08-17 15:40:38,476 INFO sqlalchemy.engine.Engine SELECT attendance.attendance_id AS attendance_attendance_id, attendance.student_id AS attendance_student_id, attendance.class_id AS attendance_class_id, attendance.session_id AS attendance_session_id, attendance.status AS attendance_status, attendance.created_at AS attendance_created_at 
FROM attendance 
WHERE attendance.session_id = ? AND attendance.status = ?
2026-08-17 15:40:38,476 INFO sqlalchemy.engine.Engine [cached since 889.1s ago] (42, 1)
2026-08-17 15:40:38,477 INFO sqlalchemy.engine.Engine SELECT engagement_records.engagement_score AS engagement_records_engagement_score 
FROM engagement_records 
WHERE engagement_records.session_id = ?
2026-08-17 15:40:38,477 INFO sqlalchemy.engine.Engine [cached since 1136s ago] (42,)
2026-08-17 15:40:38,480 INFO sqlalchemy.engine.Engine ROLLBACK
127.0.0.1 - - [17/Aug/2026 15:40:38] "GET /teacher/classrooms HTTP/1.1" 200 -
127.0.0.1 - - [17/Aug/2026 15:40:41] "OPTIONS /my-classes HTTP/1.1" 200 -
127.0.0.1 - - [17/Aug/2026 15:40:41] "OPTIONS /live-classes HTTP/1.1" 200 -
VERIFY SECRET: student_engagement_secret_key
TOKEN RECEIVED: eyJhbGciOiJIUzI1NiIsInR5cCI6IkpXVCJ9.eyJ1c2VyX2lkIjoyMSwicm9sZSI6InN0dWRlbnQiLCJleHAiOjE3ODcwNDY4NDF9.PlDEXZkYORFOkUJAGJRYAkTnJ7aOPPPpUqCuHKtHDJU
2026-08-17 15:40:41,449 INFO sqlalchemy.engine.Engine BEGIN (implicit)
2026-08-17 15:40:41,450 INFO sqlalchemy.engine.Engine SELECT classrooms.class_id AS classrooms_class_id, classrooms.classroom_name AS classrooms_classroom_name, classrooms.subject AS classrooms_subject, classrooms.semester AS classrooms_semester, classrooms.section AS classrooms_section, classrooms.teacher_id AS classrooms_teacher_id, classrooms.class_code AS classrooms_class_code, classrooms.meeting_link AS classrooms_meeting_link, classrooms.created_at AS classrooms_created_at 
FROM classrooms JOIN enrollments ON enrollments.class_id = classrooms.class_id 
WHERE enrollments.student_id = ?
2026-08-17 15:40:41,451 INFO sqlalchemy.engine.Engine [cached since 1049s ago] (21,)
VERIFY SECRET: student_engagement_secret_key
TOKEN RECEIVED: eyJhbGciOiJIUzI1NiIsInR5cCI6IkpXVCJ9.eyJ1c2VyX2lkIjoyMSwicm9sZSI6InN0dWRlbnQiLCJleHAiOjE3ODcwNDY4NDF9.PlDEXZkYORFOkUJAGJRYAkTnJ7aOPPPpUqCuHKtHDJU
2026-08-17 15:40:41,455 INFO sqlalchemy.engine.Engine BEGIN (implicit)
2026-08-17 15:40:41,456 INFO sqlalchemy.engine.Engine SELECT sessions.session_id AS sessions_session_id, sessions.class_id AS sessions_class_id, sessions.teacher_id AS sessions_teacher_id, sessions.start_time AS sessions_start_time, sessions.end_time AS sessions_end_time, sessions.is_active AS sessions_is_active 
FROM sessions 
WHERE sessions.is_active = 1 ORDER BY sessions.start_time DESC
2026-08-17 15:40:41,456 INFO sqlalchemy.engine.Engine [cached since 1049s ago] ()
2026-08-17 15:40:41,458 INFO sqlalchemy.engine.Engine SELECT sessions.session_id AS sessions_session_id, sessions.class_id AS sessions_class_id, sessions.teacher_id AS sessions_teacher_id, sessions.start_time AS sessions_start_time, sessions.end_time AS sessions_end_time, sessions.is_active AS sessions_is_active 
FROM sessions 
WHERE sessions.class_id = ? ORDER BY sessions.session_id DESC
 LIMIT ? OFFSET ?
2026-08-17 15:40:41,458 INFO sqlalchemy.engine.Engine [cached since 1140s ago] (38, 1, 0)
2026-08-17 15:40:41,462 INFO sqlalchemy.engine.Engine SELECT classrooms.class_id AS classrooms_class_id, classrooms.classroom_name AS classrooms_classroom_name, classrooms.subject AS classrooms_subject, classrooms.semester AS classrooms_semester, classrooms.section AS classrooms_section, classrooms.teacher_id AS classrooms_teacher_id, classrooms.class_code AS classrooms_class_code, classrooms.meeting_link AS classrooms_meeting_link, classrooms.created_at AS classrooms_created_at 
FROM classrooms 
WHERE classrooms.class_id = ?
 LIMIT ? OFFSET ?
2026-08-17 15:40:41,462 INFO sqlalchemy.engine.Engine [cached since 1140s ago] (29, 1, 0)
2026-08-17 15:40:41,467 INFO sqlalchemy.engine.Engine SELECT count(*) AS count_1 
FROM (SELECT enrollments.enrollment_id AS enrollments_enrollment_id, enrollments.student_id AS enrollments_student_id, enrollments.class_id AS enrollments_class_id, enrollments.joined_at AS enrollments_joined_at 
FROM enrollments 
WHERE enrollments.class_id = ?) AS anon_1
2026-08-17 15:40:41,468 INFO sqlalchemy.engine.Engine [cached since 1139s ago] (38,)
2026-08-17 15:40:41,469 INFO sqlalchemy.engine.Engine SELECT teachers.teacher_id AS teachers_teacher_id, teachers.name AS teachers_name, teachers.email AS teachers_email, teachers.password_hash AS teachers_password_hash, teachers.department AS teachers_department, teachers.created_at AS teachers_created_at 
FROM teachers 
WHERE teachers.teacher_id = ?
 LIMIT ? OFFSET ?
2026-08-17 15:40:41,470 INFO sqlalchemy.engine.Engine [cached since 1049s ago] (8, 1, 0)
2026-08-17 15:40:41,473 INFO sqlalchemy.engine.Engine SELECT attendance.attendance_id AS attendance_attendance_id, attendance.student_id AS attendance_student_id, attendance.class_id AS attendance_class_id, attendance.session_id AS attendance_session_id, attendance.status AS attendance_status, attendance.created_at AS attendance_created_at 
FROM attendance 
WHERE attendance.session_id = ? AND attendance.status = ?
2026-08-17 15:40:41,475 INFO sqlalchemy.engine.Engine [cached since 892.1s ago] (39, 1)
2026-08-17 15:40:41,475 INFO sqlalchemy.engine.Engine SELECT count(*) AS count_1 
FROM (SELECT enrollments.enrollment_id AS enrollments_enrollment_id, enrollments.student_id AS enrollments_student_id, enrollments.class_id AS enrollments_class_id, enrollments.joined_at AS enrollments_joined_at 
FROM enrollments 
WHERE enrollments.class_id = ?) AS anon_1
2026-08-17 15:40:41,476 INFO sqlalchemy.engine.Engine [cached since 1139s ago] (29,)
2026-08-17 15:40:41,478 INFO sqlalchemy.engine.Engine SELECT engagement_records.engagement_score AS engagement_records_engagement_score 
FROM engagement_records 
WHERE engagement_records.session_id = ?
2026-08-17 15:40:41,478 INFO sqlalchemy.engine.Engine [cached since 1139s ago] (39,)
2026-08-17 15:40:41,480 INFO sqlalchemy.engine.Engine ROLLBACK
127.0.0.1 - - [17/Aug/2026 15:40:41] "GET /live-classes HTTP/1.1" 200 -
2026-08-17 15:40:41,485 INFO sqlalchemy.engine.Engine SELECT sessions.session_id AS sessions_session_id, sessions.class_id AS sessions_class_id, sessions.teacher_id AS sessions_teacher_id, sessions.start_time AS sessions_start_time, sessions.end_time AS sessions_end_time, sessions.is_active AS sessions_is_active 
FROM sessions 
WHERE sessions.class_id = ? ORDER BY sessions.session_id DESC
 LIMIT ? OFFSET ?
2026-08-17 15:40:41,485 INFO sqlalchemy.engine.Engine [cached since 1140s ago] (29, 1, 0)
2026-08-17 15:40:41,489 INFO sqlalchemy.engine.Engine SELECT count(*) AS count_1 
FROM (SELECT enrollments.enrollment_id AS enrollments_enrollment_id, enrollments.student_id AS enrollments_student_id, enrollments.class_id AS enrollments_class_id, enrollments.joined_at AS enrollments_joined_at 
FROM enrollments 
WHERE enrollments.class_id = ?) AS anon_1
2026-08-17 15:40:41,489 INFO sqlalchemy.engine.Engine [cached since 1140s ago] (29,)
2026-08-17 15:40:41,492 INFO sqlalchemy.engine.Engine SELECT DISTINCT engagement_records.student_id AS engagement_records_student_id 
FROM engagement_records 
WHERE engagement_records.session_id = ?
2026-08-17 15:40:41,493 INFO sqlalchemy.engine.Engine [cached since 1140s ago] (29,)
2026-08-17 15:40:41,496 INFO sqlalchemy.engine.Engine SELECT engagement_records.engagement_score AS engagement_records_engagement_score 
FROM engagement_records 
WHERE engagement_records.session_id = ?
2026-08-17 15:40:41,497 INFO sqlalchemy.engine.Engine [cached since 1139s ago] (29,)
2026-08-17 15:40:41,513 INFO sqlalchemy.engine.Engine SELECT sessions.session_id AS sessions_session_id, sessions.class_id AS sessions_class_id, sessions.teacher_id AS sessions_teacher_id, sessions.start_time AS sessions_start_time, sessions.end_time AS sessions_end_time, sessions.is_active AS sessions_is_active 
FROM sessions 
WHERE sessions.class_id = ? ORDER BY sessions.session_id DESC
 LIMIT ? OFFSET ?
2026-08-17 15:40:41,514 INFO sqlalchemy.engine.Engine [cached since 1140s ago] (39, 1, 0)
2026-08-17 15:40:41,517 INFO sqlalchemy.engine.Engine SELECT count(*) AS count_1 
FROM (SELECT enrollments.enrollment_id AS enrollments_enrollment_id, enrollments.student_id AS enrollments_student_id, enrollments.class_id AS enrollments_class_id, enrollments.joined_at AS enrollments_joined_at 
FROM enrollments 
WHERE enrollments.class_id = ?) AS anon_1
2026-08-17 15:40:41,518 INFO sqlalchemy.engine.Engine [cached since 1140s ago] (39,)
2026-08-17 15:40:41,520 INFO sqlalchemy.engine.Engine SELECT attendance.attendance_id AS attendance_attendance_id, attendance.student_id AS attendance_student_id, attendance.class_id AS attendance_class_id, attendance.session_id AS attendance_session_id, attendance.status AS attendance_status, attendance.created_at AS attendance_created_at 
FROM attendance 
WHERE attendance.session_id = ? AND attendance.status = ?
2026-08-17 15:40:41,520 INFO sqlalchemy.engine.Engine [cached since 892.2s ago] (40, 1)
2026-08-17 15:40:41,522 INFO sqlalchemy.engine.Engine SELECT engagement_records.engagement_score AS engagement_records_engagement_score 
FROM engagement_records 
WHERE engagement_records.session_id = ?
2026-08-17 15:40:41,523 INFO sqlalchemy.engine.Engine [cached since 1140s ago] (40,)
2026-08-17 15:40:41,530 INFO sqlalchemy.engine.Engine SELECT sessions.session_id AS sessions_session_id, sessions.class_id AS sessions_class_id, sessions.teacher_id AS sessions_teacher_id, sessions.start_time AS sessions_start_time, sessions.end_time AS sessions_end_time, sessions.is_active AS sessions_is_active 
FROM sessions 
WHERE sessions.class_id = ? ORDER BY sessions.session_id DESC
 LIMIT ? OFFSET ?
2026-08-17 15:40:41,530 INFO sqlalchemy.engine.Engine [cached since 1140s ago] (40, 1, 0)
2026-08-17 15:40:41,533 INFO sqlalchemy.engine.Engine SELECT count(*) AS count_1 
FROM (SELECT enrollments.enrollment_id AS enrollments_enrollment_id, enrollments.student_id AS enrollments_student_id, enrollments.class_id AS enrollments_class_id, enrollments.joined_at AS enrollments_joined_at 
FROM enrollments 
WHERE enrollments.class_id = ?) AS anon_1
2026-08-17 15:40:41,537 INFO sqlalchemy.engine.Engine [cached since 1140s ago] (40,)
2026-08-17 15:40:41,539 INFO sqlalchemy.engine.Engine SELECT attendance.attendance_id AS attendance_attendance_id, attendance.student_id AS attendance_student_id, attendance.class_id AS attendance_class_id, attendance.session_id AS attendance_session_id, attendance.status AS attendance_status, attendance.created_at AS attendance_created_at 
FROM attendance 
WHERE attendance.session_id = ? AND attendance.status = ?
2026-08-17 15:40:41,542 INFO sqlalchemy.engine.Engine [cached since 892.2s ago] (41, 1)
2026-08-17 15:40:41,544 INFO sqlalchemy.engine.Engine SELECT engagement_records.engagement_score AS engagement_records_engagement_score 
FROM engagement_records 
WHERE engagement_records.session_id = ?
2026-08-17 15:40:41,546 INFO sqlalchemy.engine.Engine [cached since 1140s ago] (41,)
2026-08-17 15:40:41,553 INFO sqlalchemy.engine.Engine SELECT sessions.session_id AS sessions_session_id, sessions.class_id AS sessions_class_id, sessions.teacher_id AS sessions_teacher_id, sessions.start_time AS sessions_start_time, sessions.end_time AS sessions_end_time, sessions.is_active AS sessions_is_active 
FROM sessions 
WHERE sessions.class_id = ? ORDER BY sessions.session_id DESC
 LIMIT ? OFFSET ?
2026-08-17 15:40:41,553 INFO sqlalchemy.engine.Engine [cached since 1140s ago] (41, 1, 0)
2026-08-17 15:40:41,556 INFO sqlalchemy.engine.Engine SELECT count(*) AS count_1 
FROM (SELECT enrollments.enrollment_id AS enrollments_enrollment_id, enrollments.student_id AS enrollments_student_id, enrollments.class_id AS enrollments_class_id, enrollments.joined_at AS enrollments_joined_at 
FROM enrollments 
WHERE enrollments.class_id = ?) AS anon_1
2026-08-17 15:40:41,558 INFO sqlalchemy.engine.Engine [cached since 1140s ago] (41,)
2026-08-17 15:40:41,560 INFO sqlalchemy.engine.Engine SELECT attendance.attendance_id AS attendance_attendance_id, attendance.student_id AS attendance_student_id, attendance.class_id AS attendance_class_id, attendance.session_id AS attendance_session_id, attendance.status AS attendance_status, attendance.created_at AS attendance_created_at 
FROM attendance 
WHERE attendance.session_id = ? AND attendance.status = ?
2026-08-17 15:40:41,567 INFO sqlalchemy.engine.Engine [cached since 892.2s ago] (42, 1)
2026-08-17 15:40:41,572 INFO sqlalchemy.engine.Engine SELECT engagement_records.engagement_score AS engagement_records_engagement_score 
FROM engagement_records 
WHERE engagement_records.session_id = ?
2026-08-17 15:40:41,576 INFO sqlalchemy.engine.Engine [cached since 1140s ago] (42,)
2026-08-17 15:40:41,581 INFO sqlalchemy.engine.Engine ROLLBACK
127.0.0.1 - - [17/Aug/2026 15:40:41] "GET /my-classes HTTP/1.1" 200 -
127.0.0.1 - - [17/Aug/2026 15:40:45] "OPTIONS /live-classes HTTP/1.1" 200 -
VERIFY SECRET: student_engagement_secret_key
TOKEN RECEIVED: eyJhbGciOiJIUzI1NiIsInR5cCI6IkpXVCJ9.eyJ1c2VyX2lkIjoyMSwicm9sZSI6InN0dWRlbnQiLCJleHAiOjE3ODcwNDY4NDF9.PlDEXZkYORFOkUJAGJRYAkTnJ7aOPPPpUqCuHKtHDJU
2026-08-17 15:40:45,198 INFO sqlalchemy.engine.Engine BEGIN (implicit)
2026-08-17 15:40:45,200 INFO sqlalchemy.engine.Engine SELECT classrooms.class_id AS classrooms_class_id, classrooms.classroom_name AS classrooms_classroom_name, classrooms.subject AS classrooms_subject, classrooms.semester AS classrooms_semester, classrooms.section AS classrooms_section, classrooms.teacher_id AS classrooms_teacher_id, classrooms.class_code AS classrooms_class_code, classrooms.meeting_link AS classrooms_meeting_link, classrooms.created_at AS classrooms_created_at 
FROM classrooms JOIN enrollments ON enrollments.class_id = classrooms.class_id 
WHERE enrollments.student_id = ?
2026-08-17 15:40:45,201 INFO sqlalchemy.engine.Engine [cached since 1053s ago] (21,)
2026-08-17 15:40:45,203 INFO sqlalchemy.engine.Engine SELECT sessions.session_id AS sessions_session_id, sessions.class_id AS sessions_class_id, sessions.teacher_id AS sessions_teacher_id, sessions.start_time AS sessions_start_time, sessions.end_time AS sessions_end_time, sessions.is_active AS sessions_is_active 
FROM sessions 
WHERE sessions.class_id = ? ORDER BY sessions.session_id DESC
 LIMIT ? OFFSET ?
VERIFY SECRET: student_engagement_secret_key
TOKEN RECEIVED: eyJhbGciOiJIUzI1NiIsInR5cCI6IkpXVCJ9.eyJ1c2VyX2lkIjoyMSwicm9sZSI6InN0dWRlbnQiLCJleHAiOjE3ODcwNDY4NDF9.PlDEXZkYORFOkUJAGJRYAkTnJ7aOPPPpUqCuHKtHDJU
2026-08-17 15:40:45,206 INFO sqlalchemy.engine.Engine BEGIN (implicit)
2026-08-17 15:40:45,207 INFO sqlalchemy.engine.Engine SELECT sessions.session_id AS sessions_session_id, sessions.class_id AS sessions_class_id, sessions.teacher_id AS sessions_teacher_id, sessions.start_time AS sessions_start_time, sessions.end_time AS sessions_end_time, sessions.is_active AS sessions_is_active 
FROM sessions 
WHERE sessions.is_active = 1 ORDER BY sessions.start_time DESC
2026-08-17 15:40:45,208 INFO sqlalchemy.engine.Engine [cached since 1053s ago] ()
2026-08-17 15:40:45,206 INFO sqlalchemy.engine.Engine [cached since 1143s ago] (38, 1, 0)
2026-08-17 15:40:45,211 INFO sqlalchemy.engine.Engine SELECT classrooms.class_id AS classrooms_class_id, classrooms.classroom_name AS classrooms_classroom_name, classrooms.subject AS classrooms_subject, classrooms.semester AS classrooms_semester, classrooms.section AS classrooms_section, classrooms.teacher_id AS classrooms_teacher_id, classrooms.class_code AS classrooms_class_code, classrooms.meeting_link AS classrooms_meeting_link, classrooms.created_at AS classrooms_created_at 
FROM classrooms 
WHERE classrooms.class_id = ?
 LIMIT ? OFFSET ?
2026-08-17 15:40:45,213 INFO sqlalchemy.engine.Engine SELECT count(*) AS count_1 
FROM (SELECT enrollments.enrollment_id AS enrollments_enrollment_id, enrollments.student_id AS enrollments_student_id, enrollments.class_id AS enrollments_class_id, enrollments.joined_at AS enrollments_joined_at 
FROM enrollments 
WHERE enrollments.class_id = ?) AS anon_1
2026-08-17 15:40:45,214 INFO sqlalchemy.engine.Engine [cached since 1143s ago] (38,)
2026-08-17 15:40:45,214 INFO sqlalchemy.engine.Engine [cached since 1143s ago] (29, 1, 0)
2026-08-17 15:40:45,216 INFO sqlalchemy.engine.Engine SELECT attendance.attendance_id AS attendance_attendance_id, attendance.student_id AS attendance_student_id, attendance.class_id AS attendance_class_id, attendance.session_id AS attendance_session_id, attendance.status AS attendance_status, attendance.created_at AS attendance_created_at 
FROM attendance 
WHERE attendance.session_id = ? AND attendance.status = ?
2026-08-17 15:40:45,216 INFO sqlalchemy.engine.Engine [cached since 895.9s ago] (39, 1)
2026-08-17 15:40:45,218 INFO sqlalchemy.engine.Engine SELECT teachers.teacher_id AS teachers_teacher_id, teachers.name AS teachers_name, teachers.email AS teachers_email, teachers.password_hash AS teachers_password_hash, teachers.department AS teachers_department, teachers.created_at AS teachers_created_at 
FROM teachers 
WHERE teachers.teacher_id = ?
 LIMIT ? OFFSET ?
2026-08-17 15:40:45,218 INFO sqlalchemy.engine.Engine [cached since 1053s ago] (8, 1, 0)
2026-08-17 15:40:45,219 INFO sqlalchemy.engine.Engine SELECT engagement_records.engagement_score AS engagement_records_engagement_score 
FROM engagement_records 
WHERE engagement_records.session_id = ?
2026-08-17 15:40:45,220 INFO sqlalchemy.engine.Engine [cached since 1143s ago] (39,)
2026-08-17 15:40:45,222 INFO sqlalchemy.engine.Engine SELECT count(*) AS count_1 
FROM (SELECT enrollments.enrollment_id AS enrollments_enrollment_id, enrollments.student_id AS enrollments_student_id, enrollments.class_id AS enrollments_class_id, enrollments.joined_at AS enrollments_joined_at 
FROM enrollments 
WHERE enrollments.class_id = ?) AS anon_1
2026-08-17 15:40:45,222 INFO sqlalchemy.engine.Engine [cached since 1143s ago] (29,)
2026-08-17 15:40:45,224 INFO sqlalchemy.engine.Engine ROLLBACK
127.0.0.1 - - [17/Aug/2026 15:40:45] "GET /live-classes HTTP/1.1" 200 -
2026-08-17 15:40:45,227 INFO sqlalchemy.engine.Engine SELECT sessions.session_id AS sessions_session_id, sessions.class_id AS sessions_class_id, sessions.teacher_id AS sessions_teacher_id, sessions.start_time AS sessions_start_time, sessions.end_time AS sessions_end_time, sessions.is_active AS sessions_is_active 
FROM sessions 
WHERE sessions.class_id = ? ORDER BY sessions.session_id DESC
 LIMIT ? OFFSET ?
2026-08-17 15:40:45,227 INFO sqlalchemy.engine.Engine [cached since 1143s ago] (29, 1, 0)
2026-08-17 15:40:45,230 INFO sqlalchemy.engine.Engine SELECT count(*) AS count_1 
FROM (SELECT enrollments.enrollment_id AS enrollments_enrollment_id, enrollments.student_id AS enrollments_student_id, enrollments.class_id AS enrollments_class_id, enrollments.joined_at AS enrollments_joined_at 
FROM enrollments 
WHERE enrollments.class_id = ?) AS anon_1
2026-08-17 15:40:45,231 INFO sqlalchemy.engine.Engine [cached since 1143s ago] (29,)
2026-08-17 15:40:45,233 INFO sqlalchemy.engine.Engine SELECT DISTINCT engagement_records.student_id AS engagement_records_student_id 
FROM engagement_records 
WHERE engagement_records.session_id = ?
2026-08-17 15:40:45,233 INFO sqlalchemy.engine.Engine [cached since 1143s ago] (29,)
2026-08-17 15:40:45,236 INFO sqlalchemy.engine.Engine SELECT engagement_records.engagement_score AS engagement_records_engagement_score 
FROM engagement_records 
WHERE engagement_records.session_id = ?
2026-08-17 15:40:45,236 INFO sqlalchemy.engine.Engine [cached since 1143s ago] (29,)
2026-08-17 15:40:45,242 INFO sqlalchemy.engine.Engine SELECT sessions.session_id AS sessions_session_id, sessions.class_id AS sessions_class_id, sessions.teacher_id AS sessions_teacher_id, sessions.start_time AS sessions_start_time, sessions.end_time AS sessions_end_time, sessions.is_active AS sessions_is_active 
FROM sessions 
WHERE sessions.class_id = ? ORDER BY sessions.session_id DESC
 LIMIT ? OFFSET ?
2026-08-17 15:40:45,243 INFO sqlalchemy.engine.Engine [cached since 1143s ago] (39, 1, 0)
2026-08-17 15:40:45,245 INFO sqlalchemy.engine.Engine SELECT count(*) AS count_1 
FROM (SELECT enrollments.enrollment_id AS enrollments_enrollment_id, enrollments.student_id AS enrollments_student_id, enrollments.class_id AS enrollments_class_id, enrollments.joined_at AS enrollments_joined_at 
FROM enrollments 
WHERE enrollments.class_id = ?) AS anon_1
2026-08-17 15:40:45,245 INFO sqlalchemy.engine.Engine [cached since 1143s ago] (39,)
2026-08-17 15:40:45,246 INFO sqlalchemy.engine.Engine SELECT attendance.attendance_id AS attendance_attendance_id, attendance.student_id AS attendance_student_id, attendance.class_id AS attendance_class_id, attendance.session_id AS attendance_session_id, attendance.status AS attendance_status, attendance.created_at AS attendance_created_at 
FROM attendance 
WHERE attendance.session_id = ? AND attendance.status = ?
2026-08-17 15:40:45,246 INFO sqlalchemy.engine.Engine [cached since 895.9s ago] (40, 1)
2026-08-17 15:40:45,247 INFO sqlalchemy.engine.Engine SELECT engagement_records.engagement_score AS engagement_records_engagement_score 
FROM engagement_records 
WHERE engagement_records.session_id = ?
2026-08-17 15:40:45,248 INFO sqlalchemy.engine.Engine [cached since 1143s ago] (40,)
2026-08-17 15:40:45,253 INFO sqlalchemy.engine.Engine SELECT sessions.session_id AS sessions_session_id, sessions.class_id AS sessions_class_id, sessions.teacher_id AS sessions_teacher_id, sessions.start_time AS sessions_start_time, sessions.end_time AS sessions_end_time, sessions.is_active AS sessions_is_active 
FROM sessions 
WHERE sessions.class_id = ? ORDER BY sessions.session_id DESC
 LIMIT ? OFFSET ?
2026-08-17 15:40:45,254 INFO sqlalchemy.engine.Engine [cached since 1143s ago] (40, 1, 0)
2026-08-17 15:40:45,257 INFO sqlalchemy.engine.Engine SELECT count(*) AS count_1 
FROM (SELECT enrollments.enrollment_id AS enrollments_enrollment_id, enrollments.student_id AS enrollments_student_id, enrollments.class_id AS enrollments_class_id, enrollments.joined_at AS enrollments_joined_at 
FROM enrollments 
WHERE enrollments.class_id = ?) AS anon_1
2026-08-17 15:40:45,257 INFO sqlalchemy.engine.Engine [cached since 1143s ago] (40,)
2026-08-17 15:40:45,259 INFO sqlalchemy.engine.Engine SELECT attendance.attendance_id AS attendance_attendance_id, attendance.student_id AS attendance_student_id, attendance.class_id AS attendance_class_id, attendance.session_id AS attendance_session_id, attendance.status AS attendance_status, attendance.created_at AS attendance_created_at 
FROM attendance 
WHERE attendance.session_id = ? AND attendance.status = ?
2026-08-17 15:40:45,259 INFO sqlalchemy.engine.Engine [cached since 895.9s ago] (41, 1)
2026-08-17 15:40:45,261 INFO sqlalchemy.engine.Engine SELECT engagement_records.engagement_score AS engagement_records_engagement_score 
FROM engagement_records 
WHERE engagement_records.session_id = ?
2026-08-17 15:40:45,261 INFO sqlalchemy.engine.Engine [cached since 1143s ago] (41,)
2026-08-17 15:40:45,264 INFO sqlalchemy.engine.Engine SELECT sessions.session_id AS sessions_session_id, sessions.class_id AS sessions_class_id, sessions.teacher_id AS sessions_teacher_id, sessions.start_time AS sessions_start_time, sessions.end_time AS sessions_end_time, sessions.is_active AS sessions_is_active 
FROM sessions 
WHERE sessions.class_id = ? ORDER BY sessions.session_id DESC
 LIMIT ? OFFSET ?
2026-08-17 15:40:45,264 INFO sqlalchemy.engine.Engine [cached since 1143s ago] (41, 1, 0)
2026-08-17 15:40:45,267 INFO sqlalchemy.engine.Engine SELECT count(*) AS count_1 
FROM (SELECT enrollments.enrollment_id AS enrollments_enrollment_id, enrollments.student_id AS enrollments_student_id, enrollments.class_id AS enrollments_class_id, enrollments.joined_at AS enrollments_joined_at 
FROM enrollments 
WHERE enrollments.class_id = ?) AS anon_1
2026-08-17 15:40:45,267 INFO sqlalchemy.engine.Engine [cached since 1143s ago] (41,)
2026-08-17 15:40:45,268 INFO sqlalchemy.engine.Engine SELECT attendance.attendance_id AS attendance_attendance_id, attendance.student_id AS attendance_student_id, attendance.class_id AS attendance_class_id, attendance.session_id AS attendance_session_id, attendance.status AS attendance_status, attendance.created_at AS attendance_created_at 
FROM attendance 
WHERE attendance.session_id = ? AND attendance.status = ?
2026-08-17 15:40:45,269 INFO sqlalchemy.engine.Engine [cached since 895.9s ago] (42, 1)
2026-08-17 15:40:45,270 INFO sqlalchemy.engine.Engine SELECT engagement_records.engagement_score AS engagement_records_engagement_score 
FROM engagement_records 
WHERE engagement_records.session_id = ?
2026-08-17 15:40:45,271 INFO sqlalchemy.engine.Engine [cached since 1143s ago] (42,)
2026-08-17 15:40:45,274 INFO sqlalchemy.engine.Engine ROLLBACK
127.0.0.1 - - [17/Aug/2026 15:40:45] "GET /my-classes HTTP/1.1" 200 -
127.0.0.1 - - [17/Aug/2026 15:40:55] "OPTIONS /live-classes HTTP/1.1" 200 -
VERIFY SECRET: student_engagement_secret_key
TOKEN RECEIVED: eyJhbGciOiJIUzI1NiIsInR5cCI6IkpXVCJ9.eyJ1c2VyX2lkIjoyMSwicm9sZSI6InN0dWRlbnQiLCJleHAiOjE3ODcwNDY4NDF9.PlDEXZkYORFOkUJAGJRYAkTnJ7aOPPPpUqCuHKtHDJU
2026-08-17 15:40:55,259 INFO sqlalchemy.engine.Engine BEGIN (implicit)
2026-08-17 15:40:55,261 INFO sqlalchemy.engine.Engine SELECT sessions.session_id AS sessions_session_id, sessions.class_id AS sessions_class_id, sessions.teacher_id AS sessions_teacher_id, sessions.start_time AS sessions_start_time, sessions.end_time AS sessions_end_time, sessions.is_active AS sessions_is_active 
FROM sessions 
WHERE sessions.is_active = 1 ORDER BY sessions.start_time DESC
2026-08-17 15:40:55,261 INFO sqlalchemy.engine.Engine [cached since 1063s ago] ()
2026-08-17 15:40:55,264 INFO sqlalchemy.engine.Engine SELECT classrooms.class_id AS classrooms_class_id, classrooms.classroom_name AS classrooms_classroom_name, classrooms.subject AS classrooms_subject, classrooms.semester AS classrooms_semester, classrooms.section AS classrooms_section, classrooms.teacher_id AS classrooms_teacher_id, classrooms.class_code AS classrooms_class_code, classrooms.meeting_link AS classrooms_meeting_link, classrooms.created_at AS classrooms_created_at 
FROM classrooms 
WHERE classrooms.class_id = ?
 LIMIT ? OFFSET ?
2026-08-17 15:40:55,264 INFO sqlalchemy.engine.Engine [cached since 1153s ago] (29, 1, 0)
2026-08-17 15:40:55,267 INFO sqlalchemy.engine.Engine SELECT teachers.teacher_id AS teachers_teacher_id, teachers.name AS teachers_name, teachers.email AS teachers_email, teachers.password_hash AS teachers_password_hash, teachers.department AS teachers_department, teachers.created_at AS teachers_created_at 
FROM teachers 
WHERE teachers.teacher_id = ?
 LIMIT ? OFFSET ?
2026-08-17 15:40:55,267 INFO sqlalchemy.engine.Engine [cached since 1063s ago] (8, 1, 0)
2026-08-17 15:40:55,270 INFO sqlalchemy.engine.Engine SELECT count(*) AS count_1 
FROM (SELECT enrollments.enrollment_id AS enrollments_enrollment_id, enrollments.student_id AS enrollments_student_id, enrollments.class_id AS enrollments_class_id, enrollments.joined_at AS enrollments_joined_at 
FROM enrollments 
WHERE enrollments.class_id = ?) AS anon_1
2026-08-17 15:40:55,270 INFO sqlalchemy.engine.Engine [cached since 1153s ago] (29,)
2026-08-17 15:40:55,272 INFO sqlalchemy.engine.Engine ROLLBACK
127.0.0.1 - - [17/Aug/2026 15:40:55] "GET /live-classes HTTP/1.1" 200 -
127.0.0.1 - - [17/Aug/2026 15:41:05] "OPTIONS /live-classes HTTP/1.1" 200 -
VERIFY SECRET: student_engagement_secret_key
TOKEN RECEIVED: eyJhbGciOiJIUzI1NiIsInR5cCI6IkpXVCJ9.eyJ1c2VyX2lkIjoyMSwicm9sZSI6InN0dWRlbnQiLCJleHAiOjE3ODcwNDY4NDF9.PlDEXZkYORFOkUJAGJRYAkTnJ7aOPPPpUqCuHKtHDJU
2026-08-17 15:41:05,299 INFO sqlalchemy.engine.Engine BEGIN (implicit)
2026-08-17 15:41:05,300 INFO sqlalchemy.engine.Engine SELECT sessions.session_id AS sessions_session_id, sessions.class_id AS sessions_class_id, sessions.teacher_id AS sessions_teacher_id, sessions.start_time AS sessions_start_time, sessions.end_time AS sessions_end_time, sessions.is_active AS sessions_is_active 
FROM sessions 
WHERE sessions.is_active = 1 ORDER BY sessions.start_time DESC
2026-08-17 15:41:05,300 INFO sqlalchemy.engine.Engine [cached since 1073s ago] ()
2026-08-17 15:41:05,302 INFO sqlalchemy.engine.Engine SELECT classrooms.class_id AS classrooms_class_id, classrooms.classroom_name AS classrooms_classroom_name, classrooms.subject AS classrooms_subject, classrooms.semester AS classrooms_semester, classrooms.section AS classrooms_section, classrooms.teacher_id AS classrooms_teacher_id, classrooms.class_code AS classrooms_class_code, classrooms.meeting_link AS classrooms_meeting_link, classrooms.created_at AS classrooms_created_at 
FROM classrooms 
WHERE classrooms.class_id = ?
 LIMIT ? OFFSET ?
2026-08-17 15:41:05,302 INFO sqlalchemy.engine.Engine [cached since 1163s ago] (29, 1, 0)
2026-08-17 15:41:05,303 INFO sqlalchemy.engine.Engine SELECT teachers.teacher_id AS teachers_teacher_id, teachers.name AS teachers_name, teachers.email AS teachers_email, teachers.password_hash AS teachers_password_hash, teachers.department AS teachers_department, teachers.created_at AS teachers_created_at 
FROM teachers 
WHERE teachers.teacher_id = ?
 LIMIT ? OFFSET ?
2026-08-17 15:41:05,303 INFO sqlalchemy.engine.Engine [cached since 1073s ago] (8, 1, 0)
2026-08-17 15:41:05,305 INFO sqlalchemy.engine.Engine SELECT count(*) AS count_1 
FROM (SELECT enrollments.enrollment_id AS enrollments_enrollment_id, enrollments.student_id AS enrollments_student_id, enrollments.class_id AS enrollments_class_id, enrollments.joined_at AS enrollments_joined_at 
FROM enrollments 
WHERE enrollments.class_id = ?) AS anon_1
2026-08-17 15:41:05,305 INFO sqlalchemy.engine.Engine [cached since 1163s ago] (29,)
2026-08-17 15:41:05,306 INFO sqlalchemy.engine.Engine ROLLBACK
127.0.0.1 - - [17/Aug/2026 15:41:05] "GET /live-classes HTTP/1.1" 200 -
127.0.0.1 - - [17/Aug/2026 15:41:15] "OPTIONS /live-classes HTTP/1.1" 200 -
VERIFY SECRET: student_engagement_secret_key
TOKEN RECEIVED: eyJhbGciOiJIUzI1NiIsInR5cCI6IkpXVCJ9.eyJ1c2VyX2lkIjoyMSwicm9sZSI6InN0dWRlbnQiLCJleHAiOjE3ODcwNDY4NDF9.PlDEXZkYORFOkUJAGJRYAkTnJ7aOPPPpUqCuHKtHDJU
2026-08-17 15:41:15,339 INFO sqlalchemy.engine.Engine BEGIN (implicit)
2026-08-17 15:41:15,340 INFO sqlalchemy.engine.Engine SELECT sessions.session_id AS sessions_session_id, sessions.class_id AS sessions_class_id, sessions.teacher_id AS sessions_teacher_id, sessions.start_time AS sessions_start_time, sessions.end_time AS sessions_end_time, sessions.is_active AS sessions_is_active 
FROM sessions 
WHERE sessions.is_active = 1 ORDER BY sessions.start_time DESC
2026-08-17 15:41:15,340 INFO sqlalchemy.engine.Engine [cached since 1083s ago] ()
2026-08-17 15:41:15,343 INFO sqlalchemy.engine.Engine SELECT classrooms.class_id AS classrooms_class_id, classrooms.classroom_name AS classrooms_classroom_name, classrooms.subject AS classrooms_subject, classrooms.semester AS classrooms_semester, classrooms.section AS classrooms_section, classrooms.teacher_id AS classrooms_teacher_id, classrooms.class_code AS classrooms_class_code, classrooms.meeting_link AS classrooms_meeting_link, classrooms.created_at AS classrooms_created_at 
FROM classrooms 
WHERE classrooms.class_id = ?
 LIMIT ? OFFSET ?
2026-08-17 15:41:15,343 INFO sqlalchemy.engine.Engine [cached since 1173s ago] (29, 1, 0)
2026-08-17 15:41:15,345 INFO sqlalchemy.engine.Engine SELECT teachers.teacher_id AS teachers_teacher_id, teachers.name AS teachers_name, teachers.email AS teachers_email, teachers.password_hash AS teachers_password_hash, teachers.department AS teachers_department, teachers.created_at AS teachers_created_at 
FROM teachers 
WHERE teachers.teacher_id = ?
 LIMIT ? OFFSET ?
2026-08-17 15:41:15,345 INFO sqlalchemy.engine.Engine [cached since 1083s ago] (8, 1, 0)
2026-08-17 15:41:15,348 INFO sqlalchemy.engine.Engine SELECT count(*) AS count_1 
FROM (SELECT enrollments.enrollment_id AS enrollments_enrollment_id, enrollments.student_id AS enrollments_student_id, enrollments.class_id AS enrollments_class_id, enrollments.joined_at AS enrollments_joined_at 
FROM enrollments 
WHERE enrollments.class_id = ?) AS anon_1
2026-08-17 15:41:15,348 INFO sqlalchemy.engine.Engine [cached since 1173s ago] (29,)
2026-08-17 15:41:15,350 INFO sqlalchemy.engine.Engine ROLLBACK
127.0.0.1 - - [17/Aug/2026 15:41:15] "GET /live-classes HTTP/1.1" 200 -
127.0.0.1 - - [17/Aug/2026 15:41:25] "OPTIONS /live-classes HTTP/1.1" 200 -
VERIFY SECRET: student_engagement_secret_key
TOKEN RECEIVED: eyJhbGciOiJIUzI1NiIsInR5cCI6IkpXVCJ9.eyJ1c2VyX2lkIjoyMSwicm9sZSI6InN0dWRlbnQiLCJleHAiOjE3ODcwNDY4NDF9.PlDEXZkYORFOkUJAGJRYAkTnJ7aOPPPpUqCuHKtHDJU
2026-08-17 15:41:25,376 INFO sqlalchemy.engine.Engine BEGIN (implicit)
2026-08-17 15:41:25,377 INFO sqlalchemy.engine.Engine SELECT sessions.session_id AS sessions_session_id, sessions.class_id AS sessions_class_id, sessions.teacher_id AS sessions_teacher_id, sessions.start_time AS sessions_start_time, sessions.end_time AS sessions_end_time, sessions.is_active AS sessions_is_active 
FROM sessions 
WHERE sessions.is_active = 1 ORDER BY sessions.start_time DESC
2026-08-17 15:41:25,377 INFO sqlalchemy.engine.Engine [cached since 1093s ago] ()
2026-08-17 15:41:25,381 INFO sqlalchemy.engine.Engine SELECT classrooms.class_id AS classrooms_class_id, classrooms.classroom_name AS classrooms_classroom_name, classrooms.subject AS classrooms_subject, classrooms.semester AS classrooms_semester, classrooms.section AS classrooms_section, classrooms.teacher_id AS classrooms_teacher_id, classrooms.class_code AS classrooms_class_code, classrooms.meeting_link AS classrooms_meeting_link, classrooms.created_at AS classrooms_created_at 
FROM classrooms 
WHERE classrooms.class_id = ?
 LIMIT ? OFFSET ?
2026-08-17 15:41:25,382 INFO sqlalchemy.engine.Engine [cached since 1184s ago] (29, 1, 0)
2026-08-17 15:41:25,384 INFO sqlalchemy.engine.Engine SELECT teachers.teacher_id AS teachers_teacher_id, teachers.name AS teachers_name, teachers.email AS teachers_email, teachers.password_hash AS teachers_password_hash, teachers.department AS teachers_department, teachers.created_at AS teachers_created_at 
FROM teachers 
WHERE teachers.teacher_id = ?
 LIMIT ? OFFSET ?
2026-08-17 15:41:25,384 INFO sqlalchemy.engine.Engine [cached since 1093s ago] (8, 1, 0)
2026-08-17 15:41:25,386 INFO sqlalchemy.engine.Engine SELECT count(*) AS count_1 
FROM (SELECT enrollments.enrollment_id AS enrollments_enrollment_id, enrollments.student_id AS enrollments_student_id, enrollments.class_id AS enrollments_class_id, enrollments.joined_at AS enrollments_joined_at 
FROM enrollments 
WHERE enrollments.class_id = ?) AS anon_1
2026-08-17 15:41:25,387 INFO sqlalchemy.engine.Engine [cached since 1183s ago] (29,)
2026-08-17 15:41:25,388 INFO sqlalchemy.engine.Engine ROLLBACK
127.0.0.1 - - [17/Aug/2026 15:41:25] "GET /live-classes HTTP/1.1" 200 -
127.0.0.1 - - [17/Aug/2026 15:41:35] "OPTIONS /live-classes HTTP/1.1" 200 -
VERIFY SECRET: student_engagement_secret_key
TOKEN RECEIVED: eyJhbGciOiJIUzI1NiIsInR5cCI6IkpXVCJ9.eyJ1c2VyX2lkIjoyMSwicm9sZSI6InN0dWRlbnQiLCJleHAiOjE3ODcwNDY4NDF9.PlDEXZkYORFOkUJAGJRYAkTnJ7aOPPPpUqCuHKtHDJU
2026-08-17 15:41:35,417 INFO sqlalchemy.engine.Engine BEGIN (implicit)
2026-08-17 15:41:35,418 INFO sqlalchemy.engine.Engine SELECT sessions.session_id AS sessions_session_id, sessions.class_id AS sessions_class_id, sessions.teacher_id AS sessions_teacher_id, sessions.start_time AS sessions_start_time, sessions.end_time AS sessions_end_time, sessions.is_active AS sessions_is_active 
FROM sessions 
WHERE sessions.is_active = 1 ORDER BY sessions.start_time DESC
2026-08-17 15:41:35,421 INFO sqlalchemy.engine.Engine [cached since 1103s ago] ()
2026-08-17 15:41:35,424 INFO sqlalchemy.engine.Engine SELECT classrooms.class_id AS classrooms_class_id, classrooms.classroom_name AS classrooms_classroom_name, classrooms.subject AS classrooms_subject, classrooms.semester AS classrooms_semester, classrooms.section AS classrooms_section, classrooms.teacher_id AS classrooms_teacher_id, classrooms.class_code AS classrooms_class_code, classrooms.meeting_link AS classrooms_meeting_link, classrooms.created_at AS classrooms_created_at 
FROM classrooms 
WHERE classrooms.class_id = ?
 LIMIT ? OFFSET ?
2026-08-17 15:41:35,424 INFO sqlalchemy.engine.Engine [cached since 1194s ago] (29, 1, 0)
2026-08-17 15:41:35,426 INFO sqlalchemy.engine.Engine SELECT teachers.teacher_id AS teachers_teacher_id, teachers.name AS teachers_name, teachers.email AS teachers_email, teachers.password_hash AS teachers_password_hash, teachers.department AS teachers_department, teachers.created_at AS teachers_created_at 
FROM teachers 
WHERE teachers.teacher_id = ?
 LIMIT ? OFFSET ?
2026-08-17 15:41:35,427 INFO sqlalchemy.engine.Engine [cached since 1103s ago] (8, 1, 0)
2026-08-17 15:41:35,429 INFO sqlalchemy.engine.Engine SELECT count(*) AS count_1 
FROM (SELECT enrollments.enrollment_id AS enrollments_enrollment_id, enrollments.student_id AS enrollments_student_id, enrollments.class_id AS enrollments_class_id, enrollments.joined_at AS enrollments_joined_at 
FROM enrollments 
WHERE enrollments.class_id = ?) AS anon_1
2026-08-17 15:41:35,430 INFO sqlalchemy.engine.Engine [cached since 1193s ago] (29,)
2026-08-17 15:41:35,431 INFO sqlalchemy.engine.Engine ROLLBACK
127.0.0.1 - - [17/Aug/2026 15:41:35] "GET /live-classes HTTP/1.1" 200 -
127.0.0.1 - - [17/Aug/2026 15:41:45] "OPTIONS /live-classes HTTP/1.1" 200 -
VERIFY SECRET: student_engagement_secret_key
TOKEN RECEIVED: eyJhbGciOiJIUzI1NiIsInR5cCI6IkpXVCJ9.eyJ1c2VyX2lkIjoyMSwicm9sZSI6InN0dWRlbnQiLCJleHAiOjE3ODcwNDY4NDF9.PlDEXZkYORFOkUJAGJRYAkTnJ7aOPPPpUqCuHKtHDJU
2026-08-17 15:41:45,468 INFO sqlalchemy.engine.Engine BEGIN (implicit)
2026-08-17 15:41:45,469 INFO sqlalchemy.engine.Engine SELECT sessions.session_id AS sessions_session_id, sessions.class_id AS sessions_class_id, sessions.teacher_id AS sessions_teacher_id, sessions.start_time AS sessions_start_time, sessions.end_time AS sessions_end_time, sessions.is_active AS sessions_is_active 
FROM sessions 
WHERE sessions.is_active = 1 ORDER BY sessions.start_time DESC
2026-08-17 15:41:45,469 INFO sqlalchemy.engine.Engine [cached since 1113s ago] ()
2026-08-17 15:41:45,474 INFO sqlalchemy.engine.Engine SELECT classrooms.class_id AS classrooms_class_id, classrooms.classroom_name AS classrooms_classroom_name, classrooms.subject AS classrooms_subject, classrooms.semester AS classrooms_semester, classrooms.section AS classrooms_section, classrooms.teacher_id AS classrooms_teacher_id, classrooms.class_code AS classrooms_class_code, classrooms.meeting_link AS classrooms_meeting_link, classrooms.created_at AS classrooms_created_at 
FROM classrooms 
WHERE classrooms.class_id = ?
 LIMIT ? OFFSET ?
2026-08-17 15:41:45,474 INFO sqlalchemy.engine.Engine [cached since 1204s ago] (29, 1, 0)
2026-08-17 15:41:45,476 INFO sqlalchemy.engine.Engine SELECT teachers.teacher_id AS teachers_teacher_id, teachers.name AS teachers_name, teachers.email AS teachers_email, teachers.password_hash AS teachers_password_hash, teachers.department AS teachers_department, teachers.created_at AS teachers_created_at 
FROM teachers 
WHERE teachers.teacher_id = ?
 LIMIT ? OFFSET ?
2026-08-17 15:41:45,477 INFO sqlalchemy.engine.Engine [cached since 1113s ago] (8, 1, 0)
2026-08-17 15:41:45,480 INFO sqlalchemy.engine.Engine SELECT count(*) AS count_1 
FROM (SELECT enrollments.enrollment_id AS enrollments_enrollment_id, enrollments.student_id AS enrollments_student_id, enrollments.class_id AS enrollments_class_id, enrollments.joined_at AS enrollments_joined_at 
FROM enrollments 
WHERE enrollments.class_id = ?) AS anon_1
2026-08-17 15:41:45,480 INFO sqlalchemy.engine.Engine [cached since 1204s ago] (29,)
2026-08-17 15:41:45,481 INFO sqlalchemy.engine.Engine ROLLBACK
127.0.0.1 - - [17/Aug/2026 15:41:45] "GET /live-classes HTTP/1.1" 200 -
127.0.0.1 - - [17/Aug/2026 15:41:55] "OPTIONS /live-classes HTTP/1.1" 200 -
VERIFY SECRET: student_engagement_secret_key
TOKEN RECEIVED: eyJhbGciOiJIUzI1NiIsInR5cCI6IkpXVCJ9.eyJ1c2VyX2lkIjoyMSwicm9sZSI6InN0dWRlbnQiLCJleHAiOjE3ODcwNDY4NDF9.PlDEXZkYORFOkUJAGJRYAkTnJ7aOPPPpUqCuHKtHDJU
2026-08-17 15:41:55,513 INFO sqlalchemy.engine.Engine BEGIN (implicit)
2026-08-17 15:41:55,514 INFO sqlalchemy.engine.Engine SELECT sessions.session_id AS sessions_session_id, sessions.class_id AS sessions_class_id, sessions.teacher_id AS sessions_teacher_id, sessions.start_time AS sessions_start_time, sessions.end_time AS sessions_end_time, sessions.is_active AS sessions_is_active 
FROM sessions 
WHERE sessions.is_active = 1 ORDER BY sessions.start_time DESC
2026-08-17 15:41:55,514 INFO sqlalchemy.engine.Engine [cached since 1123s ago] ()
2026-08-17 15:41:55,516 INFO sqlalchemy.engine.Engine SELECT classrooms.class_id AS classrooms_class_id, classrooms.classroom_name AS classrooms_classroom_name, classrooms.subject AS classrooms_subject, classrooms.semester AS classrooms_semester, classrooms.section AS classrooms_section, classrooms.teacher_id AS classrooms_teacher_id, classrooms.class_code AS classrooms_class_code, classrooms.meeting_link AS classrooms_meeting_link, classrooms.created_at AS classrooms_created_at 
FROM classrooms 
WHERE classrooms.class_id = ?
 LIMIT ? OFFSET ?
2026-08-17 15:41:55,516 INFO sqlalchemy.engine.Engine [cached since 1214s ago] (29, 1, 0)
2026-08-17 15:41:55,521 INFO sqlalchemy.engine.Engine SELECT teachers.teacher_id AS teachers_teacher_id, teachers.name AS teachers_name, teachers.email AS teachers_email, teachers.password_hash AS teachers_password_hash, teachers.department AS teachers_department, teachers.created_at AS teachers_created_at 
FROM teachers 
WHERE teachers.teacher_id = ?
 LIMIT ? OFFSET ?
2026-08-17 15:41:55,521 INFO sqlalchemy.engine.Engine [cached since 1123s ago] (8, 1, 0)
2026-08-17 15:41:55,524 INFO sqlalchemy.engine.Engine SELECT count(*) AS count_1 
FROM (SELECT enrollments.enrollment_id AS enrollments_enrollment_id, enrollments.student_id AS enrollments_student_id, enrollments.class_id AS enrollments_class_id, enrollments.joined_at AS enrollments_joined_at 
FROM enrollments 
WHERE enrollments.class_id = ?) AS anon_1
2026-08-17 15:41:55,524 INFO sqlalchemy.engine.Engine [cached since 1214s ago] (29,)
2026-08-17 15:41:55,525 INFO sqlalchemy.engine.Engine ROLLBACK
127.0.0.1 - - [17/Aug/2026 15:41:55] "GET /live-classes HTTP/1.1" 200 -
127.0.0.1 - - [17/Aug/2026 15:42:05] "OPTIONS /live-classes HTTP/1.1" 200 -
VERIFY SECRET: student_engagement_secret_key
TOKEN RECEIVED: eyJhbGciOiJIUzI1NiIsInR5cCI6IkpXVCJ9.eyJ1c2VyX2lkIjoyMSwicm9sZSI6InN0dWRlbnQiLCJleHAiOjE3ODcwNDY4NDF9.PlDEXZkYORFOkUJAGJRYAkTnJ7aOPPPpUqCuHKtHDJU
2026-08-17 15:42:05,555 INFO sqlalchemy.engine.Engine BEGIN (implicit)
2026-08-17 15:42:05,557 INFO sqlalchemy.engine.Engine SELECT sessions.session_id AS sessions_session_id, sessions.class_id AS sessions_class_id, sessions.teacher_id AS sessions_teacher_id, sessions.start_time AS sessions_start_time, sessions.end_time AS sessions_end_time, sessions.is_active AS sessions_is_active 
FROM sessions 
WHERE sessions.is_active = 1 ORDER BY sessions.start_time DESC
2026-08-17 15:42:05,558 INFO sqlalchemy.engine.Engine [cached since 1133s ago] ()
2026-08-17 15:42:05,561 INFO sqlalchemy.engine.Engine SELECT classrooms.class_id AS classrooms_class_id, classrooms.classroom_name AS classrooms_classroom_name, classrooms.subject AS classrooms_subject, classrooms.semester AS classrooms_semester, classrooms.section AS classrooms_section, classrooms.teacher_id AS classrooms_teacher_id, classrooms.class_code AS classrooms_class_code, classrooms.meeting_link AS classrooms_meeting_link, classrooms.created_at AS classrooms_created_at 
FROM classrooms 
WHERE classrooms.class_id = ?
 LIMIT ? OFFSET ?
2026-08-17 15:42:05,562 INFO sqlalchemy.engine.Engine [cached since 1224s ago] (29, 1, 0)
2026-08-17 15:42:05,570 INFO sqlalchemy.engine.Engine SELECT teachers.teacher_id AS teachers_teacher_id, teachers.name AS teachers_name, teachers.email AS teachers_email, teachers.password_hash AS teachers_password_hash, teachers.department AS teachers_department, teachers.created_at AS teachers_created_at 
FROM teachers 
WHERE teachers.teacher_id = ?
 LIMIT ? OFFSET ?
2026-08-17 15:42:05,570 INFO sqlalchemy.engine.Engine [cached since 1133s ago] (8, 1, 0)
2026-08-17 15:42:05,575 INFO sqlalchemy.engine.Engine SELECT count(*) AS count_1 
FROM (SELECT enrollments.enrollment_id AS enrollments_enrollment_id, enrollments.student_id AS enrollments_student_id, enrollments.class_id AS enrollments_class_id, enrollments.joined_at AS enrollments_joined_at 
FROM enrollments 
WHERE enrollments.class_id = ?) AS anon_1
2026-08-17 15:42:05,576 INFO sqlalchemy.engine.Engine [cached since 1224s ago] (29,)
2026-08-17 15:42:05,577 INFO sqlalchemy.engine.Engine ROLLBACK
127.0.0.1 - - [17/Aug/2026 15:42:05] "GET /live-classes HTTP/1.1" 200 -
127.0.0.1 - - [17/Aug/2026 15:42:15] "OPTIONS /live-classes HTTP/1.1" 200 -
VERIFY SECRET: student_engagement_secret_key
TOKEN RECEIVED: eyJhbGciOiJIUzI1NiIsInR5cCI6IkpXVCJ9.eyJ1c2VyX2lkIjoyMSwicm9sZSI6InN0dWRlbnQiLCJleHAiOjE3ODcwNDY4NDF9.PlDEXZkYORFOkUJAGJRYAkTnJ7aOPPPpUqCuHKtHDJU
2026-08-17 15:42:15,605 INFO sqlalchemy.engine.Engine BEGIN (implicit)
2026-08-17 15:42:15,605 INFO sqlalchemy.engine.Engine SELECT sessions.session_id AS sessions_session_id, sessions.class_id AS sessions_class_id, sessions.teacher_id AS sessions_teacher_id, sessions.start_time AS sessions_start_time, sessions.end_time AS sessions_end_time, sessions.is_active AS sessions_is_active 
FROM sessions 
WHERE sessions.is_active = 1 ORDER BY sessions.start_time DESC
2026-08-17 15:42:15,606 INFO sqlalchemy.engine.Engine [cached since 1143s ago] ()
2026-08-17 15:42:15,609 INFO sqlalchemy.engine.Engine SELECT classrooms.class_id AS classrooms_class_id, classrooms.classroom_name AS classrooms_classroom_name, classrooms.subject AS classrooms_subject, classrooms.semester AS classrooms_semester, classrooms.section AS classrooms_section, classrooms.teacher_id AS classrooms_teacher_id, classrooms.class_code AS classrooms_class_code, classrooms.meeting_link AS classrooms_meeting_link, classrooms.created_at AS classrooms_created_at 
FROM classrooms 
WHERE classrooms.class_id = ?
 LIMIT ? OFFSET ?
2026-08-17 15:42:15,610 INFO sqlalchemy.engine.Engine [cached since 1234s ago] (29, 1, 0)
2026-08-17 15:42:15,612 INFO sqlalchemy.engine.Engine SELECT teachers.teacher_id AS teachers_teacher_id, teachers.name AS teachers_name, teachers.email AS teachers_email, teachers.password_hash AS teachers_password_hash, teachers.department AS teachers_department, teachers.created_at AS teachers_created_at 
FROM teachers 
WHERE teachers.teacher_id = ?
 LIMIT ? OFFSET ?
2026-08-17 15:42:15,612 INFO sqlalchemy.engine.Engine [cached since 1143s ago] (8, 1, 0)
2026-08-17 15:42:15,615 INFO sqlalchemy.engine.Engine SELECT count(*) AS count_1 
FROM (SELECT enrollments.enrollment_id AS enrollments_enrollment_id, enrollments.student_id AS enrollments_student_id, enrollments.class_id AS enrollments_class_id, enrollments.joined_at AS enrollments_joined_at 
FROM enrollments 
WHERE enrollments.class_id = ?) AS anon_1
2026-08-17 15:42:15,615 INFO sqlalchemy.engine.Engine [cached since 1234s ago] (29,)
2026-08-17 15:42:15,617 INFO sqlalchemy.engine.Engine ROLLBACK
127.0.0.1 - - [17/Aug/2026 15:42:15] "GET /live-classes HTTP/1.1" 200 -
127.0.0.1 - - [17/Aug/2026 15:42:25] "OPTIONS /live-classes HTTP/1.1" 200 -
VERIFY SECRET: student_engagement_secret_key
TOKEN RECEIVED: eyJhbGciOiJIUzI1NiIsInR5cCI6IkpXVCJ9.eyJ1c2VyX2lkIjoyMSwicm9sZSI6InN0dWRlbnQiLCJleHAiOjE3ODcwNDY4NDF9.PlDEXZkYORFOkUJAGJRYAkTnJ7aOPPPpUqCuHKtHDJU
2026-08-17 15:42:25,643 INFO sqlalchemy.engine.Engine BEGIN (implicit)
2026-08-17 15:42:25,644 INFO sqlalchemy.engine.Engine SELECT sessions.session_id AS sessions_session_id, sessions.class_id AS sessions_class_id, sessions.teacher_id AS sessions_teacher_id, sessions.start_time AS sessions_start_time, sessions.end_time AS sessions_end_time, sessions.is_active AS sessions_is_active 
FROM sessions 
WHERE sessions.is_active = 1 ORDER BY sessions.start_time DESC
2026-08-17 15:42:25,645 INFO sqlalchemy.engine.Engine [cached since 1153s ago] ()
2026-08-17 15:42:25,648 INFO sqlalchemy.engine.Engine SELECT classrooms.class_id AS classrooms_class_id, classrooms.classroom_name AS classrooms_classroom_name, classrooms.subject AS classrooms_subject, classrooms.semester AS classrooms_semester, classrooms.section AS classrooms_section, classrooms.teacher_id AS classrooms_teacher_id, classrooms.class_code AS classrooms_class_code, classrooms.meeting_link AS classrooms_meeting_link, classrooms.created_at AS classrooms_created_at 
FROM classrooms 
WHERE classrooms.class_id = ?
 LIMIT ? OFFSET ?
2026-08-17 15:42:25,648 INFO sqlalchemy.engine.Engine [cached since 1244s ago] (29, 1, 0)
2026-08-17 15:42:25,650 INFO sqlalchemy.engine.Engine SELECT teachers.teacher_id AS teachers_teacher_id, teachers.name AS teachers_name, teachers.email AS teachers_email, teachers.password_hash AS teachers_password_hash, teachers.department AS teachers_department, teachers.created_at AS teachers_created_at 
FROM teachers 
WHERE teachers.teacher_id = ?
 LIMIT ? OFFSET ?
2026-08-17 15:42:25,651 INFO sqlalchemy.engine.Engine [cached since 1153s ago] (8, 1, 0)
2026-08-17 15:42:25,653 INFO sqlalchemy.engine.Engine SELECT count(*) AS count_1 
FROM (SELECT enrollments.enrollment_id AS enrollments_enrollment_id, enrollments.student_id AS enrollments_student_id, enrollments.class_id AS enrollments_class_id, enrollments.joined_at AS enrollments_joined_at 
FROM enrollments 
WHERE enrollments.class_id = ?) AS anon_1
2026-08-17 15:42:25,654 INFO sqlalchemy.engine.Engine [cached since 1244s ago] (29,)
2026-08-17 15:42:25,655 INFO sqlalchemy.engine.Engine ROLLBACK
127.0.0.1 - - [17/Aug/2026 15:42:25] "GET /live-classes HTTP/1.1" 200 -
127.0.0.1 - - [17/Aug/2026 15:42:35] "OPTIONS /live-classes HTTP/1.1" 200 -
VERIFY SECRET: student_engagement_secret_key
TOKEN RECEIVED: eyJhbGciOiJIUzI1NiIsInR5cCI6IkpXVCJ9.eyJ1c2VyX2lkIjoyMSwicm9sZSI6InN0dWRlbnQiLCJleHAiOjE3ODcwNDY4NDF9.PlDEXZkYORFOkUJAGJRYAkTnJ7aOPPPpUqCuHKtHDJU
2026-08-17 15:42:35,686 INFO sqlalchemy.engine.Engine BEGIN (implicit)
2026-08-17 15:42:35,688 INFO sqlalchemy.engine.Engine SELECT sessions.session_id AS sessions_session_id, sessions.class_id AS sessions_class_id, sessions.teacher_id AS sessions_teacher_id, sessions.start_time AS sessions_start_time, sessions.end_time AS sessions_end_time, sessions.is_active AS sessions_is_active 
FROM sessions 
WHERE sessions.is_active = 1 ORDER BY sessions.start_time DESC
2026-08-17 15:42:35,688 INFO sqlalchemy.engine.Engine [cached since 1163s ago] ()
2026-08-17 15:42:35,691 INFO sqlalchemy.engine.Engine SELECT classrooms.class_id AS classrooms_class_id, classrooms.classroom_name AS classrooms_classroom_name, classrooms.subject AS classrooms_subject, classrooms.semester AS classrooms_semester, classrooms.section AS classrooms_section, classrooms.teacher_id AS classrooms_teacher_id, classrooms.class_code AS classrooms_class_code, classrooms.meeting_link AS classrooms_meeting_link, classrooms.created_at AS classrooms_created_at 
FROM classrooms 
WHERE classrooms.class_id = ?
 LIMIT ? OFFSET ?
2026-08-17 15:42:35,692 INFO sqlalchemy.engine.Engine [cached since 1254s ago] (29, 1, 0)
2026-08-17 15:42:35,694 INFO sqlalchemy.engine.Engine SELECT teachers.teacher_id AS teachers_teacher_id, teachers.name AS teachers_name, teachers.email AS teachers_email, teachers.password_hash AS teachers_password_hash, teachers.department AS teachers_department, teachers.created_at AS teachers_created_at 
FROM teachers 
WHERE teachers.teacher_id = ?
 LIMIT ? OFFSET ?
2026-08-17 15:42:35,695 INFO sqlalchemy.engine.Engine [cached since 1163s ago] (8, 1, 0)
2026-08-17 15:42:35,698 INFO sqlalchemy.engine.Engine SELECT count(*) AS count_1 
FROM (SELECT enrollments.enrollment_id AS enrollments_enrollment_id, enrollments.student_id AS enrollments_student_id, enrollments.class_id AS enrollments_class_id, enrollments.joined_at AS enrollments_joined_at 
FROM enrollments 
WHERE enrollments.class_id = ?) AS anon_1
2026-08-17 15:42:35,698 INFO sqlalchemy.engine.Engine [cached since 1254s ago] (29,)
2026-08-17 15:42:35,700 INFO sqlalchemy.engine.Engine ROLLBACK
127.0.0.1 - - [17/Aug/2026 15:42:35] "GET /live-classes HTTP/1.1" 200 -
127.0.0.1 - - [17/Aug/2026 15:42:45] "OPTIONS /live-classes HTTP/1.1" 200 -
VERIFY SECRET: student_engagement_secret_key
TOKEN RECEIVED: eyJhbGciOiJIUzI1NiIsInR5cCI6IkpXVCJ9.eyJ1c2VyX2lkIjoyMSwicm9sZSI6InN0dWRlbnQiLCJleHAiOjE3ODcwNDY4NDF9.PlDEXZkYORFOkUJAGJRYAkTnJ7aOPPPpUqCuHKtHDJU
2026-08-17 15:42:45,727 INFO sqlalchemy.engine.Engine BEGIN (implicit)
2026-08-17 15:42:45,728 INFO sqlalchemy.engine.Engine SELECT sessions.session_id AS sessions_session_id, sessions.class_id AS sessions_class_id, sessions.teacher_id AS sessions_teacher_id, sessions.start_time AS sessions_start_time, sessions.end_time AS sessions_end_time, sessions.is_active AS sessions_is_active 
FROM sessions 
WHERE sessions.is_active = 1 ORDER BY sessions.start_time DESC
2026-08-17 15:42:45,728 INFO sqlalchemy.engine.Engine [cached since 1173s ago] ()
2026-08-17 15:42:45,731 INFO sqlalchemy.engine.Engine SELECT classrooms.class_id AS classrooms_class_id, classrooms.classroom_name AS classrooms_classroom_name, classrooms.subject AS classrooms_subject, classrooms.semester AS classrooms_semester, classrooms.section AS classrooms_section, classrooms.teacher_id AS classrooms_teacher_id, classrooms.class_code AS classrooms_class_code, classrooms.meeting_link AS classrooms_meeting_link, classrooms.created_at AS classrooms_created_at 
FROM classrooms 
WHERE classrooms.class_id = ?
 LIMIT ? OFFSET ?
2026-08-17 15:42:45,732 INFO sqlalchemy.engine.Engine [cached since 1264s ago] (29, 1, 0)
2026-08-17 15:42:45,734 INFO sqlalchemy.engine.Engine SELECT teachers.teacher_id AS teachers_teacher_id, teachers.name AS teachers_name, teachers.email AS teachers_email, teachers.password_hash AS teachers_password_hash, teachers.department AS teachers_department, teachers.created_at AS teachers_created_at 
FROM teachers 
WHERE teachers.teacher_id = ?
 LIMIT ? OFFSET ?
2026-08-17 15:42:45,734 INFO sqlalchemy.engine.Engine [cached since 1173s ago] (8, 1, 0)
2026-08-17 15:42:45,737 INFO sqlalchemy.engine.Engine SELECT count(*) AS count_1 
FROM (SELECT enrollments.enrollment_id AS enrollments_enrollment_id, enrollments.student_id AS enrollments_student_id, enrollments.class_id AS enrollments_class_id, enrollments.joined_at AS enrollments_joined_at 
FROM enrollments 
WHERE enrollments.class_id = ?) AS anon_1
2026-08-17 15:42:45,737 INFO sqlalchemy.engine.Engine [cached since 1264s ago] (29,)
2026-08-17 15:42:45,739 INFO sqlalchemy.engine.Engine ROLLBACK
127.0.0.1 - - [17/Aug/2026 15:42:45] "GET /live-classes HTTP/1.1" 200 -
127.0.0.1 - - [17/Aug/2026 15:42:55] "OPTIONS /live-classes HTTP/1.1" 200 -
VERIFY SECRET: student_engagement_secret_key
TOKEN RECEIVED: eyJhbGciOiJIUzI1NiIsInR5cCI6IkpXVCJ9.eyJ1c2VyX2lkIjoyMSwicm9sZSI6InN0dWRlbnQiLCJleHAiOjE3ODcwNDY4NDF9.PlDEXZkYORFOkUJAGJRYAkTnJ7aOPPPpUqCuHKtHDJU
2026-08-17 15:42:55,760 INFO sqlalchemy.engine.Engine BEGIN (implicit)
2026-08-17 15:42:55,760 INFO sqlalchemy.engine.Engine SELECT sessions.session_id AS sessions_session_id, sessions.class_id AS sessions_class_id, sessions.teacher_id AS sessions_teacher_id, sessions.start_time AS sessions_start_time, sessions.end_time AS sessions_end_time, sessions.is_active AS sessions_is_active 
FROM sessions 
WHERE sessions.is_active = 1 ORDER BY sessions.start_time DESC
2026-08-17 15:42:55,761 INFO sqlalchemy.engine.Engine [cached since 1183s ago] ()
2026-08-17 15:42:55,762 INFO sqlalchemy.engine.Engine SELECT classrooms.class_id AS classrooms_class_id, classrooms.classroom_name AS classrooms_classroom_name, classrooms.subject AS classrooms_subject, classrooms.semester AS classrooms_semester, classrooms.section AS classrooms_section, classrooms.teacher_id AS classrooms_teacher_id, classrooms.class_code AS classrooms_class_code, classrooms.meeting_link AS classrooms_meeting_link, classrooms.created_at AS classrooms_created_at 
FROM classrooms 
WHERE classrooms.class_id = ?
 LIMIT ? OFFSET ?
2026-08-17 15:42:55,762 INFO sqlalchemy.engine.Engine [cached since 1274s ago] (29, 1, 0)
2026-08-17 15:42:55,763 INFO sqlalchemy.engine.Engine SELECT teachers.teacher_id AS teachers_teacher_id, teachers.name AS teachers_name, teachers.email AS teachers_email, teachers.password_hash AS teachers_password_hash, teachers.department AS teachers_department, teachers.created_at AS teachers_created_at 
FROM teachers 
WHERE teachers.teacher_id = ?
 LIMIT ? OFFSET ?
2026-08-17 15:42:55,764 INFO sqlalchemy.engine.Engine [cached since 1183s ago] (8, 1, 0)
2026-08-17 15:42:55,765 INFO sqlalchemy.engine.Engine SELECT count(*) AS count_1 
FROM (SELECT enrollments.enrollment_id AS enrollments_enrollment_id, enrollments.student_id AS enrollments_student_id, enrollments.class_id AS enrollments_class_id, enrollments.joined_at AS enrollments_joined_at 
FROM enrollments 
WHERE enrollments.class_id = ?) AS anon_1
2026-08-17 15:42:55,766 INFO sqlalchemy.engine.Engine [cached since 1274s ago] (29,)
2026-08-17 15:42:55,766 INFO sqlalchemy.engine.Engine ROLLBACK
127.0.0.1 - - [17/Aug/2026 15:42:55] "GET /live-classes HTTP/1.1" 200 -
127.0.0.1 - - [17/Aug/2026 15:43:05] "OPTIONS /live-classes HTTP/1.1" 200 -
VERIFY SECRET: student_engagement_secret_key
TOKEN RECEIVED: eyJhbGciOiJIUzI1NiIsInR5cCI6IkpXVCJ9.eyJ1c2VyX2lkIjoyMSwicm9sZSI6InN0dWRlbnQiLCJleHAiOjE3ODcwNDY4NDF9.PlDEXZkYORFOkUJAGJRYAkTnJ7aOPPPpUqCuHKtHDJU
2026-08-17 15:43:05,791 INFO sqlalchemy.engine.Engine BEGIN (implicit)
2026-08-17 15:43:05,793 INFO sqlalchemy.engine.Engine SELECT sessions.session_id AS sessions_session_id, sessions.class_id AS sessions_class_id, sessions.teacher_id AS sessions_teacher_id, sessions.start_time AS sessions_start_time, sessions.end_time AS sessions_end_time, sessions.is_active AS sessions_is_active 
FROM sessions 
WHERE sessions.is_active = 1 ORDER BY sessions.start_time DESC
2026-08-17 15:43:05,793 INFO sqlalchemy.engine.Engine [cached since 1193s ago] ()
2026-08-17 15:43:05,796 INFO sqlalchemy.engine.Engine SELECT classrooms.class_id AS classrooms_class_id, classrooms.classroom_name AS classrooms_classroom_name, classrooms.subject AS classrooms_subject, classrooms.semester AS classrooms_semester, classrooms.section AS classrooms_section, classrooms.teacher_id AS classrooms_teacher_id, classrooms.class_code AS classrooms_class_code, classrooms.meeting_link AS classrooms_meeting_link, classrooms.created_at AS classrooms_created_at 
FROM classrooms 
WHERE classrooms.class_id = ?
 LIMIT ? OFFSET ?
2026-08-17 15:43:05,796 INFO sqlalchemy.engine.Engine [cached since 1284s ago] (29, 1, 0)
2026-08-17 15:43:05,798 INFO sqlalchemy.engine.Engine SELECT teachers.teacher_id AS teachers_teacher_id, teachers.name AS teachers_name, teachers.email AS teachers_email, teachers.password_hash AS teachers_password_hash, teachers.department AS teachers_department, teachers.created_at AS teachers_created_at 
FROM teachers 
WHERE teachers.teacher_id = ?
 LIMIT ? OFFSET ?
2026-08-17 15:43:05,798 INFO sqlalchemy.engine.Engine [cached since 1193s ago] (8, 1, 0)
2026-08-17 15:43:05,801 INFO sqlalchemy.engine.Engine SELECT count(*) AS count_1 
FROM (SELECT enrollments.enrollment_id AS enrollments_enrollment_id, enrollments.student_id AS enrollments_student_id, enrollments.class_id AS enrollments_class_id, enrollments.joined_at AS enrollments_joined_at 
FROM enrollments 
WHERE enrollments.class_id = ?) AS anon_1
2026-08-17 15:43:05,801 INFO sqlalchemy.engine.Engine [cached since 1284s ago] (29,)
2026-08-17 15:43:05,803 INFO sqlalchemy.engine.Engine ROLLBACK
127.0.0.1 - - [17/Aug/2026 15:43:05] "GET /live-classes HTTP/1.1" 200 -
127.0.0.1 - - [17/Aug/2026 15:43:15] "OPTIONS /live-classes HTTP/1.1" 200 -
VERIFY SECRET: student_engagement_secret_key
TOKEN RECEIVED: eyJhbGciOiJIUzI1NiIsInR5cCI6IkpXVCJ9.eyJ1c2VyX2lkIjoyMSwicm9sZSI6InN0dWRlbnQiLCJleHAiOjE3ODcwNDY4NDF9.PlDEXZkYORFOkUJAGJRYAkTnJ7aOPPPpUqCuHKtHDJU
2026-08-17 15:43:15,832 INFO sqlalchemy.engine.Engine BEGIN (implicit)
2026-08-17 15:43:15,833 INFO sqlalchemy.engine.Engine SELECT sessions.session_id AS sessions_session_id, sessions.class_id AS sessions_class_id, sessions.teacher_id AS sessions_teacher_id, sessions.start_time AS sessions_start_time, sessions.end_time AS sessions_end_time, sessions.is_active AS sessions_is_active 
FROM sessions 
WHERE sessions.is_active = 1 ORDER BY sessions.start_time DESC
2026-08-17 15:43:15,833 INFO sqlalchemy.engine.Engine [cached since 1203s ago] ()
2026-08-17 15:43:15,835 INFO sqlalchemy.engine.Engine SELECT classrooms.class_id AS classrooms_class_id, classrooms.classroom_name AS classrooms_classroom_name, classrooms.subject AS classrooms_subject, classrooms.semester AS classrooms_semester, classrooms.section AS classrooms_section, classrooms.teacher_id AS classrooms_teacher_id, classrooms.class_code AS classrooms_class_code, classrooms.meeting_link AS classrooms_meeting_link, classrooms.created_at AS classrooms_created_at 
FROM classrooms 
WHERE classrooms.class_id = ?
 LIMIT ? OFFSET ?
2026-08-17 15:43:15,835 INFO sqlalchemy.engine.Engine [cached since 1294s ago] (29, 1, 0)
2026-08-17 15:43:15,838 INFO sqlalchemy.engine.Engine SELECT teachers.teacher_id AS teachers_teacher_id, teachers.name AS teachers_name, teachers.email AS teachers_email, teachers.password_hash AS teachers_password_hash, teachers.department AS teachers_department, teachers.created_at AS teachers_created_at 
FROM teachers 
WHERE teachers.teacher_id = ?
 LIMIT ? OFFSET ?
2026-08-17 15:43:15,838 INFO sqlalchemy.engine.Engine [cached since 1203s ago] (8, 1, 0)
2026-08-17 15:43:15,841 INFO sqlalchemy.engine.Engine SELECT count(*) AS count_1 
FROM (SELECT enrollments.enrollment_id AS enrollments_enrollment_id, enrollments.student_id AS enrollments_student_id, enrollments.class_id AS enrollments_class_id, enrollments.joined_at AS enrollments_joined_at 
FROM enrollments 
WHERE enrollments.class_id = ?) AS anon_1
2026-08-17 15:43:15,842 INFO sqlalchemy.engine.Engine [cached since 1294s ago] (29,)
2026-08-17 15:43:15,843 INFO sqlalchemy.engine.Engine ROLLBACK
127.0.0.1 - - [17/Aug/2026 15:43:15] "GET /live-classes HTTP/1.1" 200 -
