python : WARNING: All log messages before absl::InitializeLog() is called 
are written to STDERR
At line:1 char:398
+ ... m\backend"; python -m uvicorn app.main:app --port 8000 *> uvicorn_run 
...
+                 ~~~~~~~~~~~~~~~~~~~~~~~~~~~~~~~~~~~~~~~~~~~~~~~~~~~~~~~~~
    + CategoryInfo          : NotSpecified: (WARNING: All lo...itten to STD 
   ERR:String) [], RemoteException
    + FullyQualifiedErrorId : NativeCommandError
 
I0000 00:00:1786372057.597418   22944 port.cc:153] oneDNN custom operations 
are on. You may see slightly different numerical results due to 
floating-point round-off errors from different computation orders. To turn 
them off, set the environment variable `TF_ENABLE_ONEDNN_OPTS=0`.
WARNING: All log messages before absl::InitializeLog() is called are 
written to STDERR
I0000 00:00:1786372059.295679   22944 port.cc:153] oneDNN custom operations 
are on. You may see slightly different numerical results due to 
floating-point round-off errors from different computation orders. To turn 
them off, set the environment variable `TF_ENABLE_ONEDNN_OPTS=0`.
W0000 00:00:1786372063.508640   11880 face_landmarker_graph.cc:180] Sets 
FaceBlendshapesGraph acceleration to xnnpack by default.
INFO: Created TensorFlow Lite XNNPACK delegate for CPU.
W0000 00:00:1786372063.514727   15632 inference_feedback_manager.cc:121] 
Feedback manager requires a model with a single signature inference. 
Disabling support for feedback tensors.
W0000 00:00:1786372063.524553   24904 inference_feedback_manager.cc:121] 
Feedback manager requires a model with a single signature inference. 
Disabling support for feedback tensors.
INFO:     Started server process [21204]
INFO:     Waiting for application startup.
INFO:     Application startup complete.
INFO:     Uvicorn running on http://127.0.0.1:8000 (Press CTRL+C to quit)
Loading Face Recognition Model...
WARNING: Face recognition model not found. Face authentication disabled.
Loading Emotion Model...
WARNING: Emotion model not found. Emotion recognition disabled.
Loading YOLO...
2026-08-10 19:57:53,400 INFO sqlalchemy.engine.Engine BEGIN (implicit)
2026-08-10 19:57:53,420 INFO sqlalchemy.engine.Engine SELECT sessions.session_id AS sessions_session_id, sessions.class_id AS sessions_class_id, sessions.teacher_id AS sessions_teacher_id, sessions.start_time AS sessions_start_time, sessions.end_time AS sessions_end_time, sessions.is_active AS sessions_is_active 
FROM sessions 
WHERE sessions.class_id = ? AND sessions.is_active = 1
 LIMIT ? OFFSET ?
2026-08-10 19:57:53,421 INFO sqlalchemy.engine.Engine [generated in 0.00106s] (1, 1, 0)
2026-08-10 19:57:53,431 INFO sqlalchemy.engine.Engine INSERT INTO engagement_records (session_id, student_id, emotion, blink_count, head_pose, gaze, phone_detected, multiple_person, engagement_score, engagement_status, fps, extra_metrics, camera_status, internet_status, device_type) VALUES (?, ?, ?, ?, ?, ?, ?, ?, ?, ?, ?, ?, ?, ?, ?) RETURNING record_id, timestamp
2026-08-10 19:57:53,431 INFO sqlalchemy.engine.Engine [generated in 0.00050s] (1, 1, 'Unknown', 0, 'Looking Forward', 'Center', 0, 0, 100.0, 'Engaged', None, None, None, None, None)
2026-08-10 19:57:53,437 INFO sqlalchemy.engine.Engine COMMIT
INFO:     127.0.0.1:35658 - "POST /ai/analyze-frame HTTP/1.1" 200 OK
INFO:     127.0.0.1:35659 - "GET /live-monitor HTTP/1.1" 200 OK
2026-08-10 20:06:47,403 INFO sqlalchemy.engine.Engine BEGIN (implicit)
2026-08-10 20:06:47,404 INFO sqlalchemy.engine.Engine SELECT sessions.session_id AS sessions_session_id, sessions.class_id AS sessions_class_id, sessions.teacher_id AS sessions_teacher_id, sessions.start_time AS sessions_start_time, sessions.end_time AS sessions_end_time, sessions.is_active AS sessions_is_active 
FROM sessions 
WHERE sessions.class_id = ? AND sessions.is_active = 1
 LIMIT ? OFFSET ?
2026-08-10 20:06:47,404 INFO sqlalchemy.engine.Engine [cached since 534s ago] (10, 1, 0)
2026-08-10 20:06:47,405 INFO sqlalchemy.engine.Engine INSERT INTO engagement_records (session_id, student_id, emotion, blink_count, head_pose, gaze, phone_detected, multiple_person, engagement_score, engagement_status, fps, extra_metrics, camera_status, internet_status, device_type) VALUES (?, ?, ?, ?, ?, ?, ?, ?, ?, ?, ?, ?, ?, ?, ?) RETURNING record_id, timestamp
2026-08-10 20:06:47,405 INFO sqlalchemy.engine.Engine [cached since 534s ago] (10, 4, 'Unknown', 0, 'Looking Forward', 'Center', 0, 0, 100.0, 'Engaged', None, None, None, None, None)
2026-08-10 20:06:47,406 INFO sqlalchemy.engine.Engine COMMIT
INFO:     127.0.0.1:23667 - "POST /ai/analyze-frame HTTP/1.1" 200 OK
INFO:     127.0.0.1:23668 - "GET /live-monitor HTTP/1.1" 200 OK
E0000 00:00:1786372663.959250    5508 portable_clearcut_uploader.cc:90] 
Failed to send to clearcut: FAILED_PRECONDITION: Not valid for uploading 
until: 2026-08-10T14:43:43.871519+00:00
=== Source Location Trace: === 
wireless/android/play/playlog/cplusplus/portable_clearcut_uploader.cc:180
E0000 00:00:1786372723.972284    5508 portable_clearcut_uploader.cc:90] 
Failed to send to clearcut: FAILED_PRECONDITION: Not valid for uploading 
until: 2026-08-10T14:43:43.871519+00:00
=== Source Location Trace: === 
wireless/android/play/playlog/cplusplus/portable_clearcut_uploader.cc:180
E0000 00:00:1786372783.972303    5508 portable_clearcut_uploader.cc:90] 
Failed to send to clearcut: FAILED_PRECONDITION: Not valid for uploading 
until: 2026-08-10T14:43:43.871519+00:00
=== Source Location Trace: === 
wireless/android/play/playlog/cplusplus/portable_clearcut_uploader.cc:180
E0000 00:00:1786372843.973483    5508 portable_clearcut_uploader.cc:90] 
Failed to send to clearcut: FAILED_PRECONDITION: Not valid for uploading 
until: 2026-08-10T14:43:43.871519+00:00
=== Source Location Trace: === 
wireless/android/play/playlog/cplusplus/portable_clearcut_uploader.cc:180
E0000 00:00:1786372903.987905    5508 portable_clearcut_uploader.cc:90] 
Failed to send to clearcut: FAILED_PRECONDITION: Not valid for uploading 
until: 2026-08-10T14:43:43.871519+00:00
=== Source Location Trace: === 
wireless/android/play/playlog/cplusplus/portable_clearcut_uploader.cc:180
E0000 00:00:1786372963.989609    5508 portable_clearcut_uploader.cc:90] 
Failed to send to clearcut: FAILED_PRECONDITION: Not valid for uploading 
until: 2026-08-10T14:43:43.871519+00:00
=== Source Location Trace: === 
wireless/android/play/playlog/cplusplus/portable_clearcut_uploader.cc:180
2026-08-10 20:13:19,779 INFO sqlalchemy.engine.Engine BEGIN (implicit)
2026-08-10 20:13:19,779 INFO sqlalchemy.engine.Engine SELECT sessions.session_id AS sessions_session_id, sessions.class_id AS sessions_class_id, sessions.teacher_id AS sessions_teacher_id, sessions.start_time AS sessions_start_time, sessions.end_time AS sessions_end_time, sessions.is_active AS sessions_is_active 
FROM sessions 
WHERE sessions.class_id = ? AND sessions.is_active = 1
 LIMIT ? OFFSET ?
2026-08-10 20:13:19,779 INFO sqlalchemy.engine.Engine [cached since 926.4s ago] (11, 1, 0)
2026-08-10 20:13:19,780 INFO sqlalchemy.engine.Engine INSERT INTO engagement_records (session_id, student_id, emotion, blink_count, head_pose, gaze, phone_detected, multiple_person, engagement_score, engagement_status, fps, extra_metrics, camera_status, internet_status, device_type) VALUES (?, ?, ?, ?, ?, ?, ?, ?, ?, ?, ?, ?, ?, ?, ?) RETURNING record_id, timestamp
2026-08-10 20:13:19,781 INFO sqlalchemy.engine.Engine [cached since 926.3s ago] (11, 6, 'Unknown', 0, 'Looking Forward', 'Center', 0, 0, 100.0, 'Engaged', None, None, None, None, None)
2026-08-10 20:13:19,783 INFO sqlalchemy.engine.Engine COMMIT
INFO:     127.0.0.1:52038 - "POST /ai/analyze-frame HTTP/1.1" 200 OK
INFO:     127.0.0.1:52039 - "GET /live-monitor HTTP/1.1" 200 OK
INFO:     127.0.0.1:55737 - "GET /live-monitor HTTP/1.1" 200 OK
INFO:     127.0.0.1:59380 - "WebSocket /ws/classes/11/signaling" [accepted]
INFO:     connection open
INFO:     127.0.0.1:1911 - "GET /live-monitor HTTP/1.1" 200 OK
INFO:     127.0.0.1:25090 - "GET /live-monitor HTTP/1.1" 200 OK
INFO:     127.0.0.1:14068 - "GET /live-monitor HTTP/1.1" 200 OK
INFO:     127.0.0.1:24804 - "GET /live-monitor HTTP/1.1" 200 OK
INFO:     127.0.0.1:28125 - "WebSocket /ws/classes/11/signaling" [accepted]
INFO:     connection open
INFO:     127.0.0.1:9816 - "GET /live-monitor HTTP/1.1" 200 OK
INFO:     127.0.0.1:14793 - "WebSocket /ws/classes/11/signaling" [accepted]
INFO:     connection open
INFO:     127.0.0.1:30415 - "GET /live-monitor HTTP/1.1" 200 OK
INFO:     127.0.0.1:20843 - "GET /live-monitor HTTP/1.1" 200 OK
INFO:     127.0.0.1:50106 - "GET /live-monitor HTTP/1.1" 200 OK
INFO:     127.0.0.1:1943 - "GET /live-monitor HTTP/1.1" 200 OK
Exception in callback _ProactorBasePipeTransport._call_connection_lost()
handle: <Handle _ProactorBasePipeTransport._call_connection_lost()>
Traceback (most recent call last):
  File "C:\Users\disha\AppData\Local\Programs\Python\Python313\Lib\asyncio\e
vents.py", line 89, in _run
    self._context.run(self._callback, *self._args)
    ~~~~~~~~~~~~~~~~~^^^^^^^^^^^^^^^^^^^^^^^^^^^^^
  File "C:\Users\disha\AppData\Local\Programs\Python\Python313\Lib\asyncio\p
roactor_events.py", line 165, in _call_connection_lost
    self._sock.shutdown(socket.SHUT_RDWR)
    ~~~~~~~~~~~~~~~~~~~^^^^^^^^^^^^^^^^^^
ConnectionResetError: [WinError 10054] An existing connection was forcibly 
closed by the remote host
INFO:     127.0.0.1:45407 - "GET /live-monitor HTTP/1.1" 200 OK
INFO:     127.0.0.1:38541 - "WebSocket /ws/classes/11/signaling" [accepted]
INFO:     connection open
INFO:     127.0.0.1:13560 - "GET /live-monitor HTTP/1.1" 200 OK
INFO:     127.0.0.1:64469 - "WebSocket /ws/classes/11/signaling" [accepted]
INFO:     connection open
INFO:     127.0.0.1:59815 - "GET /live-monitor HTTP/1.1" 200 OK
INFO:     127.0.0.1:38339 - "WebSocket /ws/classes/11/signaling" [accepted]
INFO:     connection open
INFO:     127.0.0.1:60248 - "OPTIONS /ai/analyze-frame HTTP/1.1" 200 OK
2026-08-10 21:07:36,895 INFO sqlalchemy.engine.Engine BEGIN (implicit)
2026-08-10 21:07:36,897 INFO sqlalchemy.engine.Engine SELECT sessions.session_id AS sessions_session_id, sessions.class_id AS sessions_class_id, sessions.teacher_id AS sessions_teacher_id, sessions.start_time AS sessions_start_time, sessions.end_time AS sessions_end_time, sessions.is_active AS sessions_is_active 
FROM sessions 
WHERE sessions.class_id = ? AND sessions.is_active = 1
 LIMIT ? OFFSET ?
2026-08-10 21:07:36,898 INFO sqlalchemy.engine.Engine [cached since 4183s ago] (11, 1, 0)
2026-08-10 21:07:36,900 INFO sqlalchemy.engine.Engine ROLLBACK
INFO:     127.0.0.1:60248 - "POST /ai/analyze-frame HTTP/1.1" 200 OK
2026-08-10 21:07:40,765 INFO sqlalchemy.engine.Engine BEGIN (implicit)
2026-08-10 21:07:40,768 INFO sqlalchemy.engine.Engine SELECT sessions.session_id AS sessions_session_id, sessions.class_id AS sessions_class_id, sessions.teacher_id AS sessions_teacher_id, sessions.start_time AS sessions_start_time, sessions.end_time AS sessions_end_time, sessions.is_active AS sessions_is_active 
FROM sessions 
WHERE sessions.class_id = ? AND sessions.is_active = 1
 LIMIT ? OFFSET ?
2026-08-10 21:07:40,768 INFO sqlalchemy.engine.Engine [cached since 4187s ago] (11, 1, 0)
2026-08-10 21:07:40,770 INFO sqlalchemy.engine.Engine ROLLBACK
INFO:     127.0.0.1:52643 - "POST /ai/analyze-frame HTTP/1.1" 200 OK
2026-08-10 21:07:42,738 INFO sqlalchemy.engine.Engine BEGIN (implicit)
2026-08-10 21:07:42,738 INFO sqlalchemy.engine.Engine SELECT sessions.session_id AS sessions_session_id, sessions.class_id AS sessions_class_id, sessions.teacher_id AS sessions_teacher_id, sessions.start_time AS sessions_start_time, sessions.end_time AS sessions_end_time, sessions.is_active AS sessions_is_active 
FROM sessions 
WHERE sessions.class_id = ? AND sessions.is_active = 1
 LIMIT ? OFFSET ?
2026-08-10 21:07:42,738 INFO sqlalchemy.engine.Engine [cached since 4189s ago] (11, 1, 0)
2026-08-10 21:07:42,738 INFO sqlalchemy.engine.Engine ROLLBACK
INFO:     127.0.0.1:52643 - "POST /ai/analyze-frame HTTP/1.1" 200 OK
2026-08-10 21:07:44,772 INFO sqlalchemy.engine.Engine BEGIN (implicit)
2026-08-10 21:07:44,772 INFO sqlalchemy.engine.Engine SELECT sessions.session_id AS sessions_session_id, sessions.class_id AS sessions_class_id, sessions.teacher_id AS sessions_teacher_id, sessions.start_time AS sessions_start_time, sessions.end_time AS sessions_end_time, sessions.is_active AS sessions_is_active 
FROM sessions 
WHERE sessions.class_id = ? AND sessions.is_active = 1
 LIMIT ? OFFSET ?
2026-08-10 21:07:44,773 INFO sqlalchemy.engine.Engine [cached since 4191s ago] (11, 1, 0)
2026-08-10 21:07:44,774 INFO sqlalchemy.engine.Engine ROLLBACK
INFO:     127.0.0.1:52643 - "POST /ai/analyze-frame HTTP/1.1" 200 OK
2026-08-10 21:07:44,991 INFO sqlalchemy.engine.Engine BEGIN (implicit)
2026-08-10 21:07:44,991 INFO sqlalchemy.engine.Engine SELECT sessions.session_id AS sessions_session_id, sessions.class_id AS sessions_class_id, sessions.teacher_id AS sessions_teacher_id, sessions.start_time AS sessions_start_time, sessions.end_time AS sessions_end_time, sessions.is_active AS sessions_is_active 
FROM sessions 
WHERE sessions.class_id = ? AND sessions.is_active = 1
 LIMIT ? OFFSET ?
2026-08-10 21:07:44,992 INFO sqlalchemy.engine.Engine [cached since 4192s ago] (11, 1, 0)
2026-08-10 21:07:44,992 INFO sqlalchemy.engine.Engine ROLLBACK
INFO:     127.0.0.1:60248 - "POST /ai/analyze-frame HTTP/1.1" 200 OK
2026-08-10 21:07:46,757 INFO sqlalchemy.engine.Engine BEGIN (implicit)
2026-08-10 21:07:46,758 INFO sqlalchemy.engine.Engine SELECT sessions.session_id AS sessions_session_id, sessions.class_id AS sessions_class_id, sessions.teacher_id AS sessions_teacher_id, sessions.start_time AS sessions_start_time, sessions.end_time AS sessions_end_time, sessions.is_active AS sessions_is_active 
FROM sessions 
WHERE sessions.class_id = ? AND sessions.is_active = 1
 LIMIT ? OFFSET ?
2026-08-10 21:07:46,758 INFO sqlalchemy.engine.Engine [cached since 4193s ago] (11, 1, 0)
2026-08-10 21:07:46,758 INFO sqlalchemy.engine.Engine ROLLBACK
INFO:     127.0.0.1:60248 - "POST /ai/analyze-frame HTTP/1.1" 200 OK
2026-08-10 21:07:48,903 INFO sqlalchemy.engine.Engine BEGIN (implicit)
2026-08-10 21:07:48,904 INFO sqlalchemy.engine.Engine SELECT sessions.session_id AS sessions_session_id, sessions.class_id AS sessions_class_id, sessions.teacher_id AS sessions_teacher_id, sessions.start_time AS sessions_start_time, sessions.end_time AS sessions_end_time, sessions.is_active AS sessions_is_active 
FROM sessions 
WHERE sessions.class_id = ? AND sessions.is_active = 1
 LIMIT ? OFFSET ?
2026-08-10 21:07:48,904 INFO sqlalchemy.engine.Engine [cached since 4195s ago] (11, 1, 0)
2026-08-10 21:07:48,905 INFO sqlalchemy.engine.Engine ROLLBACK
INFO:     127.0.0.1:60248 - "POST /ai/analyze-frame HTTP/1.1" 200 OK
2026-08-10 21:07:50,761 INFO sqlalchemy.engine.Engine BEGIN (implicit)
2026-08-10 21:07:50,761 INFO sqlalchemy.engine.Engine SELECT sessions.session_id AS sessions_session_id, sessions.class_id AS sessions_class_id, sessions.teacher_id AS sessions_teacher_id, sessions.start_time AS sessions_start_time, sessions.end_time AS sessions_end_time, sessions.is_active AS sessions_is_active 
FROM sessions 
WHERE sessions.class_id = ? AND sessions.is_active = 1
 LIMIT ? OFFSET ?
2026-08-10 21:07:50,762 INFO sqlalchemy.engine.Engine [cached since 4197s ago] (11, 1, 0)
2026-08-10 21:07:50,762 INFO sqlalchemy.engine.Engine ROLLBACK
INFO:     127.0.0.1:60248 - "POST /ai/analyze-frame HTTP/1.1" 200 OK
2026-08-10 21:07:52,744 INFO sqlalchemy.engine.Engine BEGIN (implicit)
2026-08-10 21:07:52,745 INFO sqlalchemy.engine.Engine SELECT sessions.session_id AS sessions_session_id, sessions.class_id AS sessions_class_id, sessions.teacher_id AS sessions_teacher_id, sessions.start_time AS sessions_start_time, sessions.end_time AS sessions_end_time, sessions.is_active AS sessions_is_active 
FROM sessions 
WHERE sessions.class_id = ? AND sessions.is_active = 1
 LIMIT ? OFFSET ?
2026-08-10 21:07:52,745 INFO sqlalchemy.engine.Engine [cached since 4199s ago] (11, 1, 0)
2026-08-10 21:07:52,745 INFO sqlalchemy.engine.Engine ROLLBACK
INFO:     127.0.0.1:60248 - "POST /ai/analyze-frame HTTP/1.1" 200 OK
2026-08-10 21:07:54,749 INFO sqlalchemy.engine.Engine BEGIN (implicit)
2026-08-10 21:07:54,749 INFO sqlalchemy.engine.Engine SELECT sessions.session_id AS sessions_session_id, sessions.class_id AS sessions_class_id, sessions.teacher_id AS sessions_teacher_id, sessions.start_time AS sessions_start_time, sessions.end_time AS sessions_end_time, sessions.is_active AS sessions_is_active 
FROM sessions 
WHERE sessions.class_id = ? AND sessions.is_active = 1
 LIMIT ? OFFSET ?
2026-08-10 21:07:54,750 INFO sqlalchemy.engine.Engine [cached since 4201s ago] (11, 1, 0)
2026-08-10 21:07:54,750 INFO sqlalchemy.engine.Engine ROLLBACK
INFO:     127.0.0.1:60248 - "POST /ai/analyze-frame HTTP/1.1" 200 OK
2026-08-10 21:07:56,742 INFO sqlalchemy.engine.Engine BEGIN (implicit)
2026-08-10 21:07:56,742 INFO sqlalchemy.engine.Engine SELECT sessions.session_id AS sessions_session_id, sessions.class_id AS sessions_class_id, sessions.teacher_id AS sessions_teacher_id, sessions.start_time AS sessions_start_time, sessions.end_time AS sessions_end_time, sessions.is_active AS sessions_is_active 
FROM sessions 
WHERE sessions.class_id = ? AND sessions.is_active = 1
 LIMIT ? OFFSET ?
2026-08-10 21:07:56,742 INFO sqlalchemy.engine.Engine [cached since 4203s ago] (11, 1, 0)
2026-08-10 21:07:56,743 INFO sqlalchemy.engine.Engine ROLLBACK
INFO:     127.0.0.1:60248 - "POST /ai/analyze-frame HTTP/1.1" 200 OK
2026-08-10 21:07:58,869 INFO sqlalchemy.engine.Engine BEGIN (implicit)
2026-08-10 21:07:58,870 INFO sqlalchemy.engine.Engine SELECT sessions.session_id AS sessions_session_id, sessions.class_id AS sessions_class_id, sessions.teacher_id AS sessions_teacher_id, sessions.start_time AS sessions_start_time, sessions.end_time AS sessions_end_time, sessions.is_active AS sessions_is_active 
FROM sessions 
WHERE sessions.class_id = ? AND sessions.is_active = 1
 LIMIT ? OFFSET ?
2026-08-10 21:07:58,870 INFO sqlalchemy.engine.Engine [cached since 4205s ago] (11, 1, 0)
2026-08-10 21:07:58,870 INFO sqlalchemy.engine.Engine ROLLBACK
INFO:     127.0.0.1:60248 - "POST /ai/analyze-frame HTTP/1.1" 200 OK
2026-08-10 21:08:00,727 INFO sqlalchemy.engine.Engine BEGIN (implicit)
2026-08-10 21:08:00,728 INFO sqlalchemy.engine.Engine SELECT sessions.session_id AS sessions_session_id, sessions.class_id AS sessions_class_id, sessions.teacher_id AS sessions_teacher_id, sessions.start_time AS sessions_start_time, sessions.end_time AS sessions_end_time, sessions.is_active AS sessions_is_active 
FROM sessions 
WHERE sessions.class_id = ? AND sessions.is_active = 1
 LIMIT ? OFFSET ?
2026-08-10 21:08:00,728 INFO sqlalchemy.engine.Engine [cached since 4207s ago] (11, 1, 0)
2026-08-10 21:08:00,728 INFO sqlalchemy.engine.Engine ROLLBACK
INFO:     127.0.0.1:60248 - "POST /ai/analyze-frame HTTP/1.1" 200 OK
2026-08-10 21:08:02,748 INFO sqlalchemy.engine.Engine BEGIN (implicit)
2026-08-10 21:08:02,748 INFO sqlalchemy.engine.Engine SELECT sessions.session_id AS sessions_session_id, sessions.class_id AS sessions_class_id, sessions.teacher_id AS sessions_teacher_id, sessions.start_time AS sessions_start_time, sessions.end_time AS sessions_end_time, sessions.is_active AS sessions_is_active 
FROM sessions 
WHERE sessions.class_id = ? AND sessions.is_active = 1
 LIMIT ? OFFSET ?
2026-08-10 21:08:02,748 INFO sqlalchemy.engine.Engine [cached since 4209s ago] (11, 1, 0)
2026-08-10 21:08:02,749 INFO sqlalchemy.engine.Engine ROLLBACK
INFO:     127.0.0.1:60248 - "POST /ai/analyze-frame HTTP/1.1" 200 OK
2026-08-10 21:08:05,524 INFO sqlalchemy.engine.Engine BEGIN (implicit)
2026-08-10 21:08:05,525 INFO sqlalchemy.engine.Engine SELECT sessions.session_id AS sessions_session_id, sessions.class_id AS sessions_class_id, sessions.teacher_id AS sessions_teacher_id, sessions.start_time AS sessions_start_time, sessions.end_time AS sessions_end_time, sessions.is_active AS sessions_is_active 
FROM sessions 
WHERE sessions.class_id = ? AND sessions.is_active = 1
 LIMIT ? OFFSET ?
2026-08-10 21:08:05,525 INFO sqlalchemy.engine.Engine [cached since 4212s ago] (11, 1, 0)
2026-08-10 21:08:05,525 INFO sqlalchemy.engine.Engine ROLLBACK
INFO:     127.0.0.1:60248 - "POST /ai/analyze-frame HTTP/1.1" 200 OK
2026-08-10 21:08:07,528 INFO sqlalchemy.engine.Engine BEGIN (implicit)
2026-08-10 21:08:07,529 INFO sqlalchemy.engine.Engine SELECT sessions.session_id AS sessions_session_id, sessions.class_id AS sessions_class_id, sessions.teacher_id AS sessions_teacher_id, sessions.start_time AS sessions_start_time, sessions.end_time AS sessions_end_time, sessions.is_active AS sessions_is_active 
FROM sessions 
WHERE sessions.class_id = ? AND sessions.is_active = 1
 LIMIT ? OFFSET ?
2026-08-10 21:08:07,529 INFO sqlalchemy.engine.Engine [cached since 4214s ago] (11, 1, 0)
2026-08-10 21:08:07,529 INFO sqlalchemy.engine.Engine ROLLBACK
INFO:     127.0.0.1:60248 - "POST /ai/analyze-frame HTTP/1.1" 200 OK
2026-08-10 21:08:09,674 INFO sqlalchemy.engine.Engine BEGIN (implicit)
2026-08-10 21:08:09,674 INFO sqlalchemy.engine.Engine SELECT sessions.session_id AS sessions_session_id, sessions.class_id AS sessions_class_id, sessions.teacher_id AS sessions_teacher_id, sessions.start_time AS sessions_start_time, sessions.end_time AS sessions_end_time, sessions.is_active AS sessions_is_active 
FROM sessions 
WHERE sessions.class_id = ? AND sessions.is_active = 1
 LIMIT ? OFFSET ?
2026-08-10 21:08:09,675 INFO sqlalchemy.engine.Engine [cached since 4216s ago] (11, 1, 0)
2026-08-10 21:08:09,675 INFO sqlalchemy.engine.Engine ROLLBACK
INFO:     127.0.0.1:60248 - "POST /ai/analyze-frame HTTP/1.1" 200 OK
INFO:     127.0.0.1:52650 - "GET /live-monitor HTTP/1.1" 200 OK
2026-08-10 21:08:11,542 INFO sqlalchemy.engine.Engine BEGIN (implicit)
2026-08-10 21:08:11,542 INFO sqlalchemy.engine.Engine SELECT sessions.session_id AS sessions_session_id, sessions.class_id AS sessions_class_id, sessions.teacher_id AS sessions_teacher_id, sessions.start_time AS sessions_start_time, sessions.end_time AS sessions_end_time, sessions.is_active AS sessions_is_active 
FROM sessions 
WHERE sessions.class_id = ? AND sessions.is_active = 1
 LIMIT ? OFFSET ?
2026-08-10 21:08:11,542 INFO sqlalchemy.engine.Engine [cached since 4218s ago] (11, 1, 0)
2026-08-10 21:08:11,543 INFO sqlalchemy.engine.Engine ROLLBACK
INFO:     127.0.0.1:60248 - "POST /ai/analyze-frame HTTP/1.1" 200 OK
2026-08-10 21:08:13,533 INFO sqlalchemy.engine.Engine BEGIN (implicit)
2026-08-10 21:08:13,534 INFO sqlalchemy.engine.Engine SELECT sessions.session_id AS sessions_session_id, sessions.class_id AS sessions_class_id, sessions.teacher_id AS sessions_teacher_id, sessions.start_time AS sessions_start_time, sessions.end_time AS sessions_end_time, sessions.is_active AS sessions_is_active 
FROM sessions 
WHERE sessions.class_id = ? AND sessions.is_active = 1
 LIMIT ? OFFSET ?
2026-08-10 21:08:13,534 INFO sqlalchemy.engine.Engine [cached since 4220s ago] (11, 1, 0)
2026-08-10 21:08:13,534 INFO sqlalchemy.engine.Engine ROLLBACK
INFO:     127.0.0.1:60248 - "POST /ai/analyze-frame HTTP/1.1" 200 OK
2026-08-10 21:08:15,533 INFO sqlalchemy.engine.Engine BEGIN (implicit)
2026-08-10 21:08:15,533 INFO sqlalchemy.engine.Engine SELECT sessions.session_id AS sessions_session_id, sessions.class_id AS sessions_class_id, sessions.teacher_id AS sessions_teacher_id, sessions.start_time AS sessions_start_time, sessions.end_time AS sessions_end_time, sessions.is_active AS sessions_is_active 
FROM sessions 
WHERE sessions.class_id = ? AND sessions.is_active = 1
 LIMIT ? OFFSET ?
2026-08-10 21:08:15,533 INFO sqlalchemy.engine.Engine [cached since 4222s ago] (11, 1, 0)
2026-08-10 21:08:15,534 INFO sqlalchemy.engine.Engine ROLLBACK
INFO:     127.0.0.1:60248 - "POST /ai/analyze-frame HTTP/1.1" 200 OK
2026-08-10 21:08:17,534 INFO sqlalchemy.engine.Engine BEGIN (implicit)
2026-08-10 21:08:17,535 INFO sqlalchemy.engine.Engine SELECT sessions.session_id AS sessions_session_id, sessions.class_id AS sessions_class_id, sessions.teacher_id AS sessions_teacher_id, sessions.start_time AS sessions_start_time, sessions.end_time AS sessions_end_time, sessions.is_active AS sessions_is_active 
FROM sessions 
WHERE sessions.class_id = ? AND sessions.is_active = 1
 LIMIT ? OFFSET ?
2026-08-10 21:08:17,535 INFO sqlalchemy.engine.Engine [cached since 4224s ago] (11, 1, 0)
2026-08-10 21:08:17,536 INFO sqlalchemy.engine.Engine ROLLBACK
INFO:     127.0.0.1:60248 - "POST /ai/analyze-frame HTTP/1.1" 200 OK
2026-08-10 21:08:19,669 INFO sqlalchemy.engine.Engine BEGIN (implicit)
2026-08-10 21:08:19,670 INFO sqlalchemy.engine.Engine SELECT sessions.session_id AS sessions_session_id, sessions.class_id AS sessions_class_id, sessions.teacher_id AS sessions_teacher_id, sessions.start_time AS sessions_start_time, sessions.end_time AS sessions_end_time, sessions.is_active AS sessions_is_active 
FROM sessions 
WHERE sessions.class_id = ? AND sessions.is_active = 1
 LIMIT ? OFFSET ?
2026-08-10 21:08:19,670 INFO sqlalchemy.engine.Engine [cached since 4226s ago] (11, 1, 0)
2026-08-10 21:08:19,670 INFO sqlalchemy.engine.Engine ROLLBACK
INFO:     127.0.0.1:60248 - "POST /ai/analyze-frame HTTP/1.1" 200 OK
2026-08-10 21:08:21,535 INFO sqlalchemy.engine.Engine BEGIN (implicit)
2026-08-10 21:08:21,536 INFO sqlalchemy.engine.Engine SELECT sessions.session_id AS sessions_session_id, sessions.class_id AS sessions_class_id, sessions.teacher_id AS sessions_teacher_id, sessions.start_time AS sessions_start_time, sessions.end_time AS sessions_end_time, sessions.is_active AS sessions_is_active 
FROM sessions 
WHERE sessions.class_id = ? AND sessions.is_active = 1
 LIMIT ? OFFSET ?
2026-08-10 21:08:21,536 INFO sqlalchemy.engine.Engine [cached since 4228s ago] (11, 1, 0)
2026-08-10 21:08:21,537 INFO sqlalchemy.engine.Engine ROLLBACK
INFO:     127.0.0.1:60248 - "POST /ai/analyze-frame HTTP/1.1" 200 OK
2026-08-10 21:08:23,530 INFO sqlalchemy.engine.Engine BEGIN (implicit)
2026-08-10 21:08:23,531 INFO sqlalchemy.engine.Engine SELECT sessions.session_id AS sessions_session_id, sessions.class_id AS sessions_class_id, sessions.teacher_id AS sessions_teacher_id, sessions.start_time AS sessions_start_time, sessions.end_time AS sessions_end_time, sessions.is_active AS sessions_is_active 
FROM sessions 
WHERE sessions.class_id = ? AND sessions.is_active = 1
 LIMIT ? OFFSET ?
2026-08-10 21:08:23,531 INFO sqlalchemy.engine.Engine [cached since 4230s ago] (11, 1, 0)
2026-08-10 21:08:23,531 INFO sqlalchemy.engine.Engine ROLLBACK
INFO:     127.0.0.1:60248 - "POST /ai/analyze-frame HTTP/1.1" 200 OK
2026-08-10 21:08:25,519 INFO sqlalchemy.engine.Engine BEGIN (implicit)
2026-08-10 21:08:25,520 INFO sqlalchemy.engine.Engine SELECT sessions.session_id AS sessions_session_id, sessions.class_id AS sessions_class_id, sessions.teacher_id AS sessions_teacher_id, sessions.start_time AS sessions_start_time, sessions.end_time AS sessions_end_time, sessions.is_active AS sessions_is_active 
FROM sessions 
WHERE sessions.class_id = ? AND sessions.is_active = 1
 LIMIT ? OFFSET ?
2026-08-10 21:08:25,520 INFO sqlalchemy.engine.Engine [cached since 4232s ago] (11, 1, 0)
2026-08-10 21:08:25,521 INFO sqlalchemy.engine.Engine ROLLBACK
INFO:     127.0.0.1:60248 - "POST /ai/analyze-frame HTTP/1.1" 200 OK
2026-08-10 21:08:27,531 INFO sqlalchemy.engine.Engine BEGIN (implicit)
2026-08-10 21:08:27,532 INFO sqlalchemy.engine.Engine SELECT sessions.session_id AS sessions_session_id, sessions.class_id AS sessions_class_id, sessions.teacher_id AS sessions_teacher_id, sessions.start_time AS sessions_start_time, sessions.end_time AS sessions_end_time, sessions.is_active AS sessions_is_active 
FROM sessions 
WHERE sessions.class_id = ? AND sessions.is_active = 1
 LIMIT ? OFFSET ?
2026-08-10 21:08:27,532 INFO sqlalchemy.engine.Engine [cached since 4234s ago] (11, 1, 0)
2026-08-10 21:08:27,532 INFO sqlalchemy.engine.Engine ROLLBACK
INFO:     127.0.0.1:60248 - "POST /ai/analyze-frame HTTP/1.1" 200 OK
2026-08-10 21:08:29,653 INFO sqlalchemy.engine.Engine BEGIN (implicit)
2026-08-10 21:08:29,654 INFO sqlalchemy.engine.Engine SELECT sessions.session_id AS sessions_session_id, sessions.class_id AS sessions_class_id, sessions.teacher_id AS sessions_teacher_id, sessions.start_time AS sessions_start_time, sessions.end_time AS sessions_end_time, sessions.is_active AS sessions_is_active 
FROM sessions 
WHERE sessions.class_id = ? AND sessions.is_active = 1
 LIMIT ? OFFSET ?
2026-08-10 21:08:29,654 INFO sqlalchemy.engine.Engine [cached since 4236s ago] (11, 1, 0)
2026-08-10 21:08:29,655 INFO sqlalchemy.engine.Engine ROLLBACK
INFO:     127.0.0.1:60248 - "POST /ai/analyze-frame HTTP/1.1" 200 OK
2026-08-10 21:08:31,531 INFO sqlalchemy.engine.Engine BEGIN (implicit)
2026-08-10 21:08:31,532 INFO sqlalchemy.engine.Engine SELECT sessions.session_id AS sessions_session_id, sessions.class_id AS sessions_class_id, sessions.teacher_id AS sessions_teacher_id, sessions.start_time AS sessions_start_time, sessions.end_time AS sessions_end_time, sessions.is_active AS sessions_is_active 
FROM sessions 
WHERE sessions.class_id = ? AND sessions.is_active = 1
 LIMIT ? OFFSET ?
2026-08-10 21:08:31,532 INFO sqlalchemy.engine.Engine [cached since 4238s ago] (11, 1, 0)
2026-08-10 21:08:31,532 INFO sqlalchemy.engine.Engine ROLLBACK
INFO:     127.0.0.1:60248 - "POST /ai/analyze-frame HTTP/1.1" 200 OK
2026-08-10 21:08:33,527 INFO sqlalchemy.engine.Engine BEGIN (implicit)
2026-08-10 21:08:33,528 INFO sqlalchemy.engine.Engine SELECT sessions.session_id AS sessions_session_id, sessions.class_id AS sessions_class_id, sessions.teacher_id AS sessions_teacher_id, sessions.start_time AS sessions_start_time, sessions.end_time AS sessions_end_time, sessions.is_active AS sessions_is_active 
FROM sessions 
WHERE sessions.class_id = ? AND sessions.is_active = 1
 LIMIT ? OFFSET ?
2026-08-10 21:08:33,528 INFO sqlalchemy.engine.Engine [cached since 4240s ago] (11, 1, 0)
2026-08-10 21:08:33,528 INFO sqlalchemy.engine.Engine ROLLBACK
INFO:     127.0.0.1:60248 - "POST /ai/analyze-frame HTTP/1.1" 200 OK
2026-08-10 21:08:35,522 INFO sqlalchemy.engine.Engine BEGIN (implicit)
2026-08-10 21:08:35,523 INFO sqlalchemy.engine.Engine SELECT sessions.session_id AS sessions_session_id, sessions.class_id AS sessions_class_id, sessions.teacher_id AS sessions_teacher_id, sessions.start_time AS sessions_start_time, sessions.end_time AS sessions_end_time, sessions.is_active AS sessions_is_active 
FROM sessions 
WHERE sessions.class_id = ? AND sessions.is_active = 1
 LIMIT ? OFFSET ?
2026-08-10 21:08:35,523 INFO sqlalchemy.engine.Engine [cached since 4242s ago] (11, 1, 0)
2026-08-10 21:08:35,523 INFO sqlalchemy.engine.Engine ROLLBACK
INFO:     127.0.0.1:60248 - "POST /ai/analyze-frame HTTP/1.1" 200 OK
2026-08-10 21:08:37,544 INFO sqlalchemy.engine.Engine BEGIN (implicit)
2026-08-10 21:08:37,544 INFO sqlalchemy.engine.Engine SELECT sessions.session_id AS sessions_session_id, sessions.class_id AS sessions_class_id, sessions.teacher_id AS sessions_teacher_id, sessions.start_time AS sessions_start_time, sessions.end_time AS sessions_end_time, sessions.is_active AS sessions_is_active 
FROM sessions 
WHERE sessions.class_id = ? AND sessions.is_active = 1
 LIMIT ? OFFSET ?
2026-08-10 21:08:37,545 INFO sqlalchemy.engine.Engine [cached since 4244s ago] (11, 1, 0)
2026-08-10 21:08:37,546 INFO sqlalchemy.engine.Engine ROLLBACK
INFO:     127.0.0.1:60248 - "POST /ai/analyze-frame HTTP/1.1" 200 OK
2026-08-10 21:08:39,657 INFO sqlalchemy.engine.Engine BEGIN (implicit)
2026-08-10 21:08:39,657 INFO sqlalchemy.engine.Engine SELECT sessions.session_id AS sessions_session_id, sessions.class_id AS sessions_class_id, sessions.teacher_id AS sessions_teacher_id, sessions.start_time AS sessions_start_time, sessions.end_time AS sessions_end_time, sessions.is_active AS sessions_is_active 
FROM sessions 
WHERE sessions.class_id = ? AND sessions.is_active = 1
 LIMIT ? OFFSET ?
2026-08-10 21:08:39,657 INFO sqlalchemy.engine.Engine [cached since 4246s ago] (11, 1, 0)
2026-08-10 21:08:39,658 INFO sqlalchemy.engine.Engine ROLLBACK
INFO:     127.0.0.1:60248 - "POST /ai/analyze-frame HTTP/1.1" 200 OK
2026-08-10 21:08:41,529 INFO sqlalchemy.engine.Engine BEGIN (implicit)
2026-08-10 21:08:41,529 INFO sqlalchemy.engine.Engine SELECT sessions.session_id AS sessions_session_id, sessions.class_id AS sessions_class_id, sessions.teacher_id AS sessions_teacher_id, sessions.start_time AS sessions_start_time, sessions.end_time AS sessions_end_time, sessions.is_active AS sessions_is_active 
FROM sessions 
WHERE sessions.class_id = ? AND sessions.is_active = 1
 LIMIT ? OFFSET ?
2026-08-10 21:08:41,530 INFO sqlalchemy.engine.Engine [cached since 4248s ago] (11, 1, 0)
2026-08-10 21:08:41,530 INFO sqlalchemy.engine.Engine ROLLBACK
INFO:     127.0.0.1:60248 - "POST /ai/analyze-frame HTTP/1.1" 200 OK
2026-08-10 21:08:43,544 INFO sqlalchemy.engine.Engine BEGIN (implicit)
2026-08-10 21:08:43,545 INFO sqlalchemy.engine.Engine SELECT sessions.session_id AS sessions_session_id, sessions.class_id AS sessions_class_id, sessions.teacher_id AS sessions_teacher_id, sessions.start_time AS sessions_start_time, sessions.end_time AS sessions_end_time, sessions.is_active AS sessions_is_active 
FROM sessions 
WHERE sessions.class_id = ? AND sessions.is_active = 1
 LIMIT ? OFFSET ?
2026-08-10 21:08:43,545 INFO sqlalchemy.engine.Engine [cached since 4250s ago] (11, 1, 0)
2026-08-10 21:08:43,546 INFO sqlalchemy.engine.Engine ROLLBACK
INFO:     127.0.0.1:60248 - "POST /ai/analyze-frame HTTP/1.1" 200 OK
2026-08-10 21:08:45,537 INFO sqlalchemy.engine.Engine BEGIN (implicit)
2026-08-10 21:08:45,538 INFO sqlalchemy.engine.Engine SELECT sessions.session_id AS sessions_session_id, sessions.class_id AS sessions_class_id, sessions.teacher_id AS sessions_teacher_id, sessions.start_time AS sessions_start_time, sessions.end_time AS sessions_end_time, sessions.is_active AS sessions_is_active 
FROM sessions 
WHERE sessions.class_id = ? AND sessions.is_active = 1
 LIMIT ? OFFSET ?
2026-08-10 21:08:45,538 INFO sqlalchemy.engine.Engine [cached since 4252s ago] (11, 1, 0)
2026-08-10 21:08:45,538 INFO sqlalchemy.engine.Engine ROLLBACK
INFO:     127.0.0.1:60248 - "POST /ai/analyze-frame HTTP/1.1" 200 OK
2026-08-10 21:08:47,529 INFO sqlalchemy.engine.Engine BEGIN (implicit)
2026-08-10 21:08:47,529 INFO sqlalchemy.engine.Engine SELECT sessions.session_id AS sessions_session_id, sessions.class_id AS sessions_class_id, sessions.teacher_id AS sessions_teacher_id, sessions.start_time AS sessions_start_time, sessions.end_time AS sessions_end_time, sessions.is_active AS sessions_is_active 
FROM sessions 
WHERE sessions.class_id = ? AND sessions.is_active = 1
 LIMIT ? OFFSET ?
2026-08-10 21:08:47,529 INFO sqlalchemy.engine.Engine [cached since 4254s ago] (11, 1, 0)
2026-08-10 21:08:47,529 INFO sqlalchemy.engine.Engine ROLLBACK
INFO:     127.0.0.1:60248 - "POST /ai/analyze-frame HTTP/1.1" 200 OK
2026-08-10 21:08:49,736 INFO sqlalchemy.engine.Engine BEGIN (implicit)
2026-08-10 21:08:49,737 INFO sqlalchemy.engine.Engine SELECT sessions.session_id AS sessions_session_id, sessions.class_id AS sessions_class_id, sessions.teacher_id AS sessions_teacher_id, sessions.start_time AS sessions_start_time, sessions.end_time AS sessions_end_time, sessions.is_active AS sessions_is_active 
FROM sessions 
WHERE sessions.class_id = ? AND sessions.is_active = 1
 LIMIT ? OFFSET ?
2026-08-10 21:08:49,738 INFO sqlalchemy.engine.Engine [cached since 4256s ago] (11, 1, 0)
2026-08-10 21:08:49,739 INFO sqlalchemy.engine.Engine ROLLBACK
INFO:     127.0.0.1:60248 - "POST /ai/analyze-frame HTTP/1.1" 200 OK
2026-08-10 21:08:51,608 INFO sqlalchemy.engine.Engine BEGIN (implicit)
2026-08-10 21:08:51,609 INFO sqlalchemy.engine.Engine SELECT sessions.session_id AS sessions_session_id, sessions.class_id AS sessions_class_id, sessions.teacher_id AS sessions_teacher_id, sessions.start_time AS sessions_start_time, sessions.end_time AS sessions_end_time, sessions.is_active AS sessions_is_active 
FROM sessions 
WHERE sessions.class_id = ? AND sessions.is_active = 1
 LIMIT ? OFFSET ?
2026-08-10 21:08:51,610 INFO sqlalchemy.engine.Engine [cached since 4258s ago] (11, 1, 0)
2026-08-10 21:08:51,612 INFO sqlalchemy.engine.Engine ROLLBACK
INFO:     127.0.0.1:60248 - "POST /ai/analyze-frame HTTP/1.1" 200 OK
2026-08-10 21:08:53,609 INFO sqlalchemy.engine.Engine BEGIN (implicit)
2026-08-10 21:08:53,609 INFO sqlalchemy.engine.Engine SELECT sessions.session_id AS sessions_session_id, sessions.class_id AS sessions_class_id, sessions.teacher_id AS sessions_teacher_id, sessions.start_time AS sessions_start_time, sessions.end_time AS sessions_end_time, sessions.is_active AS sessions_is_active 
FROM sessions 
WHERE sessions.class_id = ? AND sessions.is_active = 1
 LIMIT ? OFFSET ?
2026-08-10 21:08:53,610 INFO sqlalchemy.engine.Engine [cached since 4260s ago] (11, 1, 0)
2026-08-10 21:08:53,611 INFO sqlalchemy.engine.Engine ROLLBACK
INFO:     127.0.0.1:60248 - "POST /ai/analyze-frame HTTP/1.1" 200 OK
2026-08-10 21:08:55,632 INFO sqlalchemy.engine.Engine BEGIN (implicit)
2026-08-10 21:08:55,633 INFO sqlalchemy.engine.Engine SELECT sessions.session_id AS sessions_session_id, sessions.class_id AS sessions_class_id, sessions.teacher_id AS sessions_teacher_id, sessions.start_time AS sessions_start_time, sessions.end_time AS sessions_end_time, sessions.is_active AS sessions_is_active 
FROM sessions 
WHERE sessions.class_id = ? AND sessions.is_active = 1
 LIMIT ? OFFSET ?
2026-08-10 21:08:55,635 INFO sqlalchemy.engine.Engine [cached since 4262s ago] (11, 1, 0)
2026-08-10 21:08:55,637 INFO sqlalchemy.engine.Engine ROLLBACK
INFO:     127.0.0.1:60248 - "POST /ai/analyze-frame HTTP/1.1" 200 OK
2026-08-10 21:08:57,617 INFO sqlalchemy.engine.Engine BEGIN (implicit)
2026-08-10 21:08:57,619 INFO sqlalchemy.engine.Engine SELECT sessions.session_id AS sessions_session_id, sessions.class_id AS sessions_class_id, sessions.teacher_id AS sessions_teacher_id, sessions.start_time AS sessions_start_time, sessions.end_time AS sessions_end_time, sessions.is_active AS sessions_is_active 
FROM sessions 
WHERE sessions.class_id = ? AND sessions.is_active = 1
 LIMIT ? OFFSET ?
2026-08-10 21:08:57,620 INFO sqlalchemy.engine.Engine [cached since 4264s ago] (11, 1, 0)
2026-08-10 21:08:57,621 INFO sqlalchemy.engine.Engine ROLLBACK
INFO:     127.0.0.1:60248 - "POST /ai/analyze-frame HTTP/1.1" 200 OK
E0000 00:00:1786376339.196179    5508 portable_clearcut_uploader.cc:90] 
Failed to send to clearcut: FAILED_PRECONDITION: Not valid for uploading 
until: 2026-08-10T15:52:59.185738584+00:00
=== Source Location Trace: === 
wireless/android/play/playlog/cplusplus/portable_clearcut_uploader.cc:180
2026-08-10 21:08:59,799 INFO sqlalchemy.engine.Engine BEGIN (implicit)
2026-08-10 21:08:59,800 INFO sqlalchemy.engine.Engine SELECT sessions.session_id AS sessions_session_id, sessions.class_id AS sessions_class_id, sessions.teacher_id AS sessions_teacher_id, sessions.start_time AS sessions_start_time, sessions.end_time AS sessions_end_time, sessions.is_active AS sessions_is_active 
FROM sessions 
WHERE sessions.class_id = ? AND sessions.is_active = 1
 LIMIT ? OFFSET ?
2026-08-10 21:08:59,801 INFO sqlalchemy.engine.Engine [cached since 4266s ago] (11, 1, 0)
2026-08-10 21:08:59,802 INFO sqlalchemy.engine.Engine ROLLBACK
INFO:     127.0.0.1:60248 - "POST /ai/analyze-frame HTTP/1.1" 200 OK
2026-08-10 21:09:01,615 INFO sqlalchemy.engine.Engine BEGIN (implicit)
2026-08-10 21:09:01,616 INFO sqlalchemy.engine.Engine SELECT sessions.session_id AS sessions_session_id, sessions.class_id AS sessions_class_id, sessions.teacher_id AS sessions_teacher_id, sessions.start_time AS sessions_start_time, sessions.end_time AS sessions_end_time, sessions.is_active AS sessions_is_active 
FROM sessions 
WHERE sessions.class_id = ? AND sessions.is_active = 1
 LIMIT ? OFFSET ?
2026-08-10 21:09:01,616 INFO sqlalchemy.engine.Engine [cached since 4268s ago] (11, 1, 0)
2026-08-10 21:09:01,618 INFO sqlalchemy.engine.Engine ROLLBACK
INFO:     127.0.0.1:60248 - "POST /ai/analyze-frame HTTP/1.1" 200 OK
2026-08-10 21:09:03,602 INFO sqlalchemy.engine.Engine BEGIN (implicit)
2026-08-10 21:09:03,603 INFO sqlalchemy.engine.Engine SELECT sessions.session_id AS sessions_session_id, sessions.class_id AS sessions_class_id, sessions.teacher_id AS sessions_teacher_id, sessions.start_time AS sessions_start_time, sessions.end_time AS sessions_end_time, sessions.is_active AS sessions_is_active 
FROM sessions 
WHERE sessions.class_id = ? AND sessions.is_active = 1
 LIMIT ? OFFSET ?
2026-08-10 21:09:03,604 INFO sqlalchemy.engine.Engine [cached since 4270s ago] (11, 1, 0)
2026-08-10 21:09:03,606 INFO sqlalchemy.engine.Engine ROLLBACK
INFO:     127.0.0.1:60248 - "POST /ai/analyze-frame HTTP/1.1" 200 OK
2026-08-10 21:09:05,615 INFO sqlalchemy.engine.Engine BEGIN (implicit)
2026-08-10 21:09:05,616 INFO sqlalchemy.engine.Engine SELECT sessions.session_id AS sessions_session_id, sessions.class_id AS sessions_class_id, sessions.teacher_id AS sessions_teacher_id, sessions.start_time AS sessions_start_time, sessions.end_time AS sessions_end_time, sessions.is_active AS sessions_is_active 
FROM sessions 
WHERE sessions.class_id = ? AND sessions.is_active = 1
 LIMIT ? OFFSET ?
2026-08-10 21:09:05,617 INFO sqlalchemy.engine.Engine [cached since 4272s ago] (11, 1, 0)
2026-08-10 21:09:05,618 INFO sqlalchemy.engine.Engine ROLLBACK
INFO:     127.0.0.1:60248 - "POST /ai/analyze-frame HTTP/1.1" 200 OK
2026-08-10 21:09:07,616 INFO sqlalchemy.engine.Engine BEGIN (implicit)
2026-08-10 21:09:07,617 INFO sqlalchemy.engine.Engine SELECT sessions.session_id AS sessions_session_id, sessions.class_id AS sessions_class_id, sessions.teacher_id AS sessions_teacher_id, sessions.start_time AS sessions_start_time, sessions.end_time AS sessions_end_time, sessions.is_active AS sessions_is_active 
FROM sessions 
WHERE sessions.class_id = ? AND sessions.is_active = 1
 LIMIT ? OFFSET ?
2026-08-10 21:09:07,618 INFO sqlalchemy.engine.Engine [cached since 4274s ago] (11, 1, 0)
2026-08-10 21:09:07,619 INFO sqlalchemy.engine.Engine ROLLBACK
INFO:     127.0.0.1:60248 - "POST /ai/analyze-frame HTTP/1.1" 200 OK
2026-08-10 21:09:09,822 INFO sqlalchemy.engine.Engine BEGIN (implicit)
2026-08-10 21:09:09,823 INFO sqlalchemy.engine.Engine SELECT sessions.session_id AS sessions_session_id, sessions.class_id AS sessions_class_id, sessions.teacher_id AS sessions_teacher_id, sessions.start_time AS sessions_start_time, sessions.end_time AS sessions_end_time, sessions.is_active AS sessions_is_active 
FROM sessions 
WHERE sessions.class_id = ? AND sessions.is_active = 1
 LIMIT ? OFFSET ?
2026-08-10 21:09:09,823 INFO sqlalchemy.engine.Engine [cached since 4276s ago] (11, 1, 0)
2026-08-10 21:09:09,824 INFO sqlalchemy.engine.Engine ROLLBACK
INFO:     127.0.0.1:60248 - "POST /ai/analyze-frame HTTP/1.1" 200 OK
2026-08-10 21:09:11,561 INFO sqlalchemy.engine.Engine BEGIN (implicit)
2026-08-10 21:09:11,562 INFO sqlalchemy.engine.Engine SELECT sessions.session_id AS sessions_session_id, sessions.class_id AS sessions_class_id, sessions.teacher_id AS sessions_teacher_id, sessions.start_time AS sessions_start_time, sessions.end_time AS sessions_end_time, sessions.is_active AS sessions_is_active 
FROM sessions 
WHERE sessions.class_id = ? AND sessions.is_active = 1
 LIMIT ? OFFSET ?
2026-08-10 21:09:11,562 INFO sqlalchemy.engine.Engine [cached since 4278s ago] (11, 1, 0)
2026-08-10 21:09:11,562 INFO sqlalchemy.engine.Engine ROLLBACK
INFO:     127.0.0.1:60248 - "POST /ai/analyze-frame HTTP/1.1" 200 OK
2026-08-10 21:09:13,535 INFO sqlalchemy.engine.Engine BEGIN (implicit)
2026-08-10 21:09:13,536 INFO sqlalchemy.engine.Engine SELECT sessions.session_id AS sessions_session_id, sessions.class_id AS sessions_class_id, sessions.teacher_id AS sessions_teacher_id, sessions.start_time AS sessions_start_time, sessions.end_time AS sessions_end_time, sessions.is_active AS sessions_is_active 
FROM sessions 
WHERE sessions.class_id = ? AND sessions.is_active = 1
 LIMIT ? OFFSET ?
2026-08-10 21:09:13,536 INFO sqlalchemy.engine.Engine [cached since 4280s ago] (11, 1, 0)
2026-08-10 21:09:13,537 INFO sqlalchemy.engine.Engine ROLLBACK
INFO:     127.0.0.1:60248 - "POST /ai/analyze-frame HTTP/1.1" 200 OK
2026-08-10 21:09:15,525 INFO sqlalchemy.engine.Engine BEGIN (implicit)
2026-08-10 21:09:15,526 INFO sqlalchemy.engine.Engine SELECT sessions.session_id AS sessions_session_id, sessions.class_id AS sessions_class_id, sessions.teacher_id AS sessions_teacher_id, sessions.start_time AS sessions_start_time, sessions.end_time AS sessions_end_time, sessions.is_active AS sessions_is_active 
FROM sessions 
WHERE sessions.class_id = ? AND sessions.is_active = 1
 LIMIT ? OFFSET ?
2026-08-10 21:09:15,526 INFO sqlalchemy.engine.Engine [cached since 4282s ago] (11, 1, 0)
2026-08-10 21:09:15,526 INFO sqlalchemy.engine.Engine ROLLBACK
INFO:     127.0.0.1:60248 - "POST /ai/analyze-frame HTTP/1.1" 200 OK
2026-08-10 21:09:17,524 INFO sqlalchemy.engine.Engine BEGIN (implicit)
2026-08-10 21:09:17,525 INFO sqlalchemy.engine.Engine SELECT sessions.session_id AS sessions_session_id, sessions.class_id AS sessions_class_id, sessions.teacher_id AS sessions_teacher_id, sessions.start_time AS sessions_start_time, sessions.end_time AS sessions_end_time, sessions.is_active AS sessions_is_active 
FROM sessions 
WHERE sessions.class_id = ? AND sessions.is_active = 1
 LIMIT ? OFFSET ?
2026-08-10 21:09:17,525 INFO sqlalchemy.engine.Engine [cached since 4284s ago] (11, 1, 0)
2026-08-10 21:09:17,525 INFO sqlalchemy.engine.Engine ROLLBACK
INFO:     127.0.0.1:60248 - "POST /ai/analyze-frame HTTP/1.1" 200 OK
2026-08-10 21:09:19,711 INFO sqlalchemy.engine.Engine BEGIN (implicit)
2026-08-10 21:09:19,712 INFO sqlalchemy.engine.Engine SELECT sessions.session_id AS sessions_session_id, sessions.class_id AS sessions_class_id, sessions.teacher_id AS sessions_teacher_id, sessions.start_time AS sessions_start_time, sessions.end_time AS sessions_end_time, sessions.is_active AS sessions_is_active 
FROM sessions 
WHERE sessions.class_id = ? AND sessions.is_active = 1
 LIMIT ? OFFSET ?
2026-08-10 21:09:19,712 INFO sqlalchemy.engine.Engine [cached since 4286s ago] (11, 1, 0)
2026-08-10 21:09:19,714 INFO sqlalchemy.engine.Engine ROLLBACK
INFO:     127.0.0.1:60248 - "POST /ai/analyze-frame HTTP/1.1" 200 OK
2026-08-10 21:09:21,543 INFO sqlalchemy.engine.Engine BEGIN (implicit)
2026-08-10 21:09:21,544 INFO sqlalchemy.engine.Engine SELECT sessions.session_id AS sessions_session_id, sessions.class_id AS sessions_class_id, sessions.teacher_id AS sessions_teacher_id, sessions.start_time AS sessions_start_time, sessions.end_time AS sessions_end_time, sessions.is_active AS sessions_is_active 
FROM sessions 
WHERE sessions.class_id = ? AND sessions.is_active = 1
 LIMIT ? OFFSET ?
2026-08-10 21:09:21,544 INFO sqlalchemy.engine.Engine [cached since 4288s ago] (11, 1, 0)
2026-08-10 21:09:21,544 INFO sqlalchemy.engine.Engine ROLLBACK
INFO:     127.0.0.1:60248 - "POST /ai/analyze-frame HTTP/1.1" 200 OK
2026-08-10 21:09:23,533 INFO sqlalchemy.engine.Engine BEGIN (implicit)
2026-08-10 21:09:23,533 INFO sqlalchemy.engine.Engine SELECT sessions.session_id AS sessions_session_id, sessions.class_id AS sessions_class_id, sessions.teacher_id AS sessions_teacher_id, sessions.start_time AS sessions_start_time, sessions.end_time AS sessions_end_time, sessions.is_active AS sessions_is_active 
FROM sessions 
WHERE sessions.class_id = ? AND sessions.is_active = 1
 LIMIT ? OFFSET ?
2026-08-10 21:09:23,533 INFO sqlalchemy.engine.Engine [cached since 4290s ago] (11, 1, 0)
2026-08-10 21:09:23,533 INFO sqlalchemy.engine.Engine ROLLBACK
INFO:     127.0.0.1:60248 - "POST /ai/analyze-frame HTTP/1.1" 200 OK
2026-08-10 21:09:25,543 INFO sqlalchemy.engine.Engine BEGIN (implicit)
2026-08-10 21:09:25,544 INFO sqlalchemy.engine.Engine SELECT sessions.session_id AS sessions_session_id, sessions.class_id AS sessions_class_id, sessions.teacher_id AS sessions_teacher_id, sessions.start_time AS sessions_start_time, sessions.end_time AS sessions_end_time, sessions.is_active AS sessions_is_active 
FROM sessions 
WHERE sessions.class_id = ? AND sessions.is_active = 1
 LIMIT ? OFFSET ?
2026-08-10 21:09:25,544 INFO sqlalchemy.engine.Engine [cached since 4292s ago] (11, 1, 0)
2026-08-10 21:09:25,544 INFO sqlalchemy.engine.Engine ROLLBACK
INFO:     127.0.0.1:60248 - "POST /ai/analyze-frame HTTP/1.1" 200 OK
2026-08-10 21:09:27,523 INFO sqlalchemy.engine.Engine BEGIN (implicit)
2026-08-10 21:09:27,523 INFO sqlalchemy.engine.Engine SELECT sessions.session_id AS sessions_session_id, sessions.class_id AS sessions_class_id, sessions.teacher_id AS sessions_teacher_id, sessions.start_time AS sessions_start_time, sessions.end_time AS sessions_end_time, sessions.is_active AS sessions_is_active 
FROM sessions 
WHERE sessions.class_id = ? AND sessions.is_active = 1
 LIMIT ? OFFSET ?
2026-08-10 21:09:27,523 INFO sqlalchemy.engine.Engine [cached since 4294s ago] (11, 1, 0)
2026-08-10 21:09:27,524 INFO sqlalchemy.engine.Engine ROLLBACK
INFO:     127.0.0.1:60248 - "POST /ai/analyze-frame HTTP/1.1" 200 OK
2026-08-10 21:09:29,643 INFO sqlalchemy.engine.Engine BEGIN (implicit)
2026-08-10 21:09:29,643 INFO sqlalchemy.engine.Engine SELECT sessions.session_id AS sessions_session_id, sessions.class_id AS sessions_class_id, sessions.teacher_id AS sessions_teacher_id, sessions.start_time AS sessions_start_time, sessions.end_time AS sessions_end_time, sessions.is_active AS sessions_is_active 
FROM sessions 
WHERE sessions.class_id = ? AND sessions.is_active = 1
 LIMIT ? OFFSET ?
2026-08-10 21:09:29,643 INFO sqlalchemy.engine.Engine [cached since 4296s ago] (11, 1, 0)
2026-08-10 21:09:29,644 INFO sqlalchemy.engine.Engine ROLLBACK
INFO:     127.0.0.1:60248 - "POST /ai/analyze-frame HTTP/1.1" 200 OK
2026-08-10 21:09:31,520 INFO sqlalchemy.engine.Engine BEGIN (implicit)
2026-08-10 21:09:31,521 INFO sqlalchemy.engine.Engine SELECT sessions.session_id AS sessions_session_id, sessions.class_id AS sessions_class_id, sessions.teacher_id AS sessions_teacher_id, sessions.start_time AS sessions_start_time, sessions.end_time AS sessions_end_time, sessions.is_active AS sessions_is_active 
FROM sessions 
WHERE sessions.class_id = ? AND sessions.is_active = 1
 LIMIT ? OFFSET ?
2026-08-10 21:09:31,521 INFO sqlalchemy.engine.Engine [cached since 4298s ago] (11, 1, 0)
2026-08-10 21:09:31,521 INFO sqlalchemy.engine.Engine ROLLBACK
INFO:     127.0.0.1:60248 - "POST /ai/analyze-frame HTTP/1.1" 200 OK
2026-08-10 21:09:33,540 INFO sqlalchemy.engine.Engine BEGIN (implicit)
2026-08-10 21:09:33,541 INFO sqlalchemy.engine.Engine SELECT sessions.session_id AS sessions_session_id, sessions.class_id AS sessions_class_id, sessions.teacher_id AS sessions_teacher_id, sessions.start_time AS sessions_start_time, sessions.end_time AS sessions_end_time, sessions.is_active AS sessions_is_active 
FROM sessions 
WHERE sessions.class_id = ? AND sessions.is_active = 1
 LIMIT ? OFFSET ?
2026-08-10 21:09:33,541 INFO sqlalchemy.engine.Engine [cached since 4300s ago] (11, 1, 0)
2026-08-10 21:09:33,541 INFO sqlalchemy.engine.Engine ROLLBACK
INFO:     127.0.0.1:60248 - "POST /ai/analyze-frame HTTP/1.1" 200 OK
2026-08-10 21:09:35,542 INFO sqlalchemy.engine.Engine BEGIN (implicit)
2026-08-10 21:09:35,542 INFO sqlalchemy.engine.Engine SELECT sessions.session_id AS sessions_session_id, sessions.class_id AS sessions_class_id, sessions.teacher_id AS sessions_teacher_id, sessions.start_time AS sessions_start_time, sessions.end_time AS sessions_end_time, sessions.is_active AS sessions_is_active 
FROM sessions 
WHERE sessions.class_id = ? AND sessions.is_active = 1
 LIMIT ? OFFSET ?
2026-08-10 21:09:35,542 INFO sqlalchemy.engine.Engine [cached since 4302s ago] (11, 1, 0)
2026-08-10 21:09:35,543 INFO sqlalchemy.engine.Engine ROLLBACK
INFO:     127.0.0.1:60248 - "POST /ai/analyze-frame HTTP/1.1" 200 OK
2026-08-10 21:09:37,533 INFO sqlalchemy.engine.Engine BEGIN (implicit)
2026-08-10 21:09:37,533 INFO sqlalchemy.engine.Engine SELECT sessions.session_id AS sessions_session_id, sessions.class_id AS sessions_class_id, sessions.teacher_id AS sessions_teacher_id, sessions.start_time AS sessions_start_time, sessions.end_time AS sessions_end_time, sessions.is_active AS sessions_is_active 
FROM sessions 
WHERE sessions.class_id = ? AND sessions.is_active = 1
 LIMIT ? OFFSET ?
2026-08-10 21:09:37,533 INFO sqlalchemy.engine.Engine [cached since 4304s ago] (11, 1, 0)
2026-08-10 21:09:37,534 INFO sqlalchemy.engine.Engine ROLLBACK
INFO:     127.0.0.1:60248 - "POST /ai/analyze-frame HTTP/1.1" 200 OK
2026-08-10 21:09:39,622 INFO sqlalchemy.engine.Engine BEGIN (implicit)
2026-08-10 21:09:39,622 INFO sqlalchemy.engine.Engine SELECT sessions.session_id AS sessions_session_id, sessions.class_id AS sessions_class_id, sessions.teacher_id AS sessions_teacher_id, sessions.start_time AS sessions_start_time, sessions.end_time AS sessions_end_time, sessions.is_active AS sessions_is_active 
FROM sessions 
WHERE sessions.class_id = ? AND sessions.is_active = 1
 LIMIT ? OFFSET ?
2026-08-10 21:09:39,622 INFO sqlalchemy.engine.Engine [cached since 4306s ago] (11, 1, 0)
2026-08-10 21:09:39,623 INFO sqlalchemy.engine.Engine ROLLBACK
INFO:     127.0.0.1:60248 - "POST /ai/analyze-frame HTTP/1.1" 200 OK
2026-08-10 21:09:41,532 INFO sqlalchemy.engine.Engine BEGIN (implicit)
2026-08-10 21:09:41,532 INFO sqlalchemy.engine.Engine SELECT sessions.session_id AS sessions_session_id, sessions.class_id AS sessions_class_id, sessions.teacher_id AS sessions_teacher_id, sessions.start_time AS sessions_start_time, sessions.end_time AS sessions_end_time, sessions.is_active AS sessions_is_active 
FROM sessions 
WHERE sessions.class_id = ? AND sessions.is_active = 1
 LIMIT ? OFFSET ?
2026-08-10 21:09:41,532 INFO sqlalchemy.engine.Engine [cached since 4308s ago] (11, 1, 0)
2026-08-10 21:09:41,533 INFO sqlalchemy.engine.Engine ROLLBACK
INFO:     127.0.0.1:60248 - "POST /ai/analyze-frame HTTP/1.1" 200 OK
2026-08-10 21:09:43,531 INFO sqlalchemy.engine.Engine BEGIN (implicit)
2026-08-10 21:09:43,534 INFO sqlalchemy.engine.Engine SELECT sessions.session_id AS sessions_session_id, sessions.class_id AS sessions_class_id, sessions.teacher_id AS sessions_teacher_id, sessions.start_time AS sessions_start_time, sessions.end_time AS sessions_end_time, sessions.is_active AS sessions_is_active 
FROM sessions 
WHERE sessions.class_id = ? AND sessions.is_active = 1
 LIMIT ? OFFSET ?
2026-08-10 21:09:43,535 INFO sqlalchemy.engine.Engine [cached since 4310s ago] (11, 1, 0)
2026-08-10 21:09:43,536 INFO sqlalchemy.engine.Engine ROLLBACK
INFO:     127.0.0.1:60248 - "POST /ai/analyze-frame HTTP/1.1" 200 OK
2026-08-10 21:09:45,523 INFO sqlalchemy.engine.Engine BEGIN (implicit)
2026-08-10 21:09:45,523 INFO sqlalchemy.engine.Engine SELECT sessions.session_id AS sessions_session_id, sessions.class_id AS sessions_class_id, sessions.teacher_id AS sessions_teacher_id, sessions.start_time AS sessions_start_time, sessions.end_time AS sessions_end_time, sessions.is_active AS sessions_is_active 
FROM sessions 
WHERE sessions.class_id = ? AND sessions.is_active = 1
 LIMIT ? OFFSET ?
2026-08-10 21:09:45,523 INFO sqlalchemy.engine.Engine [cached since 4312s ago] (11, 1, 0)
2026-08-10 21:09:45,524 INFO sqlalchemy.engine.Engine ROLLBACK
INFO:     127.0.0.1:60248 - "POST /ai/analyze-frame HTTP/1.1" 200 OK
2026-08-10 21:09:47,528 INFO sqlalchemy.engine.Engine BEGIN (implicit)
2026-08-10 21:09:47,528 INFO sqlalchemy.engine.Engine SELECT sessions.session_id AS sessions_session_id, sessions.class_id AS sessions_class_id, sessions.teacher_id AS sessions_teacher_id, sessions.start_time AS sessions_start_time, sessions.end_time AS sessions_end_time, sessions.is_active AS sessions_is_active 
FROM sessions 
WHERE sessions.class_id = ? AND sessions.is_active = 1
 LIMIT ? OFFSET ?
2026-08-10 21:09:47,528 INFO sqlalchemy.engine.Engine [cached since 4314s ago] (11, 1, 0)
2026-08-10 21:09:47,529 INFO sqlalchemy.engine.Engine ROLLBACK
INFO:     127.0.0.1:60248 - "POST /ai/analyze-frame HTTP/1.1" 200 OK
2026-08-10 21:09:49,639 INFO sqlalchemy.engine.Engine BEGIN (implicit)
2026-08-10 21:09:49,640 INFO sqlalchemy.engine.Engine SELECT sessions.session_id AS sessions_session_id, sessions.class_id AS sessions_class_id, sessions.teacher_id AS sessions_teacher_id, sessions.start_time AS sessions_start_time, sessions.end_time AS sessions_end_time, sessions.is_active AS sessions_is_active 
FROM sessions 
WHERE sessions.class_id = ? AND sessions.is_active = 1
 LIMIT ? OFFSET ?
2026-08-10 21:09:49,640 INFO sqlalchemy.engine.Engine [cached since 4316s ago] (11, 1, 0)
2026-08-10 21:09:49,640 INFO sqlalchemy.engine.Engine ROLLBACK
INFO:     127.0.0.1:60248 - "POST /ai/analyze-frame HTTP/1.1" 200 OK
2026-08-10 21:09:51,554 INFO sqlalchemy.engine.Engine BEGIN (implicit)
2026-08-10 21:09:51,555 INFO sqlalchemy.engine.Engine SELECT sessions.session_id AS sessions_session_id, sessions.class_id AS sessions_class_id, sessions.teacher_id AS sessions_teacher_id, sessions.start_time AS sessions_start_time, sessions.end_time AS sessions_end_time, sessions.is_active AS sessions_is_active 
FROM sessions 
WHERE sessions.class_id = ? AND sessions.is_active = 1
 LIMIT ? OFFSET ?
2026-08-10 21:09:51,555 INFO sqlalchemy.engine.Engine [cached since 4318s ago] (11, 1, 0)
2026-08-10 21:09:51,555 INFO sqlalchemy.engine.Engine ROLLBACK
INFO:     127.0.0.1:60248 - "POST /ai/analyze-frame HTTP/1.1" 200 OK
2026-08-10 21:09:53,538 INFO sqlalchemy.engine.Engine BEGIN (implicit)
2026-08-10 21:09:53,539 INFO sqlalchemy.engine.Engine SELECT sessions.session_id AS sessions_session_id, sessions.class_id AS sessions_class_id, sessions.teacher_id AS sessions_teacher_id, sessions.start_time AS sessions_start_time, sessions.end_time AS sessions_end_time, sessions.is_active AS sessions_is_active 
FROM sessions 
WHERE sessions.class_id = ? AND sessions.is_active = 1
 LIMIT ? OFFSET ?
2026-08-10 21:09:53,539 INFO sqlalchemy.engine.Engine [cached since 4320s ago] (11, 1, 0)
2026-08-10 21:09:53,540 INFO sqlalchemy.engine.Engine ROLLBACK
INFO:     127.0.0.1:60248 - "POST /ai/analyze-frame HTTP/1.1" 200 OK
2026-08-10 21:09:55,537 INFO sqlalchemy.engine.Engine BEGIN (implicit)
2026-08-10 21:09:55,537 INFO sqlalchemy.engine.Engine SELECT sessions.session_id AS sessions_session_id, sessions.class_id AS sessions_class_id, sessions.teacher_id AS sessions_teacher_id, sessions.start_time AS sessions_start_time, sessions.end_time AS sessions_end_time, sessions.is_active AS sessions_is_active 
FROM sessions 
WHERE sessions.class_id = ? AND sessions.is_active = 1
 LIMIT ? OFFSET ?
2026-08-10 21:09:55,537 INFO sqlalchemy.engine.Engine [cached since 4322s ago] (11, 1, 0)
2026-08-10 21:09:55,538 INFO sqlalchemy.engine.Engine ROLLBACK
INFO:     127.0.0.1:60248 - "POST /ai/analyze-frame HTTP/1.1" 200 OK
2026-08-10 21:09:57,532 INFO sqlalchemy.engine.Engine BEGIN (implicit)
2026-08-10 21:09:57,533 INFO sqlalchemy.engine.Engine SELECT sessions.session_id AS sessions_session_id, sessions.class_id AS sessions_class_id, sessions.teacher_id AS sessions_teacher_id, sessions.start_time AS sessions_start_time, sessions.end_time AS sessions_end_time, sessions.is_active AS sessions_is_active 
FROM sessions 
WHERE sessions.class_id = ? AND sessions.is_active = 1
 LIMIT ? OFFSET ?
2026-08-10 21:09:57,533 INFO sqlalchemy.engine.Engine [cached since 4324s ago] (11, 1, 0)
2026-08-10 21:09:57,534 INFO sqlalchemy.engine.Engine ROLLBACK
INFO:     127.0.0.1:60248 - "POST /ai/analyze-frame HTTP/1.1" 200 OK
E0000 00:00:1786376399.202933    5508 portable_clearcut_uploader.cc:90] 
Failed to send to clearcut: FAILED_PRECONDITION: Not valid for uploading 
until: 2026-08-10T15:52:59.185738584+00:00
=== Source Location Trace: === 
wireless/android/play/playlog/cplusplus/portable_clearcut_uploader.cc:180
2026-08-10 21:09:59,637 INFO sqlalchemy.engine.Engine BEGIN (implicit)
2026-08-10 21:09:59,637 INFO sqlalchemy.engine.Engine SELECT sessions.session_id AS sessions_session_id, sessions.class_id AS sessions_class_id, sessions.teacher_id AS sessions_teacher_id, sessions.start_time AS sessions_start_time, sessions.end_time AS sessions_end_time, sessions.is_active AS sessions_is_active 
FROM sessions 
WHERE sessions.class_id = ? AND sessions.is_active = 1
 LIMIT ? OFFSET ?
2026-08-10 21:09:59,637 INFO sqlalchemy.engine.Engine [cached since 4326s ago] (11, 1, 0)
2026-08-10 21:09:59,638 INFO sqlalchemy.engine.Engine ROLLBACK
INFO:     127.0.0.1:60248 - "POST /ai/analyze-frame HTTP/1.1" 200 OK
2026-08-10 21:10:01,529 INFO sqlalchemy.engine.Engine BEGIN (implicit)
2026-08-10 21:10:01,530 INFO sqlalchemy.engine.Engine SELECT sessions.session_id AS sessions_session_id, sessions.class_id AS sessions_class_id, sessions.teacher_id AS sessions_teacher_id, sessions.start_time AS sessions_start_time, sessions.end_time AS sessions_end_time, sessions.is_active AS sessions_is_active 
FROM sessions 
WHERE sessions.class_id = ? AND sessions.is_active = 1
 LIMIT ? OFFSET ?
2026-08-10 21:10:01,530 INFO sqlalchemy.engine.Engine [cached since 4328s ago] (11, 1, 0)
2026-08-10 21:10:01,530 INFO sqlalchemy.engine.Engine ROLLBACK
INFO:     127.0.0.1:60248 - "POST /ai/analyze-frame HTTP/1.1" 200 OK
2026-08-10 21:10:03,543 INFO sqlalchemy.engine.Engine BEGIN (implicit)
2026-08-10 21:10:03,543 INFO sqlalchemy.engine.Engine SELECT sessions.session_id AS sessions_session_id, sessions.class_id AS sessions_class_id, sessions.teacher_id AS sessions_teacher_id, sessions.start_time AS sessions_start_time, sessions.end_time AS sessions_end_time, sessions.is_active AS sessions_is_active 
FROM sessions 
WHERE sessions.class_id = ? AND sessions.is_active = 1
 LIMIT ? OFFSET ?
2026-08-10 21:10:03,543 INFO sqlalchemy.engine.Engine [cached since 4330s ago] (11, 1, 0)
2026-08-10 21:10:03,544 INFO sqlalchemy.engine.Engine ROLLBACK
INFO:     127.0.0.1:60248 - "POST /ai/analyze-frame HTTP/1.1" 200 OK
2026-08-10 21:10:05,535 INFO sqlalchemy.engine.Engine BEGIN (implicit)
2026-08-10 21:10:05,535 INFO sqlalchemy.engine.Engine SELECT sessions.session_id AS sessions_session_id, sessions.class_id AS sessions_class_id, sessions.teacher_id AS sessions_teacher_id, sessions.start_time AS sessions_start_time, sessions.end_time AS sessions_end_time, sessions.is_active AS sessions_is_active 
FROM sessions 
WHERE sessions.class_id = ? AND sessions.is_active = 1
 LIMIT ? OFFSET ?
2026-08-10 21:10:05,535 INFO sqlalchemy.engine.Engine [cached since 4332s ago] (11, 1, 0)
2026-08-10 21:10:05,536 INFO sqlalchemy.engine.Engine ROLLBACK
INFO:     127.0.0.1:60248 - "POST /ai/analyze-frame HTTP/1.1" 200 OK
2026-08-10 21:10:07,543 INFO sqlalchemy.engine.Engine BEGIN (implicit)
2026-08-10 21:10:07,543 INFO sqlalchemy.engine.Engine SELECT sessions.session_id AS sessions_session_id, sessions.class_id AS sessions_class_id, sessions.teacher_id AS sessions_teacher_id, sessions.start_time AS sessions_start_time, sessions.end_time AS sessions_end_time, sessions.is_active AS sessions_is_active 
FROM sessions 
WHERE sessions.class_id = ? AND sessions.is_active = 1
 LIMIT ? OFFSET ?
2026-08-10 21:10:07,543 INFO sqlalchemy.engine.Engine [cached since 4334s ago] (11, 1, 0)
2026-08-10 21:10:07,544 INFO sqlalchemy.engine.Engine ROLLBACK
INFO:     127.0.0.1:60248 - "POST /ai/analyze-frame HTTP/1.1" 200 OK
2026-08-10 21:10:09,657 INFO sqlalchemy.engine.Engine BEGIN (implicit)
2026-08-10 21:10:09,658 INFO sqlalchemy.engine.Engine SELECT sessions.session_id AS sessions_session_id, sessions.class_id AS sessions_class_id, sessions.teacher_id AS sessions_teacher_id, sessions.start_time AS sessions_start_time, sessions.end_time AS sessions_end_time, sessions.is_active AS sessions_is_active 
FROM sessions 
WHERE sessions.class_id = ? AND sessions.is_active = 1
 LIMIT ? OFFSET ?
2026-08-10 21:10:09,658 INFO sqlalchemy.engine.Engine [cached since 4336s ago] (11, 1, 0)
2026-08-10 21:10:09,659 INFO sqlalchemy.engine.Engine ROLLBACK
INFO:     127.0.0.1:60248 - "POST /ai/analyze-frame HTTP/1.1" 200 OK
2026-08-10 21:10:11,532 INFO sqlalchemy.engine.Engine BEGIN (implicit)
2026-08-10 21:10:11,533 INFO sqlalchemy.engine.Engine SELECT sessions.session_id AS sessions_session_id, sessions.class_id AS sessions_class_id, sessions.teacher_id AS sessions_teacher_id, sessions.start_time AS sessions_start_time, sessions.end_time AS sessions_end_time, sessions.is_active AS sessions_is_active 
FROM sessions 
WHERE sessions.class_id = ? AND sessions.is_active = 1
 LIMIT ? OFFSET ?
2026-08-10 21:10:11,533 INFO sqlalchemy.engine.Engine [cached since 4338s ago] (11, 1, 0)
2026-08-10 21:10:11,534 INFO sqlalchemy.engine.Engine ROLLBACK
INFO:     127.0.0.1:60248 - "POST /ai/analyze-frame HTTP/1.1" 200 OK
2026-08-10 21:10:13,545 INFO sqlalchemy.engine.Engine BEGIN (implicit)
2026-08-10 21:10:13,546 INFO sqlalchemy.engine.Engine SELECT sessions.session_id AS sessions_session_id, sessions.class_id AS sessions_class_id, sessions.teacher_id AS sessions_teacher_id, sessions.start_time AS sessions_start_time, sessions.end_time AS sessions_end_time, sessions.is_active AS sessions_is_active 
FROM sessions 
WHERE sessions.class_id = ? AND sessions.is_active = 1
 LIMIT ? OFFSET ?
2026-08-10 21:10:13,546 INFO sqlalchemy.engine.Engine [cached since 4340s ago] (11, 1, 0)
2026-08-10 21:10:13,546 INFO sqlalchemy.engine.Engine ROLLBACK
INFO:     127.0.0.1:60248 - "POST /ai/analyze-frame HTTP/1.1" 200 OK
2026-08-10 21:10:15,558 INFO sqlalchemy.engine.Engine BEGIN (implicit)
2026-08-10 21:10:15,558 INFO sqlalchemy.engine.Engine SELECT sessions.session_id AS sessions_session_id, sessions.class_id AS sessions_class_id, sessions.teacher_id AS sessions_teacher_id, sessions.start_time AS sessions_start_time, sessions.end_time AS sessions_end_time, sessions.is_active AS sessions_is_active 
FROM sessions 
WHERE sessions.class_id = ? AND sessions.is_active = 1
 LIMIT ? OFFSET ?
2026-08-10 21:10:15,558 INFO sqlalchemy.engine.Engine [cached since 4342s ago] (11, 1, 0)
2026-08-10 21:10:15,559 INFO sqlalchemy.engine.Engine ROLLBACK
INFO:     127.0.0.1:60248 - "POST /ai/analyze-frame HTTP/1.1" 200 OK
2026-08-10 21:10:17,545 INFO sqlalchemy.engine.Engine BEGIN (implicit)
2026-08-10 21:10:17,545 INFO sqlalchemy.engine.Engine SELECT sessions.session_id AS sessions_session_id, sessions.class_id AS sessions_class_id, sessions.teacher_id AS sessions_teacher_id, sessions.start_time AS sessions_start_time, sessions.end_time AS sessions_end_time, sessions.is_active AS sessions_is_active 
FROM sessions 
WHERE sessions.class_id = ? AND sessions.is_active = 1
 LIMIT ? OFFSET ?
2026-08-10 21:10:17,545 INFO sqlalchemy.engine.Engine [cached since 4344s ago] (11, 1, 0)
2026-08-10 21:10:17,546 INFO sqlalchemy.engine.Engine ROLLBACK
INFO:     127.0.0.1:60248 - "POST /ai/analyze-frame HTTP/1.1" 200 OK
INFO:     127.0.0.1:60248 - "GET /live-monitor HTTP/1.1" 200 OK
INFO:     127.0.0.1:18120 - "WebSocket /ws/classes/11/signaling" [accepted]
INFO:     connection open
2026-08-10 21:10:19,692 INFO sqlalchemy.engine.Engine BEGIN (implicit)
2026-08-10 21:10:19,692 INFO sqlalchemy.engine.Engine SELECT sessions.session_id AS sessions_session_id, sessions.class_id AS sessions_class_id, sessions.teacher_id AS sessions_teacher_id, sessions.start_time AS sessions_start_time, sessions.end_time AS sessions_end_time, sessions.is_active AS sessions_is_active 
FROM sessions 
WHERE sessions.class_id = ? AND sessions.is_active = 1
 LIMIT ? OFFSET ?
2026-08-10 21:10:19,692 INFO sqlalchemy.engine.Engine [cached since 4346s ago] (11, 1, 0)
2026-08-10 21:10:19,693 INFO sqlalchemy.engine.Engine ROLLBACK
INFO:     127.0.0.1:60248 - "POST /ai/analyze-frame HTTP/1.1" 200 OK
2026-08-10 21:10:21,553 INFO sqlalchemy.engine.Engine BEGIN (implicit)
2026-08-10 21:10:21,554 INFO sqlalchemy.engine.Engine SELECT sessions.session_id AS sessions_session_id, sessions.class_id AS sessions_class_id, sessions.teacher_id AS sessions_teacher_id, sessions.start_time AS sessions_start_time, sessions.end_time AS sessions_end_time, sessions.is_active AS sessions_is_active 
FROM sessions 
WHERE sessions.class_id = ? AND sessions.is_active = 1
 LIMIT ? OFFSET ?
2026-08-10 21:10:21,554 INFO sqlalchemy.engine.Engine [cached since 4348s ago] (11, 1, 0)
2026-08-10 21:10:21,554 INFO sqlalchemy.engine.Engine ROLLBACK
INFO:     127.0.0.1:60248 - "POST /ai/analyze-frame HTTP/1.1" 200 OK
2026-08-10 21:10:23,540 INFO sqlalchemy.engine.Engine BEGIN (implicit)
2026-08-10 21:10:23,541 INFO sqlalchemy.engine.Engine SELECT sessions.session_id AS sessions_session_id, sessions.class_id AS sessions_class_id, sessions.teacher_id AS sessions_teacher_id, sessions.start_time AS sessions_start_time, sessions.end_time AS sessions_end_time, sessions.is_active AS sessions_is_active 
FROM sessions 
WHERE sessions.class_id = ? AND sessions.is_active = 1
 LIMIT ? OFFSET ?
2026-08-10 21:10:23,541 INFO sqlalchemy.engine.Engine [cached since 4350s ago] (11, 1, 0)
2026-08-10 21:10:23,542 INFO sqlalchemy.engine.Engine ROLLBACK
INFO:     127.0.0.1:60248 - "POST /ai/analyze-frame HTTP/1.1" 200 OK
2026-08-10 21:10:25,520 INFO sqlalchemy.engine.Engine BEGIN (implicit)
2026-08-10 21:10:25,521 INFO sqlalchemy.engine.Engine SELECT sessions.session_id AS sessions_session_id, sessions.class_id AS sessions_class_id, sessions.teacher_id AS sessions_teacher_id, sessions.start_time AS sessions_start_time, sessions.end_time AS sessions_end_time, sessions.is_active AS sessions_is_active 
FROM sessions 
WHERE sessions.class_id = ? AND sessions.is_active = 1
 LIMIT ? OFFSET ?
2026-08-10 21:10:25,521 INFO sqlalchemy.engine.Engine [cached since 4352s ago] (11, 1, 0)
2026-08-10 21:10:25,521 INFO sqlalchemy.engine.Engine ROLLBACK
INFO:     127.0.0.1:60248 - "POST /ai/analyze-frame HTTP/1.1" 200 OK
2026-08-10 21:10:27,540 INFO sqlalchemy.engine.Engine BEGIN (implicit)
2026-08-10 21:10:27,540 INFO sqlalchemy.engine.Engine SELECT sessions.session_id AS sessions_session_id, sessions.class_id AS sessions_class_id, sessions.teacher_id AS sessions_teacher_id, sessions.start_time AS sessions_start_time, sessions.end_time AS sessions_end_time, sessions.is_active AS sessions_is_active 
FROM sessions 
WHERE sessions.class_id = ? AND sessions.is_active = 1
 LIMIT ? OFFSET ?
2026-08-10 21:10:27,540 INFO sqlalchemy.engine.Engine [cached since 4354s ago] (11, 1, 0)
2026-08-10 21:10:27,541 INFO sqlalchemy.engine.Engine ROLLBACK
INFO:     127.0.0.1:60248 - "POST /ai/analyze-frame HTTP/1.1" 200 OK
2026-08-10 21:10:29,637 INFO sqlalchemy.engine.Engine BEGIN (implicit)
2026-08-10 21:10:29,637 INFO sqlalchemy.engine.Engine SELECT sessions.session_id AS sessions_session_id, sessions.class_id AS sessions_class_id, sessions.teacher_id AS sessions_teacher_id, sessions.start_time AS sessions_start_time, sessions.end_time AS sessions_end_time, sessions.is_active AS sessions_is_active 
FROM sessions 
WHERE sessions.class_id = ? AND sessions.is_active = 1
 LIMIT ? OFFSET ?
2026-08-10 21:10:29,637 INFO sqlalchemy.engine.Engine [cached since 4356s ago] (11, 1, 0)
2026-08-10 21:10:29,638 INFO sqlalchemy.engine.Engine ROLLBACK
INFO:     127.0.0.1:60248 - "POST /ai/analyze-frame HTTP/1.1" 200 OK
2026-08-10 21:10:31,536 INFO sqlalchemy.engine.Engine BEGIN (implicit)
2026-08-10 21:10:31,536 INFO sqlalchemy.engine.Engine SELECT sessions.session_id AS sessions_session_id, sessions.class_id AS sessions_class_id, sessions.teacher_id AS sessions_teacher_id, sessions.start_time AS sessions_start_time, sessions.end_time AS sessions_end_time, sessions.is_active AS sessions_is_active 
FROM sessions 
WHERE sessions.class_id = ? AND sessions.is_active = 1
 LIMIT ? OFFSET ?
2026-08-10 21:10:31,536 INFO sqlalchemy.engine.Engine [cached since 4358s ago] (11, 1, 0)
2026-08-10 21:10:31,536 INFO sqlalchemy.engine.Engine ROLLBACK
INFO:     127.0.0.1:60248 - "POST /ai/analyze-frame HTTP/1.1" 200 OK
2026-08-10 21:10:33,544 INFO sqlalchemy.engine.Engine BEGIN (implicit)
2026-08-10 21:10:33,545 INFO sqlalchemy.engine.Engine SELECT sessions.session_id AS sessions_session_id, sessions.class_id AS sessions_class_id, sessions.teacher_id AS sessions_teacher_id, sessions.start_time AS sessions_start_time, sessions.end_time AS sessions_end_time, sessions.is_active AS sessions_is_active 
FROM sessions 
WHERE sessions.class_id = ? AND sessions.is_active = 1
 LIMIT ? OFFSET ?
2026-08-10 21:10:33,545 INFO sqlalchemy.engine.Engine [cached since 4360s ago] (11, 1, 0)
2026-08-10 21:10:33,545 INFO sqlalchemy.engine.Engine ROLLBACK
INFO:     127.0.0.1:60248 - "POST /ai/analyze-frame HTTP/1.1" 200 OK
2026-08-10 21:10:35,537 INFO sqlalchemy.engine.Engine BEGIN (implicit)
2026-08-10 21:10:35,538 INFO sqlalchemy.engine.Engine SELECT sessions.session_id AS sessions_session_id, sessions.class_id AS sessions_class_id, sessions.teacher_id AS sessions_teacher_id, sessions.start_time AS sessions_start_time, sessions.end_time AS sessions_end_time, sessions.is_active AS sessions_is_active 
FROM sessions 
WHERE sessions.class_id = ? AND sessions.is_active = 1
 LIMIT ? OFFSET ?
2026-08-10 21:10:35,538 INFO sqlalchemy.engine.Engine [cached since 4362s ago] (11, 1, 0)
2026-08-10 21:10:35,539 INFO sqlalchemy.engine.Engine ROLLBACK
INFO:     127.0.0.1:60248 - "POST /ai/analyze-frame HTTP/1.1" 200 OK
2026-08-10 21:10:37,530 INFO sqlalchemy.engine.Engine BEGIN (implicit)
2026-08-10 21:10:37,530 INFO sqlalchemy.engine.Engine SELECT sessions.session_id AS sessions_session_id, sessions.class_id AS sessions_class_id, sessions.teacher_id AS sessions_teacher_id, sessions.start_time AS sessions_start_time, sessions.end_time AS sessions_end_time, sessions.is_active AS sessions_is_active 
FROM sessions 
WHERE sessions.class_id = ? AND sessions.is_active = 1
 LIMIT ? OFFSET ?
2026-08-10 21:10:37,531 INFO sqlalchemy.engine.Engine [cached since 4364s ago] (11, 1, 0)
2026-08-10 21:10:37,531 INFO sqlalchemy.engine.Engine ROLLBACK
INFO:     127.0.0.1:60248 - "POST /ai/analyze-frame HTTP/1.1" 200 OK
2026-08-10 21:10:39,646 INFO sqlalchemy.engine.Engine BEGIN (implicit)
2026-08-10 21:10:39,647 INFO sqlalchemy.engine.Engine SELECT sessions.session_id AS sessions_session_id, sessions.class_id AS sessions_class_id, sessions.teacher_id AS sessions_teacher_id, sessions.start_time AS sessions_start_time, sessions.end_time AS sessions_end_time, sessions.is_active AS sessions_is_active 
FROM sessions 
WHERE sessions.class_id = ? AND sessions.is_active = 1
 LIMIT ? OFFSET ?
2026-08-10 21:10:39,647 INFO sqlalchemy.engine.Engine [cached since 4366s ago] (11, 1, 0)
2026-08-10 21:10:39,648 INFO sqlalchemy.engine.Engine ROLLBACK
INFO:     127.0.0.1:60248 - "POST /ai/analyze-frame HTTP/1.1" 200 OK
2026-08-10 21:10:41,530 INFO sqlalchemy.engine.Engine BEGIN (implicit)
2026-08-10 21:10:41,530 INFO sqlalchemy.engine.Engine SELECT sessions.session_id AS sessions_session_id, sessions.class_id AS sessions_class_id, sessions.teacher_id AS sessions_teacher_id, sessions.start_time AS sessions_start_time, sessions.end_time AS sessions_end_time, sessions.is_active AS sessions_is_active 
FROM sessions 
WHERE sessions.class_id = ? AND sessions.is_active = 1
 LIMIT ? OFFSET ?
2026-08-10 21:10:41,530 INFO sqlalchemy.engine.Engine [cached since 4368s ago] (11, 1, 0)
2026-08-10 21:10:41,531 INFO sqlalchemy.engine.Engine ROLLBACK
INFO:     127.0.0.1:60248 - "POST /ai/analyze-frame HTTP/1.1" 200 OK
2026-08-10 21:10:43,550 INFO sqlalchemy.engine.Engine BEGIN (implicit)
2026-08-10 21:10:43,550 INFO sqlalchemy.engine.Engine SELECT sessions.session_id AS sessions_session_id, sessions.class_id AS sessions_class_id, sessions.teacher_id AS sessions_teacher_id, sessions.start_time AS sessions_start_time, sessions.end_time AS sessions_end_time, sessions.is_active AS sessions_is_active 
FROM sessions 
WHERE sessions.class_id = ? AND sessions.is_active = 1
 LIMIT ? OFFSET ?
2026-08-10 21:10:43,550 INFO sqlalchemy.engine.Engine [cached since 4370s ago] (11, 1, 0)
2026-08-10 21:10:43,551 INFO sqlalchemy.engine.Engine ROLLBACK
INFO:     127.0.0.1:60248 - "POST /ai/analyze-frame HTTP/1.1" 200 OK
2026-08-10 21:10:45,528 INFO sqlalchemy.engine.Engine BEGIN (implicit)
2026-08-10 21:10:45,528 INFO sqlalchemy.engine.Engine SELECT sessions.session_id AS sessions_session_id, sessions.class_id AS sessions_class_id, sessions.teacher_id AS sessions_teacher_id, sessions.start_time AS sessions_start_time, sessions.end_time AS sessions_end_time, sessions.is_active AS sessions_is_active 
FROM sessions 
WHERE sessions.class_id = ? AND sessions.is_active = 1
 LIMIT ? OFFSET ?
2026-08-10 21:10:45,528 INFO sqlalchemy.engine.Engine [cached since 4372s ago] (11, 1, 0)
2026-08-10 21:10:45,529 INFO sqlalchemy.engine.Engine ROLLBACK
INFO:     127.0.0.1:60248 - "POST /ai/analyze-frame HTTP/1.1" 200 OK
2026-08-10 21:10:47,532 INFO sqlalchemy.engine.Engine BEGIN (implicit)
2026-08-10 21:10:47,532 INFO sqlalchemy.engine.Engine SELECT sessions.session_id AS sessions_session_id, sessions.class_id AS sessions_class_id, sessions.teacher_id AS sessions_teacher_id, sessions.start_time AS sessions_start_time, sessions.end_time AS sessions_end_time, sessions.is_active AS sessions_is_active 
FROM sessions 
WHERE sessions.class_id = ? AND sessions.is_active = 1
 LIMIT ? OFFSET ?
2026-08-10 21:10:47,532 INFO sqlalchemy.engine.Engine [cached since 4374s ago] (11, 1, 0)
2026-08-10 21:10:47,532 INFO sqlalchemy.engine.Engine ROLLBACK
INFO:     127.0.0.1:60248 - "POST /ai/analyze-frame HTTP/1.1" 200 OK
2026-08-10 21:10:49,674 INFO sqlalchemy.engine.Engine BEGIN (implicit)
2026-08-10 21:10:49,675 INFO sqlalchemy.engine.Engine SELECT sessions.session_id AS sessions_session_id, sessions.class_id AS sessions_class_id, sessions.teacher_id AS sessions_teacher_id, sessions.start_time AS sessions_start_time, sessions.end_time AS sessions_end_time, sessions.is_active AS sessions_is_active 
FROM sessions 
WHERE sessions.class_id = ? AND sessions.is_active = 1
 LIMIT ? OFFSET ?
2026-08-10 21:10:49,675 INFO sqlalchemy.engine.Engine [cached since 4376s ago] (11, 1, 0)
2026-08-10 21:10:49,676 INFO sqlalchemy.engine.Engine ROLLBACK
INFO:     127.0.0.1:60248 - "POST /ai/analyze-frame HTTP/1.1" 200 OK
2026-08-10 21:10:51,545 INFO sqlalchemy.engine.Engine BEGIN (implicit)
2026-08-10 21:10:51,546 INFO sqlalchemy.engine.Engine SELECT sessions.session_id AS sessions_session_id, sessions.class_id AS sessions_class_id, sessions.teacher_id AS sessions_teacher_id, sessions.start_time AS sessions_start_time, sessions.end_time AS sessions_end_time, sessions.is_active AS sessions_is_active 
FROM sessions 
WHERE sessions.class_id = ? AND sessions.is_active = 1
 LIMIT ? OFFSET ?
2026-08-10 21:10:51,546 INFO sqlalchemy.engine.Engine [cached since 4378s ago] (11, 1, 0)
2026-08-10 21:10:51,546 INFO sqlalchemy.engine.Engine ROLLBACK
INFO:     127.0.0.1:60248 - "POST /ai/analyze-frame HTTP/1.1" 200 OK
2026-08-10 21:10:53,536 INFO sqlalchemy.engine.Engine BEGIN (implicit)
2026-08-10 21:10:53,536 INFO sqlalchemy.engine.Engine SELECT sessions.session_id AS sessions_session_id, sessions.class_id AS sessions_class_id, sessions.teacher_id AS sessions_teacher_id, sessions.start_time AS sessions_start_time, sessions.end_time AS sessions_end_time, sessions.is_active AS sessions_is_active 
FROM sessions 
WHERE sessions.class_id = ? AND sessions.is_active = 1
 LIMIT ? OFFSET ?
2026-08-10 21:10:53,536 INFO sqlalchemy.engine.Engine [cached since 4380s ago] (11, 1, 0)
2026-08-10 21:10:53,537 INFO sqlalchemy.engine.Engine ROLLBACK
INFO:     127.0.0.1:60248 - "POST /ai/analyze-frame HTTP/1.1" 200 OK
2026-08-10 21:10:55,365 INFO sqlalchemy.engine.Engine BEGIN (implicit)
2026-08-10 21:10:55,365 INFO sqlalchemy.engine.Engine SELECT sessions.session_id AS sessions_session_id, sessions.class_id AS sessions_class_id, sessions.teacher_id AS sessions_teacher_id, sessions.start_time AS sessions_start_time, sessions.end_time AS sessions_end_time, sessions.is_active AS sessions_is_active 
FROM sessions 
WHERE sessions.class_id = ? AND sessions.is_active = 1
 LIMIT ? OFFSET ?
2026-08-10 21:10:55,365 INFO sqlalchemy.engine.Engine [cached since 4382s ago] (11, 1, 0)
2026-08-10 21:10:55,366 INFO sqlalchemy.engine.Engine ROLLBACK
INFO:     127.0.0.1:60248 - "POST /ai/analyze-frame HTTP/1.1" 200 OK
2026-08-10 21:10:56,747 INFO sqlalchemy.engine.Engine BEGIN (implicit)
2026-08-10 21:10:56,747 INFO sqlalchemy.engine.Engine SELECT sessions.session_id AS sessions_session_id, sessions.class_id AS sessions_class_id, sessions.teacher_id AS sessions_teacher_id, sessions.start_time AS sessions_start_time, sessions.end_time AS sessions_end_time, sessions.is_active AS sessions_is_active 
FROM sessions 
WHERE sessions.class_id = ? AND sessions.is_active = 1
 LIMIT ? OFFSET ?
2026-08-10 21:10:56,747 INFO sqlalchemy.engine.Engine [cached since 4383s ago] (11, 1, 0)
2026-08-10 21:10:56,748 INFO sqlalchemy.engine.Engine ROLLBACK
INFO:     127.0.0.1:60248 - "POST /ai/analyze-frame HTTP/1.1" 200 OK
E0000 00:00:1786376459.211160    5508 portable_clearcut_uploader.cc:90] 
Failed to send to clearcut: FAILED_PRECONDITION: Not valid for uploading 
until: 2026-08-10T15:52:59.185738584+00:00
=== Source Location Trace: === 
wireless/android/play/playlog/cplusplus/portable_clearcut_uploader.cc:180
2026-08-10 21:10:59,643 INFO sqlalchemy.engine.Engine BEGIN (implicit)
2026-08-10 21:10:59,644 INFO sqlalchemy.engine.Engine SELECT sessions.session_id AS sessions_session_id, sessions.class_id AS sessions_class_id, sessions.teacher_id AS sessions_teacher_id, sessions.start_time AS sessions_start_time, sessions.end_time AS sessions_end_time, sessions.is_active AS sessions_is_active 
FROM sessions 
WHERE sessions.class_id = ? AND sessions.is_active = 1
 LIMIT ? OFFSET ?
2026-08-10 21:10:59,644 INFO sqlalchemy.engine.Engine [cached since 4386s ago] (11, 1, 0)
2026-08-10 21:10:59,645 INFO sqlalchemy.engine.Engine ROLLBACK
INFO:     127.0.0.1:60248 - "POST /ai/analyze-frame HTTP/1.1" 200 OK
2026-08-10 21:11:01,525 INFO sqlalchemy.engine.Engine BEGIN (implicit)
2026-08-10 21:11:01,526 INFO sqlalchemy.engine.Engine SELECT sessions.session_id AS sessions_session_id, sessions.class_id AS sessions_class_id, sessions.teacher_id AS sessions_teacher_id, sessions.start_time AS sessions_start_time, sessions.end_time AS sessions_end_time, sessions.is_active AS sessions_is_active 
FROM sessions 
WHERE sessions.class_id = ? AND sessions.is_active = 1
 LIMIT ? OFFSET ?
2026-08-10 21:11:01,526 INFO sqlalchemy.engine.Engine [cached since 4388s ago] (11, 1, 0)
2026-08-10 21:11:01,526 INFO sqlalchemy.engine.Engine ROLLBACK
INFO:     127.0.0.1:60248 - "POST /ai/analyze-frame HTTP/1.1" 200 OK
2026-08-10 21:11:03,528 INFO sqlalchemy.engine.Engine BEGIN (implicit)
2026-08-10 21:11:03,529 INFO sqlalchemy.engine.Engine SELECT sessions.session_id AS sessions_session_id, sessions.class_id AS sessions_class_id, sessions.teacher_id AS sessions_teacher_id, sessions.start_time AS sessions_start_time, sessions.end_time AS sessions_end_time, sessions.is_active AS sessions_is_active 
FROM sessions 
WHERE sessions.class_id = ? AND sessions.is_active = 1
 LIMIT ? OFFSET ?
2026-08-10 21:11:03,529 INFO sqlalchemy.engine.Engine [cached since 4390s ago] (11, 1, 0)
2026-08-10 21:11:03,529 INFO sqlalchemy.engine.Engine ROLLBACK
INFO:     127.0.0.1:60248 - "POST /ai/analyze-frame HTTP/1.1" 200 OK
2026-08-10 21:11:05,538 INFO sqlalchemy.engine.Engine BEGIN (implicit)
2026-08-10 21:11:05,538 INFO sqlalchemy.engine.Engine SELECT sessions.session_id AS sessions_session_id, sessions.class_id AS sessions_class_id, sessions.teacher_id AS sessions_teacher_id, sessions.start_time AS sessions_start_time, sessions.end_time AS sessions_end_time, sessions.is_active AS sessions_is_active 
FROM sessions 
WHERE sessions.class_id = ? AND sessions.is_active = 1
 LIMIT ? OFFSET ?
2026-08-10 21:11:05,539 INFO sqlalchemy.engine.Engine [cached since 4392s ago] (11, 1, 0)
2026-08-10 21:11:05,539 INFO sqlalchemy.engine.Engine ROLLBACK
INFO:     127.0.0.1:60248 - "POST /ai/analyze-frame HTTP/1.1" 200 OK
2026-08-10 21:11:07,537 INFO sqlalchemy.engine.Engine BEGIN (implicit)
2026-08-10 21:11:07,538 INFO sqlalchemy.engine.Engine SELECT sessions.session_id AS sessions_session_id, sessions.class_id AS sessions_class_id, sessions.teacher_id AS sessions_teacher_id, sessions.start_time AS sessions_start_time, sessions.end_time AS sessions_end_time, sessions.is_active AS sessions_is_active 
FROM sessions 
WHERE sessions.class_id = ? AND sessions.is_active = 1
 LIMIT ? OFFSET ?
2026-08-10 21:11:07,538 INFO sqlalchemy.engine.Engine [cached since 4394s ago] (11, 1, 0)
2026-08-10 21:11:07,538 INFO sqlalchemy.engine.Engine ROLLBACK
INFO:     127.0.0.1:60248 - "POST /ai/analyze-frame HTTP/1.1" 200 OK
2026-08-10 21:11:09,621 INFO sqlalchemy.engine.Engine BEGIN (implicit)
2026-08-10 21:11:09,621 INFO sqlalchemy.engine.Engine SELECT sessions.session_id AS sessions_session_id, sessions.class_id AS sessions_class_id, sessions.teacher_id AS sessions_teacher_id, sessions.start_time AS sessions_start_time, sessions.end_time AS sessions_end_time, sessions.is_active AS sessions_is_active 
FROM sessions 
WHERE sessions.class_id = ? AND sessions.is_active = 1
 LIMIT ? OFFSET ?
2026-08-10 21:11:09,622 INFO sqlalchemy.engine.Engine [cached since 4396s ago] (11, 1, 0)
2026-08-10 21:11:09,622 INFO sqlalchemy.engine.Engine ROLLBACK
INFO:     127.0.0.1:60248 - "POST /ai/analyze-frame HTTP/1.1" 200 OK
2026-08-10 21:11:11,537 INFO sqlalchemy.engine.Engine BEGIN (implicit)
2026-08-10 21:11:11,537 INFO sqlalchemy.engine.Engine SELECT sessions.session_id AS sessions_session_id, sessions.class_id AS sessions_class_id, sessions.teacher_id AS sessions_teacher_id, sessions.start_time AS sessions_start_time, sessions.end_time AS sessions_end_time, sessions.is_active AS sessions_is_active 
FROM sessions 
WHERE sessions.class_id = ? AND sessions.is_active = 1
 LIMIT ? OFFSET ?
2026-08-10 21:11:11,537 INFO sqlalchemy.engine.Engine [cached since 4398s ago] (11, 1, 0)
2026-08-10 21:11:11,537 INFO sqlalchemy.engine.Engine ROLLBACK
INFO:     127.0.0.1:60248 - "POST /ai/analyze-frame HTTP/1.1" 200 OK
2026-08-10 21:11:13,530 INFO sqlalchemy.engine.Engine BEGIN (implicit)
2026-08-10 21:11:13,531 INFO sqlalchemy.engine.Engine SELECT sessions.session_id AS sessions_session_id, sessions.class_id AS sessions_class_id, sessions.teacher_id AS sessions_teacher_id, sessions.start_time AS sessions_start_time, sessions.end_time AS sessions_end_time, sessions.is_active AS sessions_is_active 
FROM sessions 
WHERE sessions.class_id = ? AND sessions.is_active = 1
 LIMIT ? OFFSET ?
2026-08-10 21:11:13,531 INFO sqlalchemy.engine.Engine [cached since 4400s ago] (11, 1, 0)
2026-08-10 21:11:13,531 INFO sqlalchemy.engine.Engine ROLLBACK
INFO:     127.0.0.1:60248 - "POST /ai/analyze-frame HTTP/1.1" 200 OK
2026-08-10 21:11:15,521 INFO sqlalchemy.engine.Engine BEGIN (implicit)
2026-08-10 21:11:15,521 INFO sqlalchemy.engine.Engine SELECT sessions.session_id AS sessions_session_id, sessions.class_id AS sessions_class_id, sessions.teacher_id AS sessions_teacher_id, sessions.start_time AS sessions_start_time, sessions.end_time AS sessions_end_time, sessions.is_active AS sessions_is_active 
FROM sessions 
WHERE sessions.class_id = ? AND sessions.is_active = 1
 LIMIT ? OFFSET ?
2026-08-10 21:11:15,521 INFO sqlalchemy.engine.Engine [cached since 4402s ago] (11, 1, 0)
2026-08-10 21:11:15,522 INFO sqlalchemy.engine.Engine ROLLBACK
INFO:     127.0.0.1:60248 - "POST /ai/analyze-frame HTTP/1.1" 200 OK
2026-08-10 21:11:17,541 INFO sqlalchemy.engine.Engine BEGIN (implicit)
2026-08-10 21:11:17,541 INFO sqlalchemy.engine.Engine SELECT sessions.session_id AS sessions_session_id, sessions.class_id AS sessions_class_id, sessions.teacher_id AS sessions_teacher_id, sessions.start_time AS sessions_start_time, sessions.end_time AS sessions_end_time, sessions.is_active AS sessions_is_active 
FROM sessions 
WHERE sessions.class_id = ? AND sessions.is_active = 1
 LIMIT ? OFFSET ?
2026-08-10 21:11:17,542 INFO sqlalchemy.engine.Engine [cached since 4404s ago] (11, 1, 0)
2026-08-10 21:11:17,542 INFO sqlalchemy.engine.Engine ROLLBACK
INFO:     127.0.0.1:60248 - "POST /ai/analyze-frame HTTP/1.1" 200 OK
E0000 00:00:1786376519.227460    5508 portable_clearcut_uploader.cc:90] 
Failed to send to clearcut: FAILED_PRECONDITION: Not valid for uploading 
until: 2026-08-10T15:52:59.185738584+00:00
=== Source Location Trace: === 
wireless/android/play/playlog/cplusplus/portable_clearcut_uploader.cc:180
E0000 00:00:1786376579.233834    5508 portable_clearcut_uploader.cc:90] 
Failed to send to clearcut: FAILED_PRECONDITION: Not valid for uploading 
until: 2026-08-10T15:52:59.185738584+00:00
=== Source Location Trace: === 
wireless/android/play/playlog/cplusplus/portable_clearcut_uploader.cc:180
E0000 00:00:1786376639.238268    5508 portable_clearcut_uploader.cc:90] 
Failed to send to clearcut: FAILED_PRECONDITION: Not valid for uploading 
until: 2026-08-10T15:52:59.185738584+00:00
=== Source Location Trace: === 
wireless/android/play/playlog/cplusplus/portable_clearcut_uploader.cc:180
E0000 00:00:1786376699.238580    5508 portable_clearcut_uploader.cc:90] 
Failed to send to clearcut: FAILED_PRECONDITION: Not valid for uploading 
until: 2026-08-10T15:52:59.185738584+00:00
=== Source Location Trace: === 
wireless/android/play/playlog/cplusplus/portable_clearcut_uploader.cc:180
E0000 00:00:1786376759.239164    5508 portable_clearcut_uploader.cc:90] 
Failed to send to clearcut: FAILED_PRECONDITION: Not valid for uploading 
until: 2026-08-10T15:52:59.185738584+00:00
=== Source Location Trace: === 
wireless/android/play/playlog/cplusplus/portable_clearcut_uploader.cc:180
INFO:     127.0.0.1:65053 - "GET /live-monitor HTTP/1.1" 200 OK
INFO:     127.0.0.1:16654 - "WebSocket /ws/classes/11/signaling" [accepted]
INFO:     connection open
2026-08-10 21:16:24,690 INFO sqlalchemy.engine.Engine BEGIN (implicit)
2026-08-10 21:16:24,691 INFO sqlalchemy.engine.Engine SELECT sessions.session_id AS sessions_session_id, sessions.class_id AS sessions_class_id, sessions.teacher_id AS sessions_teacher_id, sessions.start_time AS sessions_start_time, sessions.end_time AS sessions_end_time, sessions.is_active AS sessions_is_active 
FROM sessions 
WHERE sessions.class_id = ? AND sessions.is_active = 1
 LIMIT ? OFFSET ?
2026-08-10 21:16:24,691 INFO sqlalchemy.engine.Engine [cached since 4711s ago] (11, 1, 0)
2026-08-10 21:16:24,693 INFO sqlalchemy.engine.Engine INSERT INTO engagement_records (session_id, student_id, emotion, blink_count, head_pose, gaze, phone_detected, multiple_person, engagement_score, engagement_status, fps, extra_metrics, camera_status, internet_status, device_type) VALUES (?, ?, ?, ?, ?, ?, ?, ?, ?, ?, ?, ?, ?, ?, ?) RETURNING record_id, timestamp
2026-08-10 21:16:24,693 INFO sqlalchemy.engine.Engine [cached since 4711s ago] (16, 6, 'Neutral', 6, 'Looking Left', 'Center', 0, 0, 90.0, 'Engaged', None, None, None, None, None)
2026-08-10 21:16:24,702 INFO sqlalchemy.engine.Engine COMMIT
INFO:     127.0.0.1:23154 - "POST /ai/analyze-frame HTTP/1.1" 200 OK
2026-08-10 21:16:26,537 INFO sqlalchemy.engine.Engine BEGIN (implicit)
2026-08-10 21:16:26,538 INFO sqlalchemy.engine.Engine SELECT sessions.session_id AS sessions_session_id, sessions.class_id AS sessions_class_id, sessions.teacher_id AS sessions_teacher_id, sessions.start_time AS sessions_start_time, sessions.end_time AS sessions_end_time, sessions.is_active AS sessions_is_active 
FROM sessions 
WHERE sessions.class_id = ? AND sessions.is_active = 1
 LIMIT ? OFFSET ?
2026-08-10 21:16:26,538 INFO sqlalchemy.engine.Engine [cached since 4713s ago] (11, 1, 0)
2026-08-10 21:16:26,539 INFO sqlalchemy.engine.Engine INSERT INTO engagement_records (session_id, student_id, emotion, blink_count, head_pose, gaze, phone_detected, multiple_person, engagement_score, engagement_status, fps, extra_metrics, camera_status, internet_status, device_type) VALUES (?, ?, ?, ?, ?, ?, ?, ?, ?, ?, ?, ?, ?, ?, ?) RETURNING record_id, timestamp
2026-08-10 21:16:26,540 INFO sqlalchemy.engine.Engine [cached since 4713s ago] (16, 6, 'Neutral', 6, 'Looking Forward', 'Center', 0, 0, 100.0, 'Engaged', None, None, None, None, None)
2026-08-10 21:16:26,549 INFO sqlalchemy.engine.Engine COMMIT
INFO:     127.0.0.1:23154 - "POST /ai/analyze-frame HTTP/1.1" 200 OK
2026-08-10 21:16:28,538 INFO sqlalchemy.engine.Engine BEGIN (implicit)
2026-08-10 21:16:28,538 INFO sqlalchemy.engine.Engine SELECT sessions.session_id AS sessions_session_id, sessions.class_id AS sessions_class_id, sessions.teacher_id AS sessions_teacher_id, sessions.start_time AS sessions_start_time, sessions.end_time AS sessions_end_time, sessions.is_active AS sessions_is_active 
FROM sessions 
WHERE sessions.class_id = ? AND sessions.is_active = 1
 LIMIT ? OFFSET ?
2026-08-10 21:16:28,538 INFO sqlalchemy.engine.Engine [cached since 4715s ago] (11, 1, 0)
2026-08-10 21:16:28,540 INFO sqlalchemy.engine.Engine INSERT INTO engagement_records (session_id, student_id, emotion, blink_count, head_pose, gaze, phone_detected, multiple_person, engagement_score, engagement_status, fps, extra_metrics, camera_status, internet_status, device_type) VALUES (?, ?, ?, ?, ?, ?, ?, ?, ?, ?, ?, ?, ?, ?, ?) RETURNING record_id, timestamp
2026-08-10 21:16:28,540 INFO sqlalchemy.engine.Engine [cached since 4715s ago] (16, 6, 'Neutral', 6, 'Looking Forward', 'Center', 0, 0, 100.0, 'Engaged', None, None, None, None, None)
2026-08-10 21:16:28,549 INFO sqlalchemy.engine.Engine COMMIT
INFO:     127.0.0.1:23154 - "POST /ai/analyze-frame HTTP/1.1" 200 OK
2026-08-10 21:16:30,556 INFO sqlalchemy.engine.Engine BEGIN (implicit)
2026-08-10 21:16:30,556 INFO sqlalchemy.engine.Engine SELECT sessions.session_id AS sessions_session_id, sessions.class_id AS sessions_class_id, sessions.teacher_id AS sessions_teacher_id, sessions.start_time AS sessions_start_time, sessions.end_time AS sessions_end_time, sessions.is_active AS sessions_is_active 
FROM sessions 
WHERE sessions.class_id = ? AND sessions.is_active = 1
 LIMIT ? OFFSET ?
2026-08-10 21:16:30,557 INFO sqlalchemy.engine.Engine [cached since 4717s ago] (11, 1, 0)
2026-08-10 21:16:30,558 INFO sqlalchemy.engine.Engine INSERT INTO engagement_records (session_id, student_id, emotion, blink_count, head_pose, gaze, phone_detected, multiple_person, engagement_score, engagement_status, fps, extra_metrics, camera_status, internet_status, device_type) VALUES (?, ?, ?, ?, ?, ?, ?, ?, ?, ?, ?, ?, ?, ?, ?) RETURNING record_id, timestamp
2026-08-10 21:16:30,558 INFO sqlalchemy.engine.Engine [cached since 4717s ago] (16, 6, 'Neutral', 6, 'Looking Forward', 'Center', 0, 0, 100.0, 'Engaged', None, None, None, None, None)
2026-08-10 21:16:30,566 INFO sqlalchemy.engine.Engine COMMIT
INFO:     127.0.0.1:23154 - "POST /ai/analyze-frame HTTP/1.1" 200 OK
2026-08-10 21:16:32,554 INFO sqlalchemy.engine.Engine BEGIN (implicit)
2026-08-10 21:16:32,554 INFO sqlalchemy.engine.Engine SELECT sessions.session_id AS sessions_session_id, sessions.class_id AS sessions_class_id, sessions.teacher_id AS sessions_teacher_id, sessions.start_time AS sessions_start_time, sessions.end_time AS sessions_end_time, sessions.is_active AS sessions_is_active 
FROM sessions 
WHERE sessions.class_id = ? AND sessions.is_active = 1
 LIMIT ? OFFSET ?
2026-08-10 21:16:32,555 INFO sqlalchemy.engine.Engine [cached since 4719s ago] (11, 1, 0)
2026-08-10 21:16:32,557 INFO sqlalchemy.engine.Engine INSERT INTO engagement_records (session_id, student_id, emotion, blink_count, head_pose, gaze, phone_detected, multiple_person, engagement_score, engagement_status, fps, extra_metrics, camera_status, internet_status, device_type) VALUES (?, ?, ?, ?, ?, ?, ?, ?, ?, ?, ?, ?, ?, ?, ?) RETURNING record_id, timestamp
2026-08-10 21:16:32,558 INFO sqlalchemy.engine.Engine [cached since 4719s ago] (16, 6, 'Neutral', 7, 'Looking Right', 'Center', 0, 0, 90.0, 'Engaged', None, None, None, None, None)
2026-08-10 21:16:32,566 INFO sqlalchemy.engine.Engine COMMIT
INFO:     127.0.0.1:23154 - "POST /ai/analyze-frame HTTP/1.1" 200 OK
2026-08-10 21:16:34,680 INFO sqlalchemy.engine.Engine BEGIN (implicit)
2026-08-10 21:16:34,682 INFO sqlalchemy.engine.Engine SELECT sessions.session_id AS sessions_session_id, sessions.class_id AS sessions_class_id, sessions.teacher_id AS sessions_teacher_id, sessions.start_time AS sessions_start_time, sessions.end_time AS sessions_end_time, sessions.is_active AS sessions_is_active 
FROM sessions 
WHERE sessions.class_id = ? AND sessions.is_active = 1
 LIMIT ? OFFSET ?
2026-08-10 21:16:34,682 INFO sqlalchemy.engine.Engine [cached since 4721s ago] (11, 1, 0)
2026-08-10 21:16:34,684 INFO sqlalchemy.engine.Engine INSERT INTO engagement_records (session_id, student_id, emotion, blink_count, head_pose, gaze, phone_detected, multiple_person, engagement_score, engagement_status, fps, extra_metrics, camera_status, internet_status, device_type) VALUES (?, ?, ?, ?, ?, ?, ?, ?, ?, ?, ?, ?, ?, ?, ?) RETURNING record_id, timestamp
2026-08-10 21:16:34,684 INFO sqlalchemy.engine.Engine [cached since 4721s ago] (16, 6, 'Neutral', 7, 'Looking Forward', 'Center', 0, 0, 100.0, 'Engaged', None, None, None, None, None)
2026-08-10 21:16:34,692 INFO sqlalchemy.engine.Engine COMMIT
INFO:     127.0.0.1:23154 - "POST /ai/analyze-frame HTTP/1.1" 200 OK
2026-08-10 21:16:36,544 INFO sqlalchemy.engine.Engine BEGIN (implicit)
2026-08-10 21:16:36,545 INFO sqlalchemy.engine.Engine SELECT sessions.session_id AS sessions_session_id, sessions.class_id AS sessions_class_id, sessions.teacher_id AS sessions_teacher_id, sessions.start_time AS sessions_start_time, sessions.end_time AS sessions_end_time, sessions.is_active AS sessions_is_active 
FROM sessions 
WHERE sessions.class_id = ? AND sessions.is_active = 1
 LIMIT ? OFFSET ?
2026-08-10 21:16:36,545 INFO sqlalchemy.engine.Engine [cached since 4723s ago] (11, 1, 0)
2026-08-10 21:16:36,546 INFO sqlalchemy.engine.Engine INSERT INTO engagement_records (session_id, student_id, emotion, blink_count, head_pose, gaze, phone_detected, multiple_person, engagement_score, engagement_status, fps, extra_metrics, camera_status, internet_status, device_type) VALUES (?, ?, ?, ?, ?, ?, ?, ?, ?, ?, ?, ?, ?, ?, ?) RETURNING record_id, timestamp
2026-08-10 21:16:36,546 INFO sqlalchemy.engine.Engine [cached since 4723s ago] (16, 6, 'Neutral', 7, 'Looking Forward', 'Center', 0, 0, 100.0, 'Engaged', None, None, None, None, None)
2026-08-10 21:16:36,554 INFO sqlalchemy.engine.Engine COMMIT
INFO:     127.0.0.1:23154 - "POST /ai/analyze-frame HTTP/1.1" 200 OK
2026-08-10 21:16:38,513 INFO sqlalchemy.engine.Engine BEGIN (implicit)
2026-08-10 21:16:38,514 INFO sqlalchemy.engine.Engine SELECT sessions.session_id AS sessions_session_id, sessions.class_id AS sessions_class_id, sessions.teacher_id AS sessions_teacher_id, sessions.start_time AS sessions_start_time, sessions.end_time AS sessions_end_time, sessions.is_active AS sessions_is_active 
FROM sessions 
WHERE sessions.class_id = ? AND sessions.is_active = 1
 LIMIT ? OFFSET ?
2026-08-10 21:16:38,514 INFO sqlalchemy.engine.Engine [cached since 4725s ago] (11, 1, 0)
2026-08-10 21:16:38,515 INFO sqlalchemy.engine.Engine INSERT INTO engagement_records (session_id, student_id, emotion, blink_count, head_pose, gaze, phone_detected, multiple_person, engagement_score, engagement_status, fps, extra_metrics, camera_status, internet_status, device_type) VALUES (?, ?, ?, ?, ?, ?, ?, ?, ?, ?, ?, ?, ?, ?, ?) RETURNING record_id, timestamp
2026-08-10 21:16:38,515 INFO sqlalchemy.engine.Engine [cached since 4725s ago] (16, 6, 'Neutral', 7, 'Looking Left', 'Center', 0, 0, 90.0, 'Engaged', None, None, None, None, None)
2026-08-10 21:16:38,522 INFO sqlalchemy.engine.Engine COMMIT
INFO:     127.0.0.1:23154 - "POST /ai/analyze-frame HTTP/1.1" 200 OK
2026-08-10 21:16:40,517 INFO sqlalchemy.engine.Engine BEGIN (implicit)
2026-08-10 21:16:40,517 INFO sqlalchemy.engine.Engine SELECT sessions.session_id AS sessions_session_id, sessions.class_id AS sessions_class_id, sessions.teacher_id AS sessions_teacher_id, sessions.start_time AS sessions_start_time, sessions.end_time AS sessions_end_time, sessions.is_active AS sessions_is_active 
FROM sessions 
WHERE sessions.class_id = ? AND sessions.is_active = 1
 LIMIT ? OFFSET ?
2026-08-10 21:16:40,517 INFO sqlalchemy.engine.Engine [cached since 4727s ago] (11, 1, 0)
2026-08-10 21:16:40,518 INFO sqlalchemy.engine.Engine INSERT INTO engagement_records (session_id, student_id, emotion, blink_count, head_pose, gaze, phone_detected, multiple_person, engagement_score, engagement_status, fps, extra_metrics, camera_status, internet_status, device_type) VALUES (?, ?, ?, ?, ?, ?, ?, ?, ?, ?, ?, ?, ?, ?, ?) RETURNING record_id, timestamp
2026-08-10 21:16:40,518 INFO sqlalchemy.engine.Engine [cached since 4727s ago] (16, 6, 'Neutral', 7, 'Looking Right', 'Center', 0, 0, 90.0, 'Engaged', None, None, None, None, None)
2026-08-10 21:16:40,526 INFO sqlalchemy.engine.Engine COMMIT
INFO:     127.0.0.1:23154 - "POST /ai/analyze-frame HTTP/1.1" 200 OK
2026-08-10 21:16:42,514 INFO sqlalchemy.engine.Engine BEGIN (implicit)
2026-08-10 21:16:42,514 INFO sqlalchemy.engine.Engine SELECT sessions.session_id AS sessions_session_id, sessions.class_id AS sessions_class_id, sessions.teacher_id AS sessions_teacher_id, sessions.start_time AS sessions_start_time, sessions.end_time AS sessions_end_time, sessions.is_active AS sessions_is_active 
FROM sessions 
WHERE sessions.class_id = ? AND sessions.is_active = 1
 LIMIT ? OFFSET ?
2026-08-10 21:16:42,514 INFO sqlalchemy.engine.Engine [cached since 4729s ago] (11, 1, 0)
2026-08-10 21:16:42,515 INFO sqlalchemy.engine.Engine INSERT INTO engagement_records (session_id, student_id, emotion, blink_count, head_pose, gaze, phone_detected, multiple_person, engagement_score, engagement_status, fps, extra_metrics, camera_status, internet_status, device_type) VALUES (?, ?, ?, ?, ?, ?, ?, ?, ?, ?, ?, ?, ?, ?, ?) RETURNING record_id, timestamp
2026-08-10 21:16:42,515 INFO sqlalchemy.engine.Engine [cached since 4729s ago] (16, 6, 'Neutral', 7, 'Looking Right', 'Center', 0, 0, 90.0, 'Engaged', None, None, None, None, None)
2026-08-10 21:16:42,523 INFO sqlalchemy.engine.Engine COMMIT
INFO:     127.0.0.1:23154 - "POST /ai/analyze-frame HTTP/1.1" 200 OK
2026-08-10 21:16:44,675 INFO sqlalchemy.engine.Engine BEGIN (implicit)
2026-08-10 21:16:44,676 INFO sqlalchemy.engine.Engine SELECT sessions.session_id AS sessions_session_id, sessions.class_id AS sessions_class_id, sessions.teacher_id AS sessions_teacher_id, sessions.start_time AS sessions_start_time, sessions.end_time AS sessions_end_time, sessions.is_active AS sessions_is_active 
FROM sessions 
WHERE sessions.class_id = ? AND sessions.is_active = 1
 LIMIT ? OFFSET ?
2026-08-10 21:16:44,676 INFO sqlalchemy.engine.Engine [cached since 4731s ago] (11, 1, 0)
2026-08-10 21:16:44,677 INFO sqlalchemy.engine.Engine INSERT INTO engagement_records (session_id, student_id, emotion, blink_count, head_pose, gaze, phone_detected, multiple_person, engagement_score, engagement_status, fps, extra_metrics, camera_status, internet_status, device_type) VALUES (?, ?, ?, ?, ?, ?, ?, ?, ?, ?, ?, ?, ?, ?, ?) RETURNING record_id, timestamp
2026-08-10 21:16:44,677 INFO sqlalchemy.engine.Engine [cached since 4731s ago] (16, 6, 'Neutral', 7, 'Looking Right', 'Center', 0, 0, 90.0, 'Engaged', None, None, None, None, None)
2026-08-10 21:16:44,685 INFO sqlalchemy.engine.Engine COMMIT
INFO:     127.0.0.1:23154 - "POST /ai/analyze-frame HTTP/1.1" 200 OK
2026-08-10 21:16:46,539 INFO sqlalchemy.engine.Engine BEGIN (implicit)
2026-08-10 21:16:46,539 INFO sqlalchemy.engine.Engine SELECT sessions.session_id AS sessions_session_id, sessions.class_id AS sessions_class_id, sessions.teacher_id AS sessions_teacher_id, sessions.start_time AS sessions_start_time, sessions.end_time AS sessions_end_time, sessions.is_active AS sessions_is_active 
FROM sessions 
WHERE sessions.class_id = ? AND sessions.is_active = 1
 LIMIT ? OFFSET ?
2026-08-10 21:16:46,539 INFO sqlalchemy.engine.Engine [cached since 4733s ago] (11, 1, 0)
2026-08-10 21:16:46,540 INFO sqlalchemy.engine.Engine INSERT INTO engagement_records (session_id, student_id, emotion, blink_count, head_pose, gaze, phone_detected, multiple_person, engagement_score, engagement_status, fps, extra_metrics, camera_status, internet_status, device_type) VALUES (?, ?, ?, ?, ?, ?, ?, ?, ?, ?, ?, ?, ?, ?, ?) RETURNING record_id, timestamp
2026-08-10 21:16:46,540 INFO sqlalchemy.engine.Engine [cached since 4733s ago] (16, 6, 'Neutral', 7, 'Looking Forward', 'Center', 0, 0, 100.0, 'Engaged', None, None, None, None, None)
2026-08-10 21:16:46,547 INFO sqlalchemy.engine.Engine COMMIT
INFO:     127.0.0.1:23154 - "POST /ai/analyze-frame HTTP/1.1" 200 OK
2026-08-10 21:16:48,553 INFO sqlalchemy.engine.Engine BEGIN (implicit)
2026-08-10 21:16:48,555 INFO sqlalchemy.engine.Engine SELECT sessions.session_id AS sessions_session_id, sessions.class_id AS sessions_class_id, sessions.teacher_id AS sessions_teacher_id, sessions.start_time AS sessions_start_time, sessions.end_time AS sessions_end_time, sessions.is_active AS sessions_is_active 
FROM sessions 
WHERE sessions.class_id = ? AND sessions.is_active = 1
 LIMIT ? OFFSET ?
2026-08-10 21:16:48,555 INFO sqlalchemy.engine.Engine [cached since 4735s ago] (11, 1, 0)
2026-08-10 21:16:48,558 INFO sqlalchemy.engine.Engine INSERT INTO engagement_records (session_id, student_id, emotion, blink_count, head_pose, gaze, phone_detected, multiple_person, engagement_score, engagement_status, fps, extra_metrics, camera_status, internet_status, device_type) VALUES (?, ?, ?, ?, ?, ?, ?, ?, ?, ?, ?, ?, ?, ?, ?) RETURNING record_id, timestamp
2026-08-10 21:16:48,558 INFO sqlalchemy.engine.Engine [cached since 4735s ago] (16, 6, 'Neutral', 7, 'Looking Right', 'Center', 0, 0, 90.0, 'Engaged', None, None, None, None, None)
2026-08-10 21:16:48,566 INFO sqlalchemy.engine.Engine COMMIT
INFO:     127.0.0.1:23154 - "POST /ai/analyze-frame HTTP/1.1" 200 OK
2026-08-10 21:16:50,551 INFO sqlalchemy.engine.Engine BEGIN (implicit)
2026-08-10 21:16:50,553 INFO sqlalchemy.engine.Engine SELECT sessions.session_id AS sessions_session_id, sessions.class_id AS sessions_class_id, sessions.teacher_id AS sessions_teacher_id, sessions.start_time AS sessions_start_time, sessions.end_time AS sessions_end_time, sessions.is_active AS sessions_is_active 
FROM sessions 
WHERE sessions.class_id = ? AND sessions.is_active = 1
 LIMIT ? OFFSET ?
2026-08-10 21:16:50,554 INFO sqlalchemy.engine.Engine [cached since 4737s ago] (11, 1, 0)
2026-08-10 21:16:50,556 INFO sqlalchemy.engine.Engine INSERT INTO engagement_records (session_id, student_id, emotion, blink_count, head_pose, gaze, phone_detected, multiple_person, engagement_score, engagement_status, fps, extra_metrics, camera_status, internet_status, device_type) VALUES (?, ?, ?, ?, ?, ?, ?, ?, ?, ?, ?, ?, ?, ?, ?) RETURNING record_id, timestamp
2026-08-10 21:16:50,557 INFO sqlalchemy.engine.Engine [cached since 4737s ago] (16, 6, 'Neutral', 7, 'Looking Left', 'Center', 0, 0, 90.0, 'Engaged', None, None, None, None, None)
2026-08-10 21:16:50,560 INFO sqlalchemy.engine.Engine COMMIT
INFO:     127.0.0.1:23154 - "POST /ai/analyze-frame HTTP/1.1" 200 OK
2026-08-10 21:16:52,520 INFO sqlalchemy.engine.Engine BEGIN (implicit)
2026-08-10 21:16:52,520 INFO sqlalchemy.engine.Engine SELECT sessions.session_id AS sessions_session_id, sessions.class_id AS sessions_class_id, sessions.teacher_id AS sessions_teacher_id, sessions.start_time AS sessions_start_time, sessions.end_time AS sessions_end_time, sessions.is_active AS sessions_is_active 
FROM sessions 
WHERE sessions.class_id = ? AND sessions.is_active = 1
 LIMIT ? OFFSET ?
2026-08-10 21:16:52,520 INFO sqlalchemy.engine.Engine [cached since 4739s ago] (11, 1, 0)
2026-08-10 21:16:52,521 INFO sqlalchemy.engine.Engine INSERT INTO engagement_records (session_id, student_id, emotion, blink_count, head_pose, gaze, phone_detected, multiple_person, engagement_score, engagement_status, fps, extra_metrics, camera_status, internet_status, device_type) VALUES (?, ?, ?, ?, ?, ?, ?, ?, ?, ?, ?, ?, ?, ?, ?) RETURNING record_id, timestamp
2026-08-10 21:16:52,521 INFO sqlalchemy.engine.Engine [cached since 4739s ago] (16, 6, 'Neutral', 7, 'Looking Forward', 'Center', 0, 0, 100.0, 'Engaged', None, None, None, None, None)
2026-08-10 21:16:52,528 INFO sqlalchemy.engine.Engine COMMIT
INFO:     127.0.0.1:23154 - "POST /ai/analyze-frame HTTP/1.1" 200 OK
2026-08-10 21:16:54,696 INFO sqlalchemy.engine.Engine BEGIN (implicit)
2026-08-10 21:16:54,697 INFO sqlalchemy.engine.Engine SELECT sessions.session_id AS sessions_session_id, sessions.class_id AS sessions_class_id, sessions.teacher_id AS sessions_teacher_id, sessions.start_time AS sessions_start_time, sessions.end_time AS sessions_end_time, sessions.is_active AS sessions_is_active 
FROM sessions 
WHERE sessions.class_id = ? AND sessions.is_active = 1
 LIMIT ? OFFSET ?
2026-08-10 21:16:54,697 INFO sqlalchemy.engine.Engine [cached since 4741s ago] (11, 1, 0)
2026-08-10 21:16:54,698 INFO sqlalchemy.engine.Engine INSERT INTO engagement_records (session_id, student_id, emotion, blink_count, head_pose, gaze, phone_detected, multiple_person, engagement_score, engagement_status, fps, extra_metrics, camera_status, internet_status, device_type) VALUES (?, ?, ?, ?, ?, ?, ?, ?, ?, ?, ?, ?, ?, ?, ?) RETURNING record_id, timestamp
2026-08-10 21:16:54,698 INFO sqlalchemy.engine.Engine [cached since 4741s ago] (16, 6, 'Neutral', 8, 'Looking Forward', 'Center', 0, 1, 70.0, 'Engaged', None, None, None, None, None)
2026-08-10 21:16:54,706 INFO sqlalchemy.engine.Engine COMMIT
INFO:     127.0.0.1:23154 - "POST /ai/analyze-frame HTTP/1.1" 200 OK
2026-08-10 21:16:56,541 INFO sqlalchemy.engine.Engine BEGIN (implicit)
2026-08-10 21:16:56,542 INFO sqlalchemy.engine.Engine SELECT sessions.session_id AS sessions_session_id, sessions.class_id AS sessions_class_id, sessions.teacher_id AS sessions_teacher_id, sessions.start_time AS sessions_start_time, sessions.end_time AS sessions_end_time, sessions.is_active AS sessions_is_active 
FROM sessions 
WHERE sessions.class_id = ? AND sessions.is_active = 1
 LIMIT ? OFFSET ?
2026-08-10 21:16:56,542 INFO sqlalchemy.engine.Engine [cached since 4743s ago] (11, 1, 0)
2026-08-10 21:16:56,543 INFO sqlalchemy.engine.Engine INSERT INTO engagement_records (session_id, student_id, emotion, blink_count, head_pose, gaze, phone_detected, multiple_person, engagement_score, engagement_status, fps, extra_metrics, camera_status, internet_status, device_type) VALUES (?, ?, ?, ?, ?, ?, ?, ?, ?, ?, ?, ?, ?, ?, ?) RETURNING record_id, timestamp
2026-08-10 21:16:56,543 INFO sqlalchemy.engine.Engine [cached since 4743s ago] (16, 6, 'Neutral', 8, 'Looking Left', 'Center', 0, 1, 60.0, 'Distracted', None, None, None, None, None)
2026-08-10 21:16:56,550 INFO sqlalchemy.engine.Engine COMMIT
INFO:     127.0.0.1:23154 - "POST /ai/analyze-frame HTTP/1.1" 200 OK
2026-08-10 21:16:58,544 INFO sqlalchemy.engine.Engine BEGIN (implicit)
2026-08-10 21:16:58,545 INFO sqlalchemy.engine.Engine SELECT sessions.session_id AS sessions_session_id, sessions.class_id AS sessions_class_id, sessions.teacher_id AS sessions_teacher_id, sessions.start_time AS sessions_start_time, sessions.end_time AS sessions_end_time, sessions.is_active AS sessions_is_active 
FROM sessions 
WHERE sessions.class_id = ? AND sessions.is_active = 1
 LIMIT ? OFFSET ?
2026-08-10 21:16:58,545 INFO sqlalchemy.engine.Engine [cached since 4745s ago] (11, 1, 0)
2026-08-10 21:16:58,545 INFO sqlalchemy.engine.Engine INSERT INTO engagement_records (session_id, student_id, emotion, blink_count, head_pose, gaze, phone_detected, multiple_person, engagement_score, engagement_status, fps, extra_metrics, camera_status, internet_status, device_type) VALUES (?, ?, ?, ?, ?, ?, ?, ?, ?, ?, ?, ?, ?, ?, ?) RETURNING record_id, timestamp
2026-08-10 21:16:58,545 INFO sqlalchemy.engine.Engine [cached since 4745s ago] (16, 6, 'Neutral', 8, 'Looking Left', 'Center', 0, 1, 60.0, 'Distracted', None, None, None, None, None)
2026-08-10 21:16:58,547 INFO sqlalchemy.engine.Engine COMMIT
INFO:     127.0.0.1:23154 - "POST /ai/analyze-frame HTTP/1.1" 200 OK
E0000 00:00:1786376819.249480    5508 portable_clearcut_uploader.cc:90] 
Failed to send to clearcut: FAILED_PRECONDITION: Not valid for uploading 
until: 2026-08-10T15:52:59.185738584+00:00
=== Source Location Trace: === 
wireless/android/play/playlog/cplusplus/portable_clearcut_uploader.cc:180
2026-08-10 21:17:00,549 INFO sqlalchemy.engine.Engine BEGIN (implicit)
2026-08-10 21:17:00,549 INFO sqlalchemy.engine.Engine SELECT sessions.session_id AS sessions_session_id, sessions.class_id AS sessions_class_id, sessions.teacher_id AS sessions_teacher_id, sessions.start_time AS sessions_start_time, sessions.end_time AS sessions_end_time, sessions.is_active AS sessions_is_active 
FROM sessions 
WHERE sessions.class_id = ? AND sessions.is_active = 1
 LIMIT ? OFFSET ?
2026-08-10 21:17:00,549 INFO sqlalchemy.engine.Engine [cached since 4747s ago] (11, 1, 0)
2026-08-10 21:17:00,551 INFO sqlalchemy.engine.Engine INSERT INTO engagement_records (session_id, student_id, emotion, blink_count, head_pose, gaze, phone_detected, multiple_person, engagement_score, engagement_status, fps, extra_metrics, camera_status, internet_status, device_type) VALUES (?, ?, ?, ?, ?, ?, ?, ?, ?, ?, ?, ?, ?, ?, ?) RETURNING record_id, timestamp
2026-08-10 21:17:00,551 INFO sqlalchemy.engine.Engine [cached since 4747s ago] (16, 6, 'Neutral', 8, 'Looking Left', 'Center', 0, 1, 60.0, 'Distracted', None, None, None, None, None)
2026-08-10 21:17:00,553 INFO sqlalchemy.engine.Engine COMMIT
INFO:     127.0.0.1:23154 - "POST /ai/analyze-frame HTTP/1.1" 200 OK
2026-08-10 21:17:02,524 INFO sqlalchemy.engine.Engine BEGIN (implicit)
2026-08-10 21:17:02,525 INFO sqlalchemy.engine.Engine SELECT sessions.session_id AS sessions_session_id, sessions.class_id AS sessions_class_id, sessions.teacher_id AS sessions_teacher_id, sessions.start_time AS sessions_start_time, sessions.end_time AS sessions_end_time, sessions.is_active AS sessions_is_active 
FROM sessions 
WHERE sessions.class_id = ? AND sessions.is_active = 1
 LIMIT ? OFFSET ?
2026-08-10 21:17:02,525 INFO sqlalchemy.engine.Engine [cached since 4749s ago] (11, 1, 0)
2026-08-10 21:17:02,526 INFO sqlalchemy.engine.Engine INSERT INTO engagement_records (session_id, student_id, emotion, blink_count, head_pose, gaze, phone_detected, multiple_person, engagement_score, engagement_status, fps, extra_metrics, camera_status, internet_status, device_type) VALUES (?, ?, ?, ?, ?, ?, ?, ?, ?, ?, ?, ?, ?, ?, ?) RETURNING record_id, timestamp
2026-08-10 21:17:02,526 INFO sqlalchemy.engine.Engine [cached since 4749s ago] (16, 6, 'Neutral', 8, 'Looking Up', 'Center', 0, 1, 60.0, 'Distracted', None, None, None, None, None)
2026-08-10 21:17:02,527 INFO sqlalchemy.engine.Engine COMMIT
INFO:     127.0.0.1:23154 - "POST /ai/analyze-frame HTTP/1.1" 200 OK
2026-08-10 21:17:04,637 INFO sqlalchemy.engine.Engine BEGIN (implicit)
2026-08-10 21:17:04,637 INFO sqlalchemy.engine.Engine SELECT sessions.session_id AS sessions_session_id, sessions.class_id AS sessions_class_id, sessions.teacher_id AS sessions_teacher_id, sessions.start_time AS sessions_start_time, sessions.end_time AS sessions_end_time, sessions.is_active AS sessions_is_active 
FROM sessions 
WHERE sessions.class_id = ? AND sessions.is_active = 1
 LIMIT ? OFFSET ?
2026-08-10 21:17:04,637 INFO sqlalchemy.engine.Engine [cached since 4751s ago] (11, 1, 0)
2026-08-10 21:17:04,638 INFO sqlalchemy.engine.Engine INSERT INTO engagement_records (session_id, student_id, emotion, blink_count, head_pose, gaze, phone_detected, multiple_person, engagement_score, engagement_status, fps, extra_metrics, camera_status, internet_status, device_type) VALUES (?, ?, ?, ?, ?, ?, ?, ?, ?, ?, ?, ?, ?, ?, ?) RETURNING record_id, timestamp
2026-08-10 21:17:04,638 INFO sqlalchemy.engine.Engine [cached since 4751s ago] (16, 6, 'Neutral', 8, 'Looking Left', 'Center', 0, 1, 60.0, 'Distracted', None, None, None, None, None)
2026-08-10 21:17:04,646 INFO sqlalchemy.engine.Engine COMMIT
INFO:     127.0.0.1:23154 - "POST /ai/analyze-frame HTTP/1.1" 200 OK
2026-08-10 21:17:06,535 INFO sqlalchemy.engine.Engine BEGIN (implicit)
2026-08-10 21:17:06,535 INFO sqlalchemy.engine.Engine SELECT sessions.session_id AS sessions_session_id, sessions.class_id AS sessions_class_id, sessions.teacher_id AS sessions_teacher_id, sessions.start_time AS sessions_start_time, sessions.end_time AS sessions_end_time, sessions.is_active AS sessions_is_active 
FROM sessions 
WHERE sessions.class_id = ? AND sessions.is_active = 1
 LIMIT ? OFFSET ?
2026-08-10 21:17:06,535 INFO sqlalchemy.engine.Engine [cached since 4753s ago] (11, 1, 0)
2026-08-10 21:17:06,536 INFO sqlalchemy.engine.Engine INSERT INTO engagement_records (session_id, student_id, emotion, blink_count, head_pose, gaze, phone_detected, multiple_person, engagement_score, engagement_status, fps, extra_metrics, camera_status, internet_status, device_type) VALUES (?, ?, ?, ?, ?, ?, ?, ?, ?, ?, ?, ?, ?, ?, ?) RETURNING record_id, timestamp
2026-08-10 21:17:06,536 INFO sqlalchemy.engine.Engine [cached since 4753s ago] (16, 6, 'Neutral', 8, 'Looking Left', 'Center', 0, 1, 60.0, 'Distracted', None, None, None, None, None)
2026-08-10 21:17:06,544 INFO sqlalchemy.engine.Engine COMMIT
INFO:     127.0.0.1:23154 - "POST /ai/analyze-frame HTTP/1.1" 200 OK
2026-08-10 21:17:08,515 INFO sqlalchemy.engine.Engine BEGIN (implicit)
2026-08-10 21:17:08,515 INFO sqlalchemy.engine.Engine SELECT sessions.session_id AS sessions_session_id, sessions.class_id AS sessions_class_id, sessions.teacher_id AS sessions_teacher_id, sessions.start_time AS sessions_start_time, sessions.end_time AS sessions_end_time, sessions.is_active AS sessions_is_active 
FROM sessions 
WHERE sessions.class_id = ? AND sessions.is_active = 1
 LIMIT ? OFFSET ?
2026-08-10 21:17:08,515 INFO sqlalchemy.engine.Engine [cached since 4755s ago] (11, 1, 0)
2026-08-10 21:17:08,516 INFO sqlalchemy.engine.Engine INSERT INTO engagement_records (session_id, student_id, emotion, blink_count, head_pose, gaze, phone_detected, multiple_person, engagement_score, engagement_status, fps, extra_metrics, camera_status, internet_status, device_type) VALUES (?, ?, ?, ?, ?, ?, ?, ?, ?, ?, ?, ?, ?, ?, ?) RETURNING record_id, timestamp
2026-08-10 21:17:08,516 INFO sqlalchemy.engine.Engine [cached since 4755s ago] (16, 6, 'Neutral', 8, 'Looking Left', 'Center', 0, 1, 60.0, 'Distracted', None, None, None, None, None)
2026-08-10 21:17:08,523 INFO sqlalchemy.engine.Engine COMMIT
INFO:     127.0.0.1:23154 - "POST /ai/analyze-frame HTTP/1.1" 200 OK
2026-08-10 21:17:10,531 INFO sqlalchemy.engine.Engine BEGIN (implicit)
2026-08-10 21:17:10,532 INFO sqlalchemy.engine.Engine SELECT sessions.session_id AS sessions_session_id, sessions.class_id AS sessions_class_id, sessions.teacher_id AS sessions_teacher_id, sessions.start_time AS sessions_start_time, sessions.end_time AS sessions_end_time, sessions.is_active AS sessions_is_active 
FROM sessions 
WHERE sessions.class_id = ? AND sessions.is_active = 1
 LIMIT ? OFFSET ?
2026-08-10 21:17:10,532 INFO sqlalchemy.engine.Engine [cached since 4757s ago] (11, 1, 0)
2026-08-10 21:17:10,533 INFO sqlalchemy.engine.Engine INSERT INTO engagement_records (session_id, student_id, emotion, blink_count, head_pose, gaze, phone_detected, multiple_person, engagement_score, engagement_status, fps, extra_metrics, camera_status, internet_status, device_type) VALUES (?, ?, ?, ?, ?, ?, ?, ?, ?, ?, ?, ?, ?, ?, ?) RETURNING record_id, timestamp
2026-08-10 21:17:10,533 INFO sqlalchemy.engine.Engine [cached since 4757s ago] (16, 6, 'Neutral', 8, 'Looking Left', 'Center', 0, 1, 60.0, 'Distracted', None, None, None, None, None)
2026-08-10 21:17:10,541 INFO sqlalchemy.engine.Engine COMMIT
INFO:     127.0.0.1:23154 - "POST /ai/analyze-frame HTTP/1.1" 200 OK
2026-08-10 21:17:12,529 INFO sqlalchemy.engine.Engine BEGIN (implicit)
2026-08-10 21:17:12,529 INFO sqlalchemy.engine.Engine SELECT sessions.session_id AS sessions_session_id, sessions.class_id AS sessions_class_id, sessions.teacher_id AS sessions_teacher_id, sessions.start_time AS sessions_start_time, sessions.end_time AS sessions_end_time, sessions.is_active AS sessions_is_active 
FROM sessions 
WHERE sessions.class_id = ? AND sessions.is_active = 1
 LIMIT ? OFFSET ?
2026-08-10 21:17:12,529 INFO sqlalchemy.engine.Engine [cached since 4759s ago] (11, 1, 0)
2026-08-10 21:17:12,530 INFO sqlalchemy.engine.Engine INSERT INTO engagement_records (session_id, student_id, emotion, blink_count, head_pose, gaze, phone_detected, multiple_person, engagement_score, engagement_status, fps, extra_metrics, camera_status, internet_status, device_type) VALUES (?, ?, ?, ?, ?, ?, ?, ?, ?, ?, ?, ?, ?, ?, ?) RETURNING record_id, timestamp
2026-08-10 21:17:12,530 INFO sqlalchemy.engine.Engine [cached since 4759s ago] (16, 6, 'Neutral', 8, 'Looking Forward', 'Center', 0, 1, 70.0, 'Engaged', None, None, None, None, None)
2026-08-10 21:17:12,532 INFO sqlalchemy.engine.Engine COMMIT
INFO:     127.0.0.1:23154 - "POST /ai/analyze-frame HTTP/1.1" 200 OK
2026-08-10 21:17:14,657 INFO sqlalchemy.engine.Engine BEGIN (implicit)
2026-08-10 21:17:14,657 INFO sqlalchemy.engine.Engine SELECT sessions.session_id AS sessions_session_id, sessions.class_id AS sessions_class_id, sessions.teacher_id AS sessions_teacher_id, sessions.start_time AS sessions_start_time, sessions.end_time AS sessions_end_time, sessions.is_active AS sessions_is_active 
FROM sessions 
WHERE sessions.class_id = ? AND sessions.is_active = 1
 LIMIT ? OFFSET ?
2026-08-10 21:17:14,658 INFO sqlalchemy.engine.Engine [cached since 4761s ago] (11, 1, 0)
2026-08-10 21:17:14,659 INFO sqlalchemy.engine.Engine INSERT INTO engagement_records (session_id, student_id, emotion, blink_count, head_pose, gaze, phone_detected, multiple_person, engagement_score, engagement_status, fps, extra_metrics, camera_status, internet_status, device_type) VALUES (?, ?, ?, ?, ?, ?, ?, ?, ?, ?, ?, ?, ?, ?, ?) RETURNING record_id, timestamp
2026-08-10 21:17:14,659 INFO sqlalchemy.engine.Engine [cached since 4761s ago] (16, 6, 'Neutral', 9, 'Looking Left', 'Center', 0, 0, 90.0, 'Engaged', None, None, None, None, None)
2026-08-10 21:17:14,668 INFO sqlalchemy.engine.Engine COMMIT
INFO:     127.0.0.1:23154 - "POST /ai/analyze-frame HTTP/1.1" 200 OK
2026-08-10 21:17:16,537 INFO sqlalchemy.engine.Engine BEGIN (implicit)
2026-08-10 21:17:16,538 INFO sqlalchemy.engine.Engine SELECT sessions.session_id AS sessions_session_id, sessions.class_id AS sessions_class_id, sessions.teacher_id AS sessions_teacher_id, sessions.start_time AS sessions_start_time, sessions.end_time AS sessions_end_time, sessions.is_active AS sessions_is_active 
FROM sessions 
WHERE sessions.class_id = ? AND sessions.is_active = 1
 LIMIT ? OFFSET ?
2026-08-10 21:17:16,538 INFO sqlalchemy.engine.Engine [cached since 4763s ago] (11, 1, 0)
2026-08-10 21:17:16,539 INFO sqlalchemy.engine.Engine INSERT INTO engagement_records (session_id, student_id, emotion, blink_count, head_pose, gaze, phone_detected, multiple_person, engagement_score, engagement_status, fps, extra_metrics, camera_status, internet_status, device_type) VALUES (?, ?, ?, ?, ?, ?, ?, ?, ?, ?, ?, ?, ?, ?, ?) RETURNING record_id, timestamp
2026-08-10 21:17:16,539 INFO sqlalchemy.engine.Engine [cached since 4763s ago] (16, 6, 'Neutral', 9, 'Looking Left', 'Center', 0, 0, 90.0, 'Engaged', None, None, None, None, None)
2026-08-10 21:17:16,547 INFO sqlalchemy.engine.Engine COMMIT
INFO:     127.0.0.1:23154 - "POST /ai/analyze-frame HTTP/1.1" 200 OK
2026-08-10 21:17:18,535 INFO sqlalchemy.engine.Engine BEGIN (implicit)
2026-08-10 21:17:18,535 INFO sqlalchemy.engine.Engine SELECT sessions.session_id AS sessions_session_id, sessions.class_id AS sessions_class_id, sessions.teacher_id AS sessions_teacher_id, sessions.start_time AS sessions_start_time, sessions.end_time AS sessions_end_time, sessions.is_active AS sessions_is_active 
FROM sessions 
WHERE sessions.class_id = ? AND sessions.is_active = 1
 LIMIT ? OFFSET ?
2026-08-10 21:17:18,535 INFO sqlalchemy.engine.Engine [cached since 4765s ago] (11, 1, 0)
2026-08-10 21:17:18,536 INFO sqlalchemy.engine.Engine INSERT INTO engagement_records (session_id, student_id, emotion, blink_count, head_pose, gaze, phone_detected, multiple_person, engagement_score, engagement_status, fps, extra_metrics, camera_status, internet_status, device_type) VALUES (?, ?, ?, ?, ?, ?, ?, ?, ?, ?, ?, ?, ?, ?, ?) RETURNING record_id, timestamp
2026-08-10 21:17:18,536 INFO sqlalchemy.engine.Engine [cached since 4765s ago] (16, 6, 'Neutral', 9, 'Looking Left', 'Center', 0, 0, 90.0, 'Engaged', None, None, None, None, None)
2026-08-10 21:17:18,544 INFO sqlalchemy.engine.Engine COMMIT
INFO:     127.0.0.1:23154 - "POST /ai/analyze-frame HTTP/1.1" 200 OK
2026-08-10 21:17:20,537 INFO sqlalchemy.engine.Engine BEGIN (implicit)
2026-08-10 21:17:20,537 INFO sqlalchemy.engine.Engine SELECT sessions.session_id AS sessions_session_id, sessions.class_id AS sessions_class_id, sessions.teacher_id AS sessions_teacher_id, sessions.start_time AS sessions_start_time, sessions.end_time AS sessions_end_time, sessions.is_active AS sessions_is_active 
FROM sessions 
WHERE sessions.class_id = ? AND sessions.is_active = 1
 LIMIT ? OFFSET ?
2026-08-10 21:17:20,538 INFO sqlalchemy.engine.Engine [cached since 4767s ago] (11, 1, 0)
2026-08-10 21:17:20,538 INFO sqlalchemy.engine.Engine INSERT INTO engagement_records (session_id, student_id, emotion, blink_count, head_pose, gaze, phone_detected, multiple_person, engagement_score, engagement_status, fps, extra_metrics, camera_status, internet_status, device_type) VALUES (?, ?, ?, ?, ?, ?, ?, ?, ?, ?, ?, ?, ?, ?, ?) RETURNING record_id, timestamp
2026-08-10 21:17:20,538 INFO sqlalchemy.engine.Engine [cached since 4767s ago] (16, 6, 'Neutral', 9, 'Looking Left', 'Center', 0, 0, 90.0, 'Engaged', None, None, None, None, None)
2026-08-10 21:17:20,540 INFO sqlalchemy.engine.Engine COMMIT
INFO:     127.0.0.1:23154 - "POST /ai/analyze-frame HTTP/1.1" 200 OK
2026-08-10 21:17:22,547 INFO sqlalchemy.engine.Engine BEGIN (implicit)
2026-08-10 21:17:22,547 INFO sqlalchemy.engine.Engine SELECT sessions.session_id AS sessions_session_id, sessions.class_id AS sessions_class_id, sessions.teacher_id AS sessions_teacher_id, sessions.start_time AS sessions_start_time, sessions.end_time AS sessions_end_time, sessions.is_active AS sessions_is_active 
FROM sessions 
WHERE sessions.class_id = ? AND sessions.is_active = 1
 LIMIT ? OFFSET ?
2026-08-10 21:17:22,548 INFO sqlalchemy.engine.Engine [cached since 4769s ago] (11, 1, 0)
2026-08-10 21:17:22,549 INFO sqlalchemy.engine.Engine INSERT INTO engagement_records (session_id, student_id, emotion, blink_count, head_pose, gaze, phone_detected, multiple_person, engagement_score, engagement_status, fps, extra_metrics, camera_status, internet_status, device_type) VALUES (?, ?, ?, ?, ?, ?, ?, ?, ?, ?, ?, ?, ?, ?, ?) RETURNING record_id, timestamp
2026-08-10 21:17:22,550 INFO sqlalchemy.engine.Engine [cached since 4769s ago] (16, 6, 'Neutral', 9, 'Looking Forward', 'Center', 0, 0, 100.0, 'Engaged', None, None, None, None, None)
2026-08-10 21:17:22,558 INFO sqlalchemy.engine.Engine COMMIT
INFO:     127.0.0.1:59137 - "POST /ai/analyze-frame HTTP/1.1" 200 OK
2026-08-10 21:17:24,675 INFO sqlalchemy.engine.Engine BEGIN (implicit)
2026-08-10 21:17:24,676 INFO sqlalchemy.engine.Engine SELECT sessions.session_id AS sessions_session_id, sessions.class_id AS sessions_class_id, sessions.teacher_id AS sessions_teacher_id, sessions.start_time AS sessions_start_time, sessions.end_time AS sessions_end_time, sessions.is_active AS sessions_is_active 
FROM sessions 
WHERE sessions.class_id = ? AND sessions.is_active = 1
 LIMIT ? OFFSET ?
2026-08-10 21:17:24,676 INFO sqlalchemy.engine.Engine [cached since 4771s ago] (11, 1, 0)
2026-08-10 21:17:24,677 INFO sqlalchemy.engine.Engine INSERT INTO engagement_records (session_id, student_id, emotion, blink_count, head_pose, gaze, phone_detected, multiple_person, engagement_score, engagement_status, fps, extra_metrics, camera_status, internet_status, device_type) VALUES (?, ?, ?, ?, ?, ?, ?, ?, ?, ?, ?, ?, ?, ?, ?) RETURNING record_id, timestamp
2026-08-10 21:17:24,677 INFO sqlalchemy.engine.Engine [cached since 4771s ago] (16, 6, 'Neutral', 9, 'Looking Left', 'Center', 0, 0, 90.0, 'Engaged', None, None, None, None, None)
2026-08-10 21:17:24,685 INFO sqlalchemy.engine.Engine COMMIT
INFO:     127.0.0.1:59137 - "POST /ai/analyze-frame HTTP/1.1" 200 OK
2026-08-10 21:17:26,543 INFO sqlalchemy.engine.Engine BEGIN (implicit)
2026-08-10 21:17:26,543 INFO sqlalchemy.engine.Engine SELECT sessions.session_id AS sessions_session_id, sessions.class_id AS sessions_class_id, sessions.teacher_id AS sessions_teacher_id, sessions.start_time AS sessions_start_time, sessions.end_time AS sessions_end_time, sessions.is_active AS sessions_is_active 
FROM sessions 
WHERE sessions.class_id = ? AND sessions.is_active = 1
 LIMIT ? OFFSET ?
2026-08-10 21:17:26,544 INFO sqlalchemy.engine.Engine [cached since 4773s ago] (11, 1, 0)
2026-08-10 21:17:26,546 INFO sqlalchemy.engine.Engine INSERT INTO engagement_records (session_id, student_id, emotion, blink_count, head_pose, gaze, phone_detected, multiple_person, engagement_score, engagement_status, fps, extra_metrics, camera_status, internet_status, device_type) VALUES (?, ?, ?, ?, ?, ?, ?, ?, ?, ?, ?, ?, ?, ?, ?) RETURNING record_id, timestamp
2026-08-10 21:17:26,546 INFO sqlalchemy.engine.Engine [cached since 4773s ago] (16, 6, 'Neutral', 9, 'Looking Left', 'Center', 0, 0, 90.0, 'Engaged', None, None, None, None, None)
2026-08-10 21:17:26,556 INFO sqlalchemy.engine.Engine COMMIT
INFO:     127.0.0.1:59137 - "POST /ai/analyze-frame HTTP/1.1" 200 OK
2026-08-10 21:17:28,543 INFO sqlalchemy.engine.Engine BEGIN (implicit)
2026-08-10 21:17:28,543 INFO sqlalchemy.engine.Engine SELECT sessions.session_id AS sessions_session_id, sessions.class_id AS sessions_class_id, sessions.teacher_id AS sessions_teacher_id, sessions.start_time AS sessions_start_time, sessions.end_time AS sessions_end_time, sessions.is_active AS sessions_is_active 
FROM sessions 
WHERE sessions.class_id = ? AND sessions.is_active = 1
 LIMIT ? OFFSET ?
2026-08-10 21:17:28,544 INFO sqlalchemy.engine.Engine [cached since 4775s ago] (11, 1, 0)
2026-08-10 21:17:28,545 INFO sqlalchemy.engine.Engine INSERT INTO engagement_records (session_id, student_id, emotion, blink_count, head_pose, gaze, phone_detected, multiple_person, engagement_score, engagement_status, fps, extra_metrics, camera_status, internet_status, device_type) VALUES (?, ?, ?, ?, ?, ?, ?, ?, ?, ?, ?, ?, ?, ?, ?) RETURNING record_id, timestamp
2026-08-10 21:17:28,545 INFO sqlalchemy.engine.Engine [cached since 4775s ago] (16, 6, 'Neutral', 10, 'Looking Forward', 'Center', 0, 0, 100.0, 'Engaged', None, None, None, None, None)
2026-08-10 21:17:28,554 INFO sqlalchemy.engine.Engine COMMIT
INFO:     127.0.0.1:59137 - "POST /ai/analyze-frame HTTP/1.1" 200 OK
2026-08-10 21:17:30,527 INFO sqlalchemy.engine.Engine BEGIN (implicit)
2026-08-10 21:17:30,527 INFO sqlalchemy.engine.Engine SELECT sessions.session_id AS sessions_session_id, sessions.class_id AS sessions_class_id, sessions.teacher_id AS sessions_teacher_id, sessions.start_time AS sessions_start_time, sessions.end_time AS sessions_end_time, sessions.is_active AS sessions_is_active 
FROM sessions 
WHERE sessions.class_id = ? AND sessions.is_active = 1
 LIMIT ? OFFSET ?
2026-08-10 21:17:30,527 INFO sqlalchemy.engine.Engine [cached since 4777s ago] (11, 1, 0)
2026-08-10 21:17:30,528 INFO sqlalchemy.engine.Engine INSERT INTO engagement_records (session_id, student_id, emotion, blink_count, head_pose, gaze, phone_detected, multiple_person, engagement_score, engagement_status, fps, extra_metrics, camera_status, internet_status, device_type) VALUES (?, ?, ?, ?, ?, ?, ?, ?, ?, ?, ?, ?, ?, ?, ?) RETURNING record_id, timestamp
2026-08-10 21:17:30,528 INFO sqlalchemy.engine.Engine [cached since 4777s ago] (16, 6, 'Neutral', 10, 'Looking Forward', 'Center', 0, 0, 100.0, 'Engaged', None, None, None, None, None)
2026-08-10 21:17:30,535 INFO sqlalchemy.engine.Engine COMMIT
INFO:     127.0.0.1:59137 - "POST /ai/analyze-frame HTTP/1.1" 200 OK
2026-08-10 21:17:32,541 INFO sqlalchemy.engine.Engine BEGIN (implicit)
2026-08-10 21:17:32,542 INFO sqlalchemy.engine.Engine SELECT sessions.session_id AS sessions_session_id, sessions.class_id AS sessions_class_id, sessions.teacher_id AS sessions_teacher_id, sessions.start_time AS sessions_start_time, sessions.end_time AS sessions_end_time, sessions.is_active AS sessions_is_active 
FROM sessions 
WHERE sessions.class_id = ? AND sessions.is_active = 1
 LIMIT ? OFFSET ?
2026-08-10 21:17:32,542 INFO sqlalchemy.engine.Engine [cached since 4779s ago] (11, 1, 0)
2026-08-10 21:17:32,544 INFO sqlalchemy.engine.Engine INSERT INTO engagement_records (session_id, student_id, emotion, blink_count, head_pose, gaze, phone_detected, multiple_person, engagement_score, engagement_status, fps, extra_metrics, camera_status, internet_status, device_type) VALUES (?, ?, ?, ?, ?, ?, ?, ?, ?, ?, ?, ?, ?, ?, ?) RETURNING record_id, timestamp
2026-08-10 21:17:32,544 INFO sqlalchemy.engine.Engine [cached since 4779s ago] (16, 6, 'Neutral', 10, 'Looking Forward', 'Center', 0, 0, 100.0, 'Engaged', None, None, None, None, None)
2026-08-10 21:17:32,552 INFO sqlalchemy.engine.Engine COMMIT
INFO:     127.0.0.1:59137 - "POST /ai/analyze-frame HTTP/1.1" 200 OK
2026-08-10 21:17:34,655 INFO sqlalchemy.engine.Engine BEGIN (implicit)
2026-08-10 21:17:34,655 INFO sqlalchemy.engine.Engine SELECT sessions.session_id AS sessions_session_id, sessions.class_id AS sessions_class_id, sessions.teacher_id AS sessions_teacher_id, sessions.start_time AS sessions_start_time, sessions.end_time AS sessions_end_time, sessions.is_active AS sessions_is_active 
FROM sessions 
WHERE sessions.class_id = ? AND sessions.is_active = 1
 LIMIT ? OFFSET ?
2026-08-10 21:17:34,656 INFO sqlalchemy.engine.Engine [cached since 4781s ago] (11, 1, 0)
2026-08-10 21:17:34,657 INFO sqlalchemy.engine.Engine INSERT INTO engagement_records (session_id, student_id, emotion, blink_count, head_pose, gaze, phone_detected, multiple_person, engagement_score, engagement_status, fps, extra_metrics, camera_status, internet_status, device_type) VALUES (?, ?, ?, ?, ?, ?, ?, ?, ?, ?, ?, ?, ?, ?, ?) RETURNING record_id, timestamp
2026-08-10 21:17:34,657 INFO sqlalchemy.engine.Engine [cached since 4781s ago] (16, 6, 'Neutral', 10, 'Looking Left', 'Center', 0, 1, 60.0, 'Distracted', None, None, None, None, None)
2026-08-10 21:17:34,665 INFO sqlalchemy.engine.Engine COMMIT
INFO:     127.0.0.1:59137 - "POST /ai/analyze-frame HTTP/1.1" 200 OK
2026-08-10 21:17:36,528 INFO sqlalchemy.engine.Engine BEGIN (implicit)
2026-08-10 21:17:36,528 INFO sqlalchemy.engine.Engine SELECT sessions.session_id AS sessions_session_id, sessions.class_id AS sessions_class_id, sessions.teacher_id AS sessions_teacher_id, sessions.start_time AS sessions_start_time, sessions.end_time AS sessions_end_time, sessions.is_active AS sessions_is_active 
FROM sessions 
WHERE sessions.class_id = ? AND sessions.is_active = 1
 LIMIT ? OFFSET ?
2026-08-10 21:17:36,528 INFO sqlalchemy.engine.Engine [cached since 4783s ago] (11, 1, 0)
2026-08-10 21:17:36,529 INFO sqlalchemy.engine.Engine INSERT INTO engagement_records (session_id, student_id, emotion, blink_count, head_pose, gaze, phone_detected, multiple_person, engagement_score, engagement_status, fps, extra_metrics, camera_status, internet_status, device_type) VALUES (?, ?, ?, ?, ?, ?, ?, ?, ?, ?, ?, ?, ?, ?, ?) RETURNING record_id, timestamp
2026-08-10 21:17:36,529 INFO sqlalchemy.engine.Engine [cached since 4783s ago] (16, 6, 'Neutral', 10, 'Looking Left', 'Center', 0, 1, 60.0, 'Distracted', None, None, None, None, None)
2026-08-10 21:17:36,537 INFO sqlalchemy.engine.Engine COMMIT
INFO:     127.0.0.1:59137 - "POST /ai/analyze-frame HTTP/1.1" 200 OK
INFO:     127.0.0.1:59137 - "OPTIONS /ai/analyze-frame HTTP/1.1" 200 OK
2026-08-10 21:17:38,530 INFO sqlalchemy.engine.Engine BEGIN (implicit)
2026-08-10 21:17:38,531 INFO sqlalchemy.engine.Engine SELECT sessions.session_id AS sessions_session_id, sessions.class_id AS sessions_class_id, sessions.teacher_id AS sessions_teacher_id, sessions.start_time AS sessions_start_time, sessions.end_time AS sessions_end_time, sessions.is_active AS sessions_is_active 
FROM sessions 
WHERE sessions.class_id = ? AND sessions.is_active = 1
 LIMIT ? OFFSET ?
2026-08-10 21:17:38,531 INFO sqlalchemy.engine.Engine [cached since 4785s ago] (11, 1, 0)
2026-08-10 21:17:38,532 INFO sqlalchemy.engine.Engine INSERT INTO engagement_records (session_id, student_id, emotion, blink_count, head_pose, gaze, phone_detected, multiple_person, engagement_score, engagement_status, fps, extra_metrics, camera_status, internet_status, device_type) VALUES (?, ?, ?, ?, ?, ?, ?, ?, ?, ?, ?, ?, ?, ?, ?) RETURNING record_id, timestamp
2026-08-10 21:17:38,532 INFO sqlalchemy.engine.Engine [cached since 4785s ago] (16, 6, 'Neutral', 11, 'Looking Forward', 'Center', 0, 1, 70.0, 'Engaged', None, None, None, None, None)
2026-08-10 21:17:38,540 INFO sqlalchemy.engine.Engine COMMIT
INFO:     127.0.0.1:59137 - "POST /ai/analyze-frame HTTP/1.1" 200 OK
2026-08-10 21:17:40,541 INFO sqlalchemy.engine.Engine BEGIN (implicit)
2026-08-10 21:17:40,542 INFO sqlalchemy.engine.Engine SELECT sessions.session_id AS sessions_session_id, sessions.class_id AS sessions_class_id, sessions.teacher_id AS sessions_teacher_id, sessions.start_time AS sessions_start_time, sessions.end_time AS sessions_end_time, sessions.is_active AS sessions_is_active 
FROM sessions 
WHERE sessions.class_id = ? AND sessions.is_active = 1
 LIMIT ? OFFSET ?
2026-08-10 21:17:40,542 INFO sqlalchemy.engine.Engine [cached since 4787s ago] (11, 1, 0)
2026-08-10 21:17:40,543 INFO sqlalchemy.engine.Engine INSERT INTO engagement_records (session_id, student_id, emotion, blink_count, head_pose, gaze, phone_detected, multiple_person, engagement_score, engagement_status, fps, extra_metrics, camera_status, internet_status, device_type) VALUES (?, ?, ?, ?, ?, ?, ?, ?, ?, ?, ?, ?, ?, ?, ?) RETURNING record_id, timestamp
2026-08-10 21:17:40,543 INFO sqlalchemy.engine.Engine [cached since 4787s ago] (16, 5, 'Neutral', 11, 'Looking Left', 'Center', 0, 1, 60.0, 'Distracted', None, None, None, None, None)
2026-08-10 21:17:40,552 INFO sqlalchemy.engine.Engine COMMIT
INFO:     127.0.0.1:59137 - "POST /ai/analyze-frame HTTP/1.1" 200 OK
2026-08-10 21:17:42,564 INFO sqlalchemy.engine.Engine BEGIN (implicit)
2026-08-10 21:17:42,564 INFO sqlalchemy.engine.Engine SELECT sessions.session_id AS sessions_session_id, sessions.class_id AS sessions_class_id, sessions.teacher_id AS sessions_teacher_id, sessions.start_time AS sessions_start_time, sessions.end_time AS sessions_end_time, sessions.is_active AS sessions_is_active 
FROM sessions 
WHERE sessions.class_id = ? AND sessions.is_active = 1
 LIMIT ? OFFSET ?
2026-08-10 21:17:42,565 INFO sqlalchemy.engine.Engine [cached since 4789s ago] (11, 1, 0)
2026-08-10 21:17:42,566 INFO sqlalchemy.engine.Engine INSERT INTO engagement_records (session_id, student_id, emotion, blink_count, head_pose, gaze, phone_detected, multiple_person, engagement_score, engagement_status, fps, extra_metrics, camera_status, internet_status, device_type) VALUES (?, ?, ?, ?, ?, ?, ?, ?, ?, ?, ?, ?, ?, ?, ?) RETURNING record_id, timestamp
2026-08-10 21:17:42,566 INFO sqlalchemy.engine.Engine [cached since 4789s ago] (16, 5, 'Neutral', 11, 'Looking Left', 'Center', 0, 1, 60.0, 'Distracted', None, None, None, None, None)
2026-08-10 21:17:42,574 INFO sqlalchemy.engine.Engine COMMIT
INFO:     127.0.0.1:59137 - "POST /ai/analyze-frame HTTP/1.1" 200 OK
2026-08-10 21:17:44,642 INFO sqlalchemy.engine.Engine BEGIN (implicit)
2026-08-10 21:17:44,643 INFO sqlalchemy.engine.Engine SELECT sessions.session_id AS sessions_session_id, sessions.class_id AS sessions_class_id, sessions.teacher_id AS sessions_teacher_id, sessions.start_time AS sessions_start_time, sessions.end_time AS sessions_end_time, sessions.is_active AS sessions_is_active 
FROM sessions 
WHERE sessions.class_id = ? AND sessions.is_active = 1
 LIMIT ? OFFSET ?
2026-08-10 21:17:44,643 INFO sqlalchemy.engine.Engine [cached since 4791s ago] (11, 1, 0)
2026-08-10 21:17:44,644 INFO sqlalchemy.engine.Engine INSERT INTO engagement_records (session_id, student_id, emotion, blink_count, head_pose, gaze, phone_detected, multiple_person, engagement_score, engagement_status, fps, extra_metrics, camera_status, internet_status, device_type) VALUES (?, ?, ?, ?, ?, ?, ?, ?, ?, ?, ?, ?, ?, ?, ?) RETURNING record_id, timestamp
2026-08-10 21:17:44,644 INFO sqlalchemy.engine.Engine [cached since 4791s ago] (16, 5, 'Neutral', 12, 'Looking Left', 'Center', 0, 0, 90.0, 'Engaged', None, None, None, None, None)
2026-08-10 21:17:44,653 INFO sqlalchemy.engine.Engine COMMIT
INFO:     127.0.0.1:59137 - "POST /ai/analyze-frame HTTP/1.1" 200 OK
2026-08-10 21:17:46,558 INFO sqlalchemy.engine.Engine BEGIN (implicit)
2026-08-10 21:17:46,559 INFO sqlalchemy.engine.Engine SELECT sessions.session_id AS sessions_session_id, sessions.class_id AS sessions_class_id, sessions.teacher_id AS sessions_teacher_id, sessions.start_time AS sessions_start_time, sessions.end_time AS sessions_end_time, sessions.is_active AS sessions_is_active 
FROM sessions 
WHERE sessions.class_id = ? AND sessions.is_active = 1
 LIMIT ? OFFSET ?
2026-08-10 21:17:46,559 INFO sqlalchemy.engine.Engine [cached since 4793s ago] (11, 1, 0)
2026-08-10 21:17:46,561 INFO sqlalchemy.engine.Engine INSERT INTO engagement_records (session_id, student_id, emotion, blink_count, head_pose, gaze, phone_detected, multiple_person, engagement_score, engagement_status, fps, extra_metrics, camera_status, internet_status, device_type) VALUES (?, ?, ?, ?, ?, ?, ?, ?, ?, ?, ?, ?, ?, ?, ?) RETURNING record_id, timestamp
2026-08-10 21:17:46,561 INFO sqlalchemy.engine.Engine [cached since 4793s ago] (16, 5, 'Neutral', 12, 'Looking Left', 'Center', 0, 0, 90.0, 'Engaged', None, None, None, None, None)
2026-08-10 21:17:46,569 INFO sqlalchemy.engine.Engine COMMIT
INFO:     127.0.0.1:59137 - "POST /ai/analyze-frame HTTP/1.1" 200 OK
2026-08-10 21:17:48,539 INFO sqlalchemy.engine.Engine BEGIN (implicit)
2026-08-10 21:17:48,539 INFO sqlalchemy.engine.Engine SELECT sessions.session_id AS sessions_session_id, sessions.class_id AS sessions_class_id, sessions.teacher_id AS sessions_teacher_id, sessions.start_time AS sessions_start_time, sessions.end_time AS sessions_end_time, sessions.is_active AS sessions_is_active 
FROM sessions 
WHERE sessions.class_id = ? AND sessions.is_active = 1
 LIMIT ? OFFSET ?
2026-08-10 21:17:48,539 INFO sqlalchemy.engine.Engine [cached since 4795s ago] (11, 1, 0)
2026-08-10 21:17:48,540 INFO sqlalchemy.engine.Engine INSERT INTO engagement_records (session_id, student_id, emotion, blink_count, head_pose, gaze, phone_detected, multiple_person, engagement_score, engagement_status, fps, extra_metrics, camera_status, internet_status, device_type) VALUES (?, ?, ?, ?, ?, ?, ?, ?, ?, ?, ?, ?, ?, ?, ?) RETURNING record_id, timestamp
2026-08-10 21:17:48,540 INFO sqlalchemy.engine.Engine [cached since 4795s ago] (16, 5, 'Neutral', 12, 'Looking Left', 'Center', 0, 0, 90.0, 'Engaged', None, None, None, None, None)
2026-08-10 21:17:48,548 INFO sqlalchemy.engine.Engine COMMIT
INFO:     127.0.0.1:59137 - "POST /ai/analyze-frame HTTP/1.1" 200 OK
2026-08-10 21:17:50,557 INFO sqlalchemy.engine.Engine BEGIN (implicit)
2026-08-10 21:17:50,557 INFO sqlalchemy.engine.Engine SELECT sessions.session_id AS sessions_session_id, sessions.class_id AS sessions_class_id, sessions.teacher_id AS sessions_teacher_id, sessions.start_time AS sessions_start_time, sessions.end_time AS sessions_end_time, sessions.is_active AS sessions_is_active 
FROM sessions 
WHERE sessions.class_id = ? AND sessions.is_active = 1
 LIMIT ? OFFSET ?
2026-08-10 21:17:50,557 INFO sqlalchemy.engine.Engine [cached since 4797s ago] (11, 1, 0)
2026-08-10 21:17:50,558 INFO sqlalchemy.engine.Engine INSERT INTO engagement_records (session_id, student_id, emotion, blink_count, head_pose, gaze, phone_detected, multiple_person, engagement_score, engagement_status, fps, extra_metrics, camera_status, internet_status, device_type) VALUES (?, ?, ?, ?, ?, ?, ?, ?, ?, ?, ?, ?, ?, ?, ?) RETURNING record_id, timestamp
2026-08-10 21:17:50,558 INFO sqlalchemy.engine.Engine [cached since 4797s ago] (16, 5, 'Neutral', 12, 'Looking Forward', 'Center', 0, 0, 100.0, 'Engaged', None, None, None, None, None)
2026-08-10 21:17:50,566 INFO sqlalchemy.engine.Engine COMMIT
INFO:     127.0.0.1:59137 - "POST /ai/analyze-frame HTTP/1.1" 200 OK
2026-08-10 21:17:52,544 INFO sqlalchemy.engine.Engine BEGIN (implicit)
2026-08-10 21:17:52,545 INFO sqlalchemy.engine.Engine SELECT sessions.session_id AS sessions_session_id, sessions.class_id AS sessions_class_id, sessions.teacher_id AS sessions_teacher_id, sessions.start_time AS sessions_start_time, sessions.end_time AS sessions_end_time, sessions.is_active AS sessions_is_active 
FROM sessions 
WHERE sessions.class_id = ? AND sessions.is_active = 1
 LIMIT ? OFFSET ?
2026-08-10 21:17:52,545 INFO sqlalchemy.engine.Engine [cached since 4799s ago] (11, 1, 0)
2026-08-10 21:17:52,546 INFO sqlalchemy.engine.Engine INSERT INTO engagement_records (session_id, student_id, emotion, blink_count, head_pose, gaze, phone_detected, multiple_person, engagement_score, engagement_status, fps, extra_metrics, camera_status, internet_status, device_type) VALUES (?, ?, ?, ?, ?, ?, ?, ?, ?, ?, ?, ?, ?, ?, ?) RETURNING record_id, timestamp
2026-08-10 21:17:52,546 INFO sqlalchemy.engine.Engine [cached since 4799s ago] (16, 5, 'Neutral', 12, 'Looking Right', 'Center', 0, 0, 90.0, 'Engaged', None, None, None, None, None)
2026-08-10 21:17:52,553 INFO sqlalchemy.engine.Engine COMMIT
INFO:     127.0.0.1:59137 - "POST /ai/analyze-frame HTTP/1.1" 200 OK
INFO:     127.0.0.1:59137 - "GET /live-monitor HTTP/1.1" 200 OK
INFO:     127.0.0.1:1072 - "WebSocket /ws/classes/11/signaling" [accepted]
INFO:     connection open
2026-08-10 21:17:54,675 INFO sqlalchemy.engine.Engine BEGIN (implicit)
2026-08-10 21:17:54,675 INFO sqlalchemy.engine.Engine SELECT sessions.session_id AS sessions_session_id, sessions.class_id AS sessions_class_id, sessions.teacher_id AS sessions_teacher_id, sessions.start_time AS sessions_start_time, sessions.end_time AS sessions_end_time, sessions.is_active AS sessions_is_active 
FROM sessions 
WHERE sessions.class_id = ? AND sessions.is_active = 1
 LIMIT ? OFFSET ?
2026-08-10 21:17:54,676 INFO sqlalchemy.engine.Engine [cached since 4801s ago] (11, 1, 0)
2026-08-10 21:17:54,677 INFO sqlalchemy.engine.Engine INSERT INTO engagement_records (session_id, student_id, emotion, blink_count, head_pose, gaze, phone_detected, multiple_person, engagement_score, engagement_status, fps, extra_metrics, camera_status, internet_status, device_type) VALUES (?, ?, ?, ?, ?, ?, ?, ?, ?, ?, ?, ?, ?, ?, ?) RETURNING record_id, timestamp
2026-08-10 21:17:54,677 INFO sqlalchemy.engine.Engine [cached since 4801s ago] (16, 5, 'Neutral', 12, 'Looking Left', 'Center', 0, 1, 60.0, 'Distracted', None, None, None, None, None)
2026-08-10 21:17:54,679 INFO sqlalchemy.engine.Engine COMMIT
INFO:     127.0.0.1:59137 - "POST /ai/analyze-frame HTTP/1.1" 200 OK
2026-08-10 21:17:56,550 INFO sqlalchemy.engine.Engine BEGIN (implicit)
2026-08-10 21:17:56,551 INFO sqlalchemy.engine.Engine SELECT sessions.session_id AS sessions_session_id, sessions.class_id AS sessions_class_id, sessions.teacher_id AS sessions_teacher_id, sessions.start_time AS sessions_start_time, sessions.end_time AS sessions_end_time, sessions.is_active AS sessions_is_active 
FROM sessions 
WHERE sessions.class_id = ? AND sessions.is_active = 1
 LIMIT ? OFFSET ?
2026-08-10 21:17:56,551 INFO sqlalchemy.engine.Engine [cached since 4803s ago] (11, 1, 0)
2026-08-10 21:17:56,552 INFO sqlalchemy.engine.Engine INSERT INTO engagement_records (session_id, student_id, emotion, blink_count, head_pose, gaze, phone_detected, multiple_person, engagement_score, engagement_status, fps, extra_metrics, camera_status, internet_status, device_type) VALUES (?, ?, ?, ?, ?, ?, ?, ?, ?, ?, ?, ?, ?, ?, ?) RETURNING record_id, timestamp
2026-08-10 21:17:56,552 INFO sqlalchemy.engine.Engine [cached since 4803s ago] (16, 5, 'Neutral', 13, 'Looking Left', 'Center', 0, 1, 60.0, 'Distracted', None, None, None, None, None)
2026-08-10 21:17:56,554 INFO sqlalchemy.engine.Engine COMMIT
INFO:     127.0.0.1:59137 - "POST /ai/analyze-frame HTTP/1.1" 200 OK
2026-08-10 21:17:58,536 INFO sqlalchemy.engine.Engine BEGIN (implicit)
2026-08-10 21:17:58,536 INFO sqlalchemy.engine.Engine SELECT sessions.session_id AS sessions_session_id, sessions.class_id AS sessions_class_id, sessions.teacher_id AS sessions_teacher_id, sessions.start_time AS sessions_start_time, sessions.end_time AS sessions_end_time, sessions.is_active AS sessions_is_active 
FROM sessions 
WHERE sessions.class_id = ? AND sessions.is_active = 1
 LIMIT ? OFFSET ?
2026-08-10 21:17:58,536 INFO sqlalchemy.engine.Engine [cached since 4805s ago] (11, 1, 0)
2026-08-10 21:17:58,538 INFO sqlalchemy.engine.Engine INSERT INTO engagement_records (session_id, student_id, emotion, blink_count, head_pose, gaze, phone_detected, multiple_person, engagement_score, engagement_status, fps, extra_metrics, camera_status, internet_status, device_type) VALUES (?, ?, ?, ?, ?, ?, ?, ?, ?, ?, ?, ?, ?, ?, ?) RETURNING record_id, timestamp
2026-08-10 21:17:58,538 INFO sqlalchemy.engine.Engine [cached since 4805s ago] (16, 5, 'Neutral', 13, 'Looking Forward', 'Center', 0, 1, 70.0, 'Engaged', None, None, None, None, None)
2026-08-10 21:17:58,546 INFO sqlalchemy.engine.Engine COMMIT
INFO:     127.0.0.1:59137 - "POST /ai/analyze-frame HTTP/1.1" 200 OK
E0000 00:00:1786376879.258579    5508 portable_clearcut_uploader.cc:90] 
Failed to send to clearcut: FAILED_PRECONDITION: Not valid for uploading 
until: 2026-08-10T15:52:59.185738584+00:00
=== Source Location Trace: === 
wireless/android/play/playlog/cplusplus/portable_clearcut_uploader.cc:180
2026-08-10 21:18:00,544 INFO sqlalchemy.engine.Engine BEGIN (implicit)
2026-08-10 21:18:00,545 INFO sqlalchemy.engine.Engine SELECT sessions.session_id AS sessions_session_id, sessions.class_id AS sessions_class_id, sessions.teacher_id AS sessions_teacher_id, sessions.start_time AS sessions_start_time, sessions.end_time AS sessions_end_time, sessions.is_active AS sessions_is_active 
FROM sessions 
WHERE sessions.class_id = ? AND sessions.is_active = 1
 LIMIT ? OFFSET ?
2026-08-10 21:18:00,545 INFO sqlalchemy.engine.Engine [cached since 4807s ago] (11, 1, 0)
2026-08-10 21:18:00,546 INFO sqlalchemy.engine.Engine INSERT INTO engagement_records (session_id, student_id, emotion, blink_count, head_pose, gaze, phone_detected, multiple_person, engagement_score, engagement_status, fps, extra_metrics, camera_status, internet_status, device_type) VALUES (?, ?, ?, ?, ?, ?, ?, ?, ?, ?, ?, ?, ?, ?, ?) RETURNING record_id, timestamp
2026-08-10 21:18:00,546 INFO sqlalchemy.engine.Engine [cached since 4807s ago] (16, 5, 'Neutral', 13, 'Looking Left', 'Center', 0, 1, 60.0, 'Distracted', None, None, None, None, None)
2026-08-10 21:18:00,554 INFO sqlalchemy.engine.Engine COMMIT
INFO:     127.0.0.1:59137 - "POST /ai/analyze-frame HTTP/1.1" 200 OK
2026-08-10 21:18:02,540 INFO sqlalchemy.engine.Engine BEGIN (implicit)
2026-08-10 21:18:02,540 INFO sqlalchemy.engine.Engine SELECT sessions.session_id AS sessions_session_id, sessions.class_id AS sessions_class_id, sessions.teacher_id AS sessions_teacher_id, sessions.start_time AS sessions_start_time, sessions.end_time AS sessions_end_time, sessions.is_active AS sessions_is_active 
FROM sessions 
WHERE sessions.class_id = ? AND sessions.is_active = 1
 LIMIT ? OFFSET ?
2026-08-10 21:18:02,540 INFO sqlalchemy.engine.Engine [cached since 4809s ago] (11, 1, 0)
2026-08-10 21:18:02,541 INFO sqlalchemy.engine.Engine INSERT INTO engagement_records (session_id, student_id, emotion, blink_count, head_pose, gaze, phone_detected, multiple_person, engagement_score, engagement_status, fps, extra_metrics, camera_status, internet_status, device_type) VALUES (?, ?, ?, ?, ?, ?, ?, ?, ?, ?, ?, ?, ?, ?, ?) RETURNING record_id, timestamp
2026-08-10 21:18:02,541 INFO sqlalchemy.engine.Engine [cached since 4809s ago] (16, 5, 'Neutral', 13, 'Looking Left', 'Center', 0, 1, 60.0, 'Distracted', None, None, None, None, None)
2026-08-10 21:18:02,548 INFO sqlalchemy.engine.Engine COMMIT
INFO:     127.0.0.1:59137 - "POST /ai/analyze-frame HTTP/1.1" 200 OK
2026-08-10 21:18:04,652 INFO sqlalchemy.engine.Engine BEGIN (implicit)
2026-08-10 21:18:04,653 INFO sqlalchemy.engine.Engine SELECT sessions.session_id AS sessions_session_id, sessions.class_id AS sessions_class_id, sessions.teacher_id AS sessions_teacher_id, sessions.start_time AS sessions_start_time, sessions.end_time AS sessions_end_time, sessions.is_active AS sessions_is_active 
FROM sessions 
WHERE sessions.class_id = ? AND sessions.is_active = 1
 LIMIT ? OFFSET ?
2026-08-10 21:18:04,653 INFO sqlalchemy.engine.Engine [cached since 4811s ago] (11, 1, 0)
2026-08-10 21:18:04,654 INFO sqlalchemy.engine.Engine INSERT INTO engagement_records (session_id, student_id, emotion, blink_count, head_pose, gaze, phone_detected, multiple_person, engagement_score, engagement_status, fps, extra_metrics, camera_status, internet_status, device_type) VALUES (?, ?, ?, ?, ?, ?, ?, ?, ?, ?, ?, ?, ?, ?, ?) RETURNING record_id, timestamp
2026-08-10 21:18:04,654 INFO sqlalchemy.engine.Engine [cached since 4811s ago] (16, 5, 'Neutral', 13, 'Looking Forward', 'Center', 1, 1, 40.0, 'Distracted', None, None, None, None, None)
2026-08-10 21:18:04,663 INFO sqlalchemy.engine.Engine COMMIT
INFO:     127.0.0.1:59137 - "POST /ai/analyze-frame HTTP/1.1" 200 OK
2026-08-10 21:18:06,538 INFO sqlalchemy.engine.Engine BEGIN (implicit)
2026-08-10 21:18:06,538 INFO sqlalchemy.engine.Engine SELECT sessions.session_id AS sessions_session_id, sessions.class_id AS sessions_class_id, sessions.teacher_id AS sessions_teacher_id, sessions.start_time AS sessions_start_time, sessions.end_time AS sessions_end_time, sessions.is_active AS sessions_is_active 
FROM sessions 
WHERE sessions.class_id = ? AND sessions.is_active = 1
 LIMIT ? OFFSET ?
2026-08-10 21:18:06,538 INFO sqlalchemy.engine.Engine [cached since 4813s ago] (11, 1, 0)
2026-08-10 21:18:06,540 INFO sqlalchemy.engine.Engine INSERT INTO engagement_records (session_id, student_id, emotion, blink_count, head_pose, gaze, phone_detected, multiple_person, engagement_score, engagement_status, fps, extra_metrics, camera_status, internet_status, device_type) VALUES (?, ?, ?, ?, ?, ?, ?, ?, ?, ?, ?, ?, ?, ?, ?) RETURNING record_id, timestamp
2026-08-10 21:18:06,540 INFO sqlalchemy.engine.Engine [cached since 4813s ago] (16, 5, 'Neutral', 13, 'Looking Forward', 'Center', 1, 1, 40.0, 'Distracted', None, None, None, None, None)
2026-08-10 21:18:06,541 INFO sqlalchemy.engine.Engine COMMIT
INFO:     127.0.0.1:59137 - "POST /ai/analyze-frame HTTP/1.1" 200 OK
2026-08-10 21:18:08,533 INFO sqlalchemy.engine.Engine BEGIN (implicit)
2026-08-10 21:18:08,534 INFO sqlalchemy.engine.Engine SELECT sessions.session_id AS sessions_session_id, sessions.class_id AS sessions_class_id, sessions.teacher_id AS sessions_teacher_id, sessions.start_time AS sessions_start_time, sessions.end_time AS sessions_end_time, sessions.is_active AS sessions_is_active 
FROM sessions 
WHERE sessions.class_id = ? AND sessions.is_active = 1
 LIMIT ? OFFSET ?
2026-08-10 21:18:08,534 INFO sqlalchemy.engine.Engine [cached since 4815s ago] (11, 1, 0)
2026-08-10 21:18:08,536 INFO sqlalchemy.engine.Engine INSERT INTO engagement_records (session_id, student_id, emotion, blink_count, head_pose, gaze, phone_detected, multiple_person, engagement_score, engagement_status, fps, extra_metrics, camera_status, internet_status, device_type) VALUES (?, ?, ?, ?, ?, ?, ?, ?, ?, ?, ?, ?, ?, ?, ?) RETURNING record_id, timestamp
2026-08-10 21:18:08,536 INFO sqlalchemy.engine.Engine [cached since 4815s ago] (16, 5, 'Neutral', 13, 'Looking Forward', 'Center', 1, 1, 40.0, 'Distracted', None, None, None, None, None)
2026-08-10 21:18:08,544 INFO sqlalchemy.engine.Engine COMMIT
INFO:     127.0.0.1:59137 - "POST /ai/analyze-frame HTTP/1.1" 200 OK
2026-08-10 21:18:10,531 INFO sqlalchemy.engine.Engine BEGIN (implicit)
2026-08-10 21:18:10,531 INFO sqlalchemy.engine.Engine SELECT sessions.session_id AS sessions_session_id, sessions.class_id AS sessions_class_id, sessions.teacher_id AS sessions_teacher_id, sessions.start_time AS sessions_start_time, sessions.end_time AS sessions_end_time, sessions.is_active AS sessions_is_active 
FROM sessions 
WHERE sessions.class_id = ? AND sessions.is_active = 1
 LIMIT ? OFFSET ?
2026-08-10 21:18:10,531 INFO sqlalchemy.engine.Engine [cached since 4817s ago] (11, 1, 0)
2026-08-10 21:18:10,532 INFO sqlalchemy.engine.Engine INSERT INTO engagement_records (session_id, student_id, emotion, blink_count, head_pose, gaze, phone_detected, multiple_person, engagement_score, engagement_status, fps, extra_metrics, camera_status, internet_status, device_type) VALUES (?, ?, ?, ?, ?, ?, ?, ?, ?, ?, ?, ?, ?, ?, ?) RETURNING record_id, timestamp
2026-08-10 21:18:10,532 INFO sqlalchemy.engine.Engine [cached since 4817s ago] (16, 5, 'Neutral', 13, 'Looking Forward', 'Center', 1, 1, 40.0, 'Distracted', None, None, None, None, None)
2026-08-10 21:18:10,540 INFO sqlalchemy.engine.Engine COMMIT
INFO:     127.0.0.1:59137 - "POST /ai/analyze-frame HTTP/1.1" 200 OK
2026-08-10 21:18:12,548 INFO sqlalchemy.engine.Engine BEGIN (implicit)
2026-08-10 21:18:12,548 INFO sqlalchemy.engine.Engine SELECT sessions.session_id AS sessions_session_id, sessions.class_id AS sessions_class_id, sessions.teacher_id AS sessions_teacher_id, sessions.start_time AS sessions_start_time, sessions.end_time AS sessions_end_time, sessions.is_active AS sessions_is_active 
FROM sessions 
WHERE sessions.class_id = ? AND sessions.is_active = 1
 LIMIT ? OFFSET ?
2026-08-10 21:18:12,548 INFO sqlalchemy.engine.Engine [cached since 4819s ago] (11, 1, 0)
2026-08-10 21:18:12,550 INFO sqlalchemy.engine.Engine INSERT INTO engagement_records (session_id, student_id, emotion, blink_count, head_pose, gaze, phone_detected, multiple_person, engagement_score, engagement_status, fps, extra_metrics, camera_status, internet_status, device_type) VALUES (?, ?, ?, ?, ?, ?, ?, ?, ?, ?, ?, ?, ?, ?, ?) RETURNING record_id, timestamp
2026-08-10 21:18:12,550 INFO sqlalchemy.engine.Engine [cached since 4819s ago] (16, 5, 'Neutral', 14, 'Looking Right', 'Center', 1, 1, 30.0, 'Distracted', None, None, None, None, None)
2026-08-10 21:18:12,561 INFO sqlalchemy.engine.Engine COMMIT
INFO:     127.0.0.1:59137 - "POST /ai/analyze-frame HTTP/1.1" 200 OK
2026-08-10 21:18:14,637 INFO sqlalchemy.engine.Engine BEGIN (implicit)
2026-08-10 21:18:14,638 INFO sqlalchemy.engine.Engine SELECT sessions.session_id AS sessions_session_id, sessions.class_id AS sessions_class_id, sessions.teacher_id AS sessions_teacher_id, sessions.start_time AS sessions_start_time, sessions.end_time AS sessions_end_time, sessions.is_active AS sessions_is_active 
FROM sessions 
WHERE sessions.class_id = ? AND sessions.is_active = 1
 LIMIT ? OFFSET ?
2026-08-10 21:18:14,638 INFO sqlalchemy.engine.Engine [cached since 4821s ago] (11, 1, 0)
2026-08-10 21:18:14,639 INFO sqlalchemy.engine.Engine INSERT INTO engagement_records (session_id, student_id, emotion, blink_count, head_pose, gaze, phone_detected, multiple_person, engagement_score, engagement_status, fps, extra_metrics, camera_status, internet_status, device_type) VALUES (?, ?, ?, ?, ?, ?, ?, ?, ?, ?, ?, ?, ?, ?, ?) RETURNING record_id, timestamp
2026-08-10 21:18:14,639 INFO sqlalchemy.engine.Engine [cached since 4821s ago] (16, 5, 'Neutral', 14, 'Looking Forward', 'Center', 0, 0, 100.0, 'Engaged', None, None, None, None, None)
2026-08-10 21:18:14,647 INFO sqlalchemy.engine.Engine COMMIT
INFO:     127.0.0.1:59137 - "POST /ai/analyze-frame HTTP/1.1" 200 OK
2026-08-10 21:18:16,535 INFO sqlalchemy.engine.Engine BEGIN (implicit)
2026-08-10 21:18:16,535 INFO sqlalchemy.engine.Engine SELECT sessions.session_id AS sessions_session_id, sessions.class_id AS sessions_class_id, sessions.teacher_id AS sessions_teacher_id, sessions.start_time AS sessions_start_time, sessions.end_time AS sessions_end_time, sessions.is_active AS sessions_is_active 
FROM sessions 
WHERE sessions.class_id = ? AND sessions.is_active = 1
 LIMIT ? OFFSET ?
2026-08-10 21:18:16,535 INFO sqlalchemy.engine.Engine [cached since 4823s ago] (11, 1, 0)
2026-08-10 21:18:16,536 INFO sqlalchemy.engine.Engine INSERT INTO engagement_records (session_id, student_id, emotion, blink_count, head_pose, gaze, phone_detected, multiple_person, engagement_score, engagement_status, fps, extra_metrics, camera_status, internet_status, device_type) VALUES (?, ?, ?, ?, ?, ?, ?, ?, ?, ?, ?, ?, ?, ?, ?) RETURNING record_id, timestamp
2026-08-10 21:18:16,536 INFO sqlalchemy.engine.Engine [cached since 4823s ago] (16, 5, 'Neutral', 14, 'Looking Right', 'Center', 0, 0, 90.0, 'Engaged', None, None, None, None, None)
2026-08-10 21:18:16,543 INFO sqlalchemy.engine.Engine COMMIT
INFO:     127.0.0.1:59137 - "POST /ai/analyze-frame HTTP/1.1" 200 OK
2026-08-10 21:18:18,536 INFO sqlalchemy.engine.Engine BEGIN (implicit)
2026-08-10 21:18:18,537 INFO sqlalchemy.engine.Engine SELECT sessions.session_id AS sessions_session_id, sessions.class_id AS sessions_class_id, sessions.teacher_id AS sessions_teacher_id, sessions.start_time AS sessions_start_time, sessions.end_time AS sessions_end_time, sessions.is_active AS sessions_is_active 
FROM sessions 
WHERE sessions.class_id = ? AND sessions.is_active = 1
 LIMIT ? OFFSET ?
2026-08-10 21:18:18,537 INFO sqlalchemy.engine.Engine [cached since 4825s ago] (11, 1, 0)
2026-08-10 21:18:18,539 INFO sqlalchemy.engine.Engine INSERT INTO engagement_records (session_id, student_id, emotion, blink_count, head_pose, gaze, phone_detected, multiple_person, engagement_score, engagement_status, fps, extra_metrics, camera_status, internet_status, device_type) VALUES (?, ?, ?, ?, ?, ?, ?, ?, ?, ?, ?, ?, ?, ?, ?) RETURNING record_id, timestamp
2026-08-10 21:18:18,539 INFO sqlalchemy.engine.Engine [cached since 4825s ago] (16, 5, 'Neutral', 14, 'Looking Forward', 'Center', 0, 0, 100.0, 'Engaged', None, None, None, None, None)
2026-08-10 21:18:18,547 INFO sqlalchemy.engine.Engine COMMIT
INFO:     127.0.0.1:59137 - "POST /ai/analyze-frame HTTP/1.1" 200 OK
2026-08-10 21:18:20,536 INFO sqlalchemy.engine.Engine BEGIN (implicit)
2026-08-10 21:18:20,536 INFO sqlalchemy.engine.Engine SELECT sessions.session_id AS sessions_session_id, sessions.class_id AS sessions_class_id, sessions.teacher_id AS sessions_teacher_id, sessions.start_time AS sessions_start_time, sessions.end_time AS sessions_end_time, sessions.is_active AS sessions_is_active 
FROM sessions 
WHERE sessions.class_id = ? AND sessions.is_active = 1
 LIMIT ? OFFSET ?
2026-08-10 21:18:20,537 INFO sqlalchemy.engine.Engine [cached since 4827s ago] (11, 1, 0)
2026-08-10 21:18:20,538 INFO sqlalchemy.engine.Engine INSERT INTO engagement_records (session_id, student_id, emotion, blink_count, head_pose, gaze, phone_detected, multiple_person, engagement_score, engagement_status, fps, extra_metrics, camera_status, internet_status, device_type) VALUES (?, ?, ?, ?, ?, ?, ?, ?, ?, ?, ?, ?, ?, ?, ?) RETURNING record_id, timestamp
2026-08-10 21:18:20,538 INFO sqlalchemy.engine.Engine [cached since 4827s ago] (16, 5, 'Neutral', 14, 'Looking Forward', 'Center', 0, 0, 100.0, 'Engaged', None, None, None, None, None)
2026-08-10 21:18:20,541 INFO sqlalchemy.engine.Engine COMMIT
INFO:     127.0.0.1:59137 - "POST /ai/analyze-frame HTTP/1.1" 200 OK
2026-08-10 21:18:22,550 INFO sqlalchemy.engine.Engine BEGIN (implicit)
2026-08-10 21:18:22,551 INFO sqlalchemy.engine.Engine SELECT sessions.session_id AS sessions_session_id, sessions.class_id AS sessions_class_id, sessions.teacher_id AS sessions_teacher_id, sessions.start_time AS sessions_start_time, sessions.end_time AS sessions_end_time, sessions.is_active AS sessions_is_active 
FROM sessions 
WHERE sessions.class_id = ? AND sessions.is_active = 1
 LIMIT ? OFFSET ?
2026-08-10 21:18:22,551 INFO sqlalchemy.engine.Engine [cached since 4829s ago] (11, 1, 0)
2026-08-10 21:18:22,551 INFO sqlalchemy.engine.Engine INSERT INTO engagement_records (session_id, student_id, emotion, blink_count, head_pose, gaze, phone_detected, multiple_person, engagement_score, engagement_status, fps, extra_metrics, camera_status, internet_status, device_type) VALUES (?, ?, ?, ?, ?, ?, ?, ?, ?, ?, ?, ?, ?, ?, ?) RETURNING record_id, timestamp
2026-08-10 21:18:22,552 INFO sqlalchemy.engine.Engine [cached since 4829s ago] (16, 5, 'Neutral', 15, 'Looking Right', 'Center', 0, 0, 90.0, 'Engaged', None, None, None, None, None)
2026-08-10 21:18:22,559 INFO sqlalchemy.engine.Engine COMMIT
INFO:     127.0.0.1:59137 - "POST /ai/analyze-frame HTTP/1.1" 200 OK
2026-08-10 21:18:24,688 INFO sqlalchemy.engine.Engine BEGIN (implicit)
2026-08-10 21:18:24,689 INFO sqlalchemy.engine.Engine SELECT sessions.session_id AS sessions_session_id, sessions.class_id AS sessions_class_id, sessions.teacher_id AS sessions_teacher_id, sessions.start_time AS sessions_start_time, sessions.end_time AS sessions_end_time, sessions.is_active AS sessions_is_active 
FROM sessions 
WHERE sessions.class_id = ? AND sessions.is_active = 1
 LIMIT ? OFFSET ?
2026-08-10 21:18:24,689 INFO sqlalchemy.engine.Engine [cached since 4831s ago] (11, 1, 0)
2026-08-10 21:18:24,690 INFO sqlalchemy.engine.Engine INSERT INTO engagement_records (session_id, student_id, emotion, blink_count, head_pose, gaze, phone_detected, multiple_person, engagement_score, engagement_status, fps, extra_metrics, camera_status, internet_status, device_type) VALUES (?, ?, ?, ?, ?, ?, ?, ?, ?, ?, ?, ?, ?, ?, ?) RETURNING record_id, timestamp
2026-08-10 21:18:24,690 INFO sqlalchemy.engine.Engine [cached since 4831s ago] (16, 5, 'Neutral', 15, 'Looking Right', 'Center', 0, 0, 90.0, 'Engaged', None, None, None, None, None)
2026-08-10 21:18:24,699 INFO sqlalchemy.engine.Engine COMMIT
INFO:     127.0.0.1:59137 - "POST /ai/analyze-frame HTTP/1.1" 200 OK
2026-08-10 21:18:26,540 INFO sqlalchemy.engine.Engine BEGIN (implicit)
2026-08-10 21:18:26,540 INFO sqlalchemy.engine.Engine SELECT sessions.session_id AS sessions_session_id, sessions.class_id AS sessions_class_id, sessions.teacher_id AS sessions_teacher_id, sessions.start_time AS sessions_start_time, sessions.end_time AS sessions_end_time, sessions.is_active AS sessions_is_active 
FROM sessions 
WHERE sessions.class_id = ? AND sessions.is_active = 1
 LIMIT ? OFFSET ?
2026-08-10 21:18:26,540 INFO sqlalchemy.engine.Engine [cached since 4833s ago] (11, 1, 0)
2026-08-10 21:18:26,541 INFO sqlalchemy.engine.Engine INSERT INTO engagement_records (session_id, student_id, emotion, blink_count, head_pose, gaze, phone_detected, multiple_person, engagement_score, engagement_status, fps, extra_metrics, camera_status, internet_status, device_type) VALUES (?, ?, ?, ?, ?, ?, ?, ?, ?, ?, ?, ?, ?, ?, ?) RETURNING record_id, timestamp
2026-08-10 21:18:26,542 INFO sqlalchemy.engine.Engine [cached since 4833s ago] (16, 5, 'Neutral', 15, 'Looking Forward', 'Center', 0, 0, 100.0, 'Engaged', None, None, None, None, None)
2026-08-10 21:18:26,550 INFO sqlalchemy.engine.Engine COMMIT
INFO:     127.0.0.1:59137 - "POST /ai/analyze-frame HTTP/1.1" 200 OK
INFO:     127.0.0.1:29882 - "GET /live-monitor HTTP/1.1" 200 OK
2026-08-10 21:18:28,523 INFO sqlalchemy.engine.Engine BEGIN (implicit)
2026-08-10 21:18:28,523 INFO sqlalchemy.engine.Engine SELECT sessions.session_id AS sessions_session_id, sessions.class_id AS sessions_class_id, sessions.teacher_id AS sessions_teacher_id, sessions.start_time AS sessions_start_time, sessions.end_time AS sessions_end_time, sessions.is_active AS sessions_is_active 
FROM sessions 
WHERE sessions.class_id = ? AND sessions.is_active = 1
 LIMIT ? OFFSET ?
2026-08-10 21:18:28,523 INFO sqlalchemy.engine.Engine [cached since 4835s ago] (11, 1, 0)
2026-08-10 21:18:28,524 INFO sqlalchemy.engine.Engine INSERT INTO engagement_records (session_id, student_id, emotion, blink_count, head_pose, gaze, phone_detected, multiple_person, engagement_score, engagement_status, fps, extra_metrics, camera_status, internet_status, device_type) VALUES (?, ?, ?, ?, ?, ?, ?, ?, ?, ?, ?, ?, ?, ?, ?) RETURNING record_id, timestamp
2026-08-10 21:18:28,524 INFO sqlalchemy.engine.Engine [cached since 4835s ago] (16, 5, 'Neutral', 16, 'Looking Right', 'Center', 0, 0, 90.0, 'Engaged', None, None, None, None, None)
2026-08-10 21:18:28,532 INFO sqlalchemy.engine.Engine COMMIT
INFO:     127.0.0.1:59137 - "POST /ai/analyze-frame HTTP/1.1" 200 OK
2026-08-10 21:18:30,537 INFO sqlalchemy.engine.Engine BEGIN (implicit)
2026-08-10 21:18:30,538 INFO sqlalchemy.engine.Engine SELECT sessions.session_id AS sessions_session_id, sessions.class_id AS sessions_class_id, sessions.teacher_id AS sessions_teacher_id, sessions.start_time AS sessions_start_time, sessions.end_time AS sessions_end_time, sessions.is_active AS sessions_is_active 
FROM sessions 
WHERE sessions.class_id = ? AND sessions.is_active = 1
 LIMIT ? OFFSET ?
2026-08-10 21:18:30,538 INFO sqlalchemy.engine.Engine [cached since 4837s ago] (11, 1, 0)
2026-08-10 21:18:30,539 INFO sqlalchemy.engine.Engine INSERT INTO engagement_records (session_id, student_id, emotion, blink_count, head_pose, gaze, phone_detected, multiple_person, engagement_score, engagement_status, fps, extra_metrics, camera_status, internet_status, device_type) VALUES (?, ?, ?, ?, ?, ?, ?, ?, ?, ?, ?, ?, ?, ?, ?) RETURNING record_id, timestamp
2026-08-10 21:18:30,539 INFO sqlalchemy.engine.Engine [cached since 4837s ago] (16, 5, 'Neutral', 16, 'Looking Right', 'Center', 0, 0, 90.0, 'Engaged', None, None, None, None, None)
2026-08-10 21:18:30,547 INFO sqlalchemy.engine.Engine COMMIT
INFO:     127.0.0.1:59137 - "POST /ai/analyze-frame HTTP/1.1" 200 OK
2026-08-10 21:18:32,537 INFO sqlalchemy.engine.Engine BEGIN (implicit)
2026-08-10 21:18:32,537 INFO sqlalchemy.engine.Engine SELECT sessions.session_id AS sessions_session_id, sessions.class_id AS sessions_class_id, sessions.teacher_id AS sessions_teacher_id, sessions.start_time AS sessions_start_time, sessions.end_time AS sessions_end_time, sessions.is_active AS sessions_is_active 
FROM sessions 
WHERE sessions.class_id = ? AND sessions.is_active = 1
 LIMIT ? OFFSET ?
2026-08-10 21:18:32,537 INFO sqlalchemy.engine.Engine [cached since 4839s ago] (11, 1, 0)
2026-08-10 21:18:32,539 INFO sqlalchemy.engine.Engine INSERT INTO engagement_records (session_id, student_id, emotion, blink_count, head_pose, gaze, phone_detected, multiple_person, engagement_score, engagement_status, fps, extra_metrics, camera_status, internet_status, device_type) VALUES (?, ?, ?, ?, ?, ?, ?, ?, ?, ?, ?, ?, ?, ?, ?) RETURNING record_id, timestamp
2026-08-10 21:18:32,539 INFO sqlalchemy.engine.Engine [cached since 4839s ago] (16, 5, 'Neutral', 17, 'Looking Right', 'Center', 0, 0, 90.0, 'Engaged', None, None, None, None, None)
2026-08-10 21:18:32,547 INFO sqlalchemy.engine.Engine COMMIT
INFO:     127.0.0.1:59137 - "POST /ai/analyze-frame HTTP/1.1" 200 OK
2026-08-10 21:18:34,650 INFO sqlalchemy.engine.Engine BEGIN (implicit)
2026-08-10 21:18:34,651 INFO sqlalchemy.engine.Engine SELECT sessions.session_id AS sessions_session_id, sessions.class_id AS sessions_class_id, sessions.teacher_id AS sessions_teacher_id, sessions.start_time AS sessions_start_time, sessions.end_time AS sessions_end_time, sessions.is_active AS sessions_is_active 
FROM sessions 
WHERE sessions.class_id = ? AND sessions.is_active = 1
 LIMIT ? OFFSET ?
2026-08-10 21:18:34,651 INFO sqlalchemy.engine.Engine [cached since 4841s ago] (11, 1, 0)
2026-08-10 21:18:34,652 INFO sqlalchemy.engine.Engine INSERT INTO engagement_records (session_id, student_id, emotion, blink_count, head_pose, gaze, phone_detected, multiple_person, engagement_score, engagement_status, fps, extra_metrics, camera_status, internet_status, device_type) VALUES (?, ?, ?, ?, ?, ?, ?, ?, ?, ?, ?, ?, ?, ?, ?) RETURNING record_id, timestamp
2026-08-10 21:18:34,652 INFO sqlalchemy.engine.Engine [cached since 4841s ago] (16, 5, 'Neutral', 17, 'Looking Right', 'Center', 0, 0, 90.0, 'Engaged', None, None, None, None, None)
2026-08-10 21:18:34,660 INFO sqlalchemy.engine.Engine COMMIT
INFO:     127.0.0.1:59137 - "POST /ai/analyze-frame HTTP/1.1" 200 OK
2026-08-10 21:18:36,551 INFO sqlalchemy.engine.Engine BEGIN (implicit)
2026-08-10 21:18:36,552 INFO sqlalchemy.engine.Engine SELECT sessions.session_id AS sessions_session_id, sessions.class_id AS sessions_class_id, sessions.teacher_id AS sessions_teacher_id, sessions.start_time AS sessions_start_time, sessions.end_time AS sessions_end_time, sessions.is_active AS sessions_is_active 
FROM sessions 
WHERE sessions.class_id = ? AND sessions.is_active = 1
 LIMIT ? OFFSET ?
2026-08-10 21:18:36,552 INFO sqlalchemy.engine.Engine [cached since 4843s ago] (11, 1, 0)
2026-08-10 21:18:36,553 INFO sqlalchemy.engine.Engine INSERT INTO engagement_records (session_id, student_id, emotion, blink_count, head_pose, gaze, phone_detected, multiple_person, engagement_score, engagement_status, fps, extra_metrics, camera_status, internet_status, device_type) VALUES (?, ?, ?, ?, ?, ?, ?, ?, ?, ?, ?, ?, ?, ?, ?) RETURNING record_id, timestamp
2026-08-10 21:18:36,553 INFO sqlalchemy.engine.Engine [cached since 4843s ago] (16, 5, 'Neutral', 17, 'Looking Right', 'Center', 0, 0, 90.0, 'Engaged', None, None, None, None, None)
2026-08-10 21:18:36,560 INFO sqlalchemy.engine.Engine COMMIT
INFO:     127.0.0.1:59137 - "POST /ai/analyze-frame HTTP/1.1" 200 OK
2026-08-10 21:18:38,532 INFO sqlalchemy.engine.Engine BEGIN (implicit)
2026-08-10 21:18:38,533 INFO sqlalchemy.engine.Engine SELECT sessions.session_id AS sessions_session_id, sessions.class_id AS sessions_class_id, sessions.teacher_id AS sessions_teacher_id, sessions.start_time AS sessions_start_time, sessions.end_time AS sessions_end_time, sessions.is_active AS sessions_is_active 
FROM sessions 
WHERE sessions.class_id = ? AND sessions.is_active = 1
 LIMIT ? OFFSET ?
2026-08-10 21:18:38,533 INFO sqlalchemy.engine.Engine [cached since 4845s ago] (11, 1, 0)
2026-08-10 21:18:38,534 INFO sqlalchemy.engine.Engine INSERT INTO engagement_records (session_id, student_id, emotion, blink_count, head_pose, gaze, phone_detected, multiple_person, engagement_score, engagement_status, fps, extra_metrics, camera_status, internet_status, device_type) VALUES (?, ?, ?, ?, ?, ?, ?, ?, ?, ?, ?, ?, ?, ?, ?) RETURNING record_id, timestamp
2026-08-10 21:18:38,534 INFO sqlalchemy.engine.Engine [cached since 4845s ago] (16, 5, 'Neutral', 17, 'Looking Forward', 'Center', 0, 0, 100.0, 'Engaged', None, None, None, None, None)
2026-08-10 21:18:38,539 INFO sqlalchemy.engine.Engine COMMIT
INFO:     127.0.0.1:59137 - "POST /ai/analyze-frame HTTP/1.1" 200 OK
2026-08-10 21:18:40,544 INFO sqlalchemy.engine.Engine BEGIN (implicit)
2026-08-10 21:18:40,545 INFO sqlalchemy.engine.Engine SELECT sessions.session_id AS sessions_session_id, sessions.class_id AS sessions_class_id, sessions.teacher_id AS sessions_teacher_id, sessions.start_time AS sessions_start_time, sessions.end_time AS sessions_end_time, sessions.is_active AS sessions_is_active 
FROM sessions 
WHERE sessions.class_id = ? AND sessions.is_active = 1
 LIMIT ? OFFSET ?
2026-08-10 21:18:40,545 INFO sqlalchemy.engine.Engine [cached since 4847s ago] (11, 1, 0)
2026-08-10 21:18:40,546 INFO sqlalchemy.engine.Engine INSERT INTO engagement_records (session_id, student_id, emotion, blink_count, head_pose, gaze, phone_detected, multiple_person, engagement_score, engagement_status, fps, extra_metrics, camera_status, internet_status, device_type) VALUES (?, ?, ?, ?, ?, ?, ?, ?, ?, ?, ?, ?, ?, ?, ?) RETURNING record_id, timestamp
2026-08-10 21:18:40,547 INFO sqlalchemy.engine.Engine [cached since 4847s ago] (16, 5, 'Neutral', 17, 'Looking Left', 'Center', 0, 0, 90.0, 'Engaged', None, None, None, None, None)
2026-08-10 21:18:40,555 INFO sqlalchemy.engine.Engine COMMIT
INFO:     127.0.0.1:59137 - "POST /ai/analyze-frame HTTP/1.1" 200 OK
2026-08-10 21:18:42,542 INFO sqlalchemy.engine.Engine BEGIN (implicit)
2026-08-10 21:18:42,543 INFO sqlalchemy.engine.Engine SELECT sessions.session_id AS sessions_session_id, sessions.class_id AS sessions_class_id, sessions.teacher_id AS sessions_teacher_id, sessions.start_time AS sessions_start_time, sessions.end_time AS sessions_end_time, sessions.is_active AS sessions_is_active 
FROM sessions 
WHERE sessions.class_id = ? AND sessions.is_active = 1
 LIMIT ? OFFSET ?
2026-08-10 21:18:42,543 INFO sqlalchemy.engine.Engine [cached since 4849s ago] (11, 1, 0)
2026-08-10 21:18:42,544 INFO sqlalchemy.engine.Engine INSERT INTO engagement_records (session_id, student_id, emotion, blink_count, head_pose, gaze, phone_detected, multiple_person, engagement_score, engagement_status, fps, extra_metrics, camera_status, internet_status, device_type) VALUES (?, ?, ?, ?, ?, ?, ?, ?, ?, ?, ?, ?, ?, ?, ?) RETURNING record_id, timestamp
2026-08-10 21:18:42,544 INFO sqlalchemy.engine.Engine [cached since 4849s ago] (16, 5, 'Neutral', 17, 'Looking Right', 'Center', 0, 0, 90.0, 'Engaged', None, None, None, None, None)
2026-08-10 21:18:42,552 INFO sqlalchemy.engine.Engine COMMIT
INFO:     127.0.0.1:59137 - "POST /ai/analyze-frame HTTP/1.1" 200 OK
2026-08-10 21:18:44,631 INFO sqlalchemy.engine.Engine BEGIN (implicit)
2026-08-10 21:18:44,631 INFO sqlalchemy.engine.Engine SELECT sessions.session_id AS sessions_session_id, sessions.class_id AS sessions_class_id, sessions.teacher_id AS sessions_teacher_id, sessions.start_time AS sessions_start_time, sessions.end_time AS sessions_end_time, sessions.is_active AS sessions_is_active 
FROM sessions 
WHERE sessions.class_id = ? AND sessions.is_active = 1
 LIMIT ? OFFSET ?
2026-08-10 21:18:44,631 INFO sqlalchemy.engine.Engine [cached since 4851s ago] (11, 1, 0)
2026-08-10 21:18:44,632 INFO sqlalchemy.engine.Engine INSERT INTO engagement_records (session_id, student_id, emotion, blink_count, head_pose, gaze, phone_detected, multiple_person, engagement_score, engagement_status, fps, extra_metrics, camera_status, internet_status, device_type) VALUES (?, ?, ?, ?, ?, ?, ?, ?, ?, ?, ?, ?, ?, ?, ?) RETURNING record_id, timestamp
2026-08-10 21:18:44,633 INFO sqlalchemy.engine.Engine [cached since 4851s ago] (16, 5, 'Neutral', 17, 'Looking Left', 'Center', 0, 0, 90.0, 'Engaged', None, None, None, None, None)
2026-08-10 21:18:44,640 INFO sqlalchemy.engine.Engine COMMIT
INFO:     127.0.0.1:59137 - "POST /ai/analyze-frame HTTP/1.1" 200 OK
2026-08-10 21:18:46,535 INFO sqlalchemy.engine.Engine BEGIN (implicit)
2026-08-10 21:18:46,539 INFO sqlalchemy.engine.Engine SELECT sessions.session_id AS sessions_session_id, sessions.class_id AS sessions_class_id, sessions.teacher_id AS sessions_teacher_id, sessions.start_time AS sessions_start_time, sessions.end_time AS sessions_end_time, sessions.is_active AS sessions_is_active 
FROM sessions 
WHERE sessions.class_id = ? AND sessions.is_active = 1
 LIMIT ? OFFSET ?
2026-08-10 21:18:46,539 INFO sqlalchemy.engine.Engine [cached since 4853s ago] (11, 1, 0)
2026-08-10 21:18:46,541 INFO sqlalchemy.engine.Engine INSERT INTO engagement_records (session_id, student_id, emotion, blink_count, head_pose, gaze, phone_detected, multiple_person, engagement_score, engagement_status, fps, extra_metrics, camera_status, internet_status, device_type) VALUES (?, ?, ?, ?, ?, ?, ?, ?, ?, ?, ?, ?, ?, ?, ?) RETURNING record_id, timestamp
2026-08-10 21:18:46,541 INFO sqlalchemy.engine.Engine [cached since 4853s ago] (16, 5, 'Neutral', 17, 'Looking Right', 'Center', 0, 0, 90.0, 'Engaged', None, None, None, None, None)
2026-08-10 21:18:46,550 INFO sqlalchemy.engine.Engine COMMIT
INFO:     127.0.0.1:59137 - "POST /ai/analyze-frame HTTP/1.1" 200 OK
2026-08-10 21:18:48,526 INFO sqlalchemy.engine.Engine BEGIN (implicit)
2026-08-10 21:18:48,527 INFO sqlalchemy.engine.Engine SELECT sessions.session_id AS sessions_session_id, sessions.class_id AS sessions_class_id, sessions.teacher_id AS sessions_teacher_id, sessions.start_time AS sessions_start_time, sessions.end_time AS sessions_end_time, sessions.is_active AS sessions_is_active 
FROM sessions 
WHERE sessions.class_id = ? AND sessions.is_active = 1
 LIMIT ? OFFSET ?
2026-08-10 21:18:48,527 INFO sqlalchemy.engine.Engine [cached since 4855s ago] (11, 1, 0)
2026-08-10 21:18:48,528 INFO sqlalchemy.engine.Engine INSERT INTO engagement_records (session_id, student_id, emotion, blink_count, head_pose, gaze, phone_detected, multiple_person, engagement_score, engagement_status, fps, extra_metrics, camera_status, internet_status, device_type) VALUES (?, ?, ?, ?, ?, ?, ?, ?, ?, ?, ?, ?, ?, ?, ?) RETURNING record_id, timestamp
2026-08-10 21:18:48,528 INFO sqlalchemy.engine.Engine [cached since 4855s ago] (16, 5, 'Neutral', 17, 'Looking Left', 'Center', 0, 0, 90.0, 'Engaged', None, None, None, None, None)
2026-08-10 21:18:48,536 INFO sqlalchemy.engine.Engine COMMIT
INFO:     127.0.0.1:59137 - "POST /ai/analyze-frame HTTP/1.1" 200 OK
2026-08-10 21:18:50,533 INFO sqlalchemy.engine.Engine BEGIN (implicit)
2026-08-10 21:18:50,533 INFO sqlalchemy.engine.Engine SELECT sessions.session_id AS sessions_session_id, sessions.class_id AS sessions_class_id, sessions.teacher_id AS sessions_teacher_id, sessions.start_time AS sessions_start_time, sessions.end_time AS sessions_end_time, sessions.is_active AS sessions_is_active 
FROM sessions 
WHERE sessions.class_id = ? AND sessions.is_active = 1
 LIMIT ? OFFSET ?
2026-08-10 21:18:50,534 INFO sqlalchemy.engine.Engine [cached since 4857s ago] (11, 1, 0)
2026-08-10 21:18:50,535 INFO sqlalchemy.engine.Engine INSERT INTO engagement_records (session_id, student_id, emotion, blink_count, head_pose, gaze, phone_detected, multiple_person, engagement_score, engagement_status, fps, extra_metrics, camera_status, internet_status, device_type) VALUES (?, ?, ?, ?, ?, ?, ?, ?, ?, ?, ?, ?, ?, ?, ?) RETURNING record_id, timestamp
2026-08-10 21:18:50,535 INFO sqlalchemy.engine.Engine [cached since 4857s ago] (16, 5, 'Neutral', 17, 'Looking Left', 'Center', 0, 0, 90.0, 'Engaged', None, None, None, None, None)
2026-08-10 21:18:50,538 INFO sqlalchemy.engine.Engine COMMIT
INFO:     127.0.0.1:59137 - "POST /ai/analyze-frame HTTP/1.1" 200 OK
2026-08-10 21:18:52,534 INFO sqlalchemy.engine.Engine BEGIN (implicit)
2026-08-10 21:18:52,535 INFO sqlalchemy.engine.Engine SELECT sessions.session_id AS sessions_session_id, sessions.class_id AS sessions_class_id, sessions.teacher_id AS sessions_teacher_id, sessions.start_time AS sessions_start_time, sessions.end_time AS sessions_end_time, sessions.is_active AS sessions_is_active 
FROM sessions 
WHERE sessions.class_id = ? AND sessions.is_active = 1
 LIMIT ? OFFSET ?
2026-08-10 21:18:52,535 INFO sqlalchemy.engine.Engine [cached since 4859s ago] (11, 1, 0)
2026-08-10 21:18:52,536 INFO sqlalchemy.engine.Engine INSERT INTO engagement_records (session_id, student_id, emotion, blink_count, head_pose, gaze, phone_detected, multiple_person, engagement_score, engagement_status, fps, extra_metrics, camera_status, internet_status, device_type) VALUES (?, ?, ?, ?, ?, ?, ?, ?, ?, ?, ?, ?, ?, ?, ?) RETURNING record_id, timestamp
2026-08-10 21:18:52,536 INFO sqlalchemy.engine.Engine [cached since 4859s ago] (16, 5, 'Neutral', 17, 'Looking Forward', 'Center', 0, 0, 100.0, 'Engaged', None, None, None, None, None)
2026-08-10 21:18:52,545 INFO sqlalchemy.engine.Engine COMMIT
INFO:     127.0.0.1:59137 - "POST /ai/analyze-frame HTTP/1.1" 200 OK
2026-08-10 21:18:54,648 INFO sqlalchemy.engine.Engine BEGIN (implicit)
2026-08-10 21:18:54,649 INFO sqlalchemy.engine.Engine SELECT sessions.session_id AS sessions_session_id, sessions.class_id AS sessions_class_id, sessions.teacher_id AS sessions_teacher_id, sessions.start_time AS sessions_start_time, sessions.end_time AS sessions_end_time, sessions.is_active AS sessions_is_active 
FROM sessions 
WHERE sessions.class_id = ? AND sessions.is_active = 1
 LIMIT ? OFFSET ?
2026-08-10 21:18:54,649 INFO sqlalchemy.engine.Engine [cached since 4861s ago] (11, 1, 0)
2026-08-10 21:18:54,650 INFO sqlalchemy.engine.Engine INSERT INTO engagement_records (session_id, student_id, emotion, blink_count, head_pose, gaze, phone_detected, multiple_person, engagement_score, engagement_status, fps, extra_metrics, camera_status, internet_status, device_type) VALUES (?, ?, ?, ?, ?, ?, ?, ?, ?, ?, ?, ?, ?, ?, ?) RETURNING record_id, timestamp
2026-08-10 21:18:54,650 INFO sqlalchemy.engine.Engine [cached since 4861s ago] (16, 5, 'Neutral', 18, 'Looking Left', 'Center', 0, 0, 90.0, 'Engaged', None, None, None, None, None)
2026-08-10 21:18:54,659 INFO sqlalchemy.engine.Engine COMMIT
INFO:     127.0.0.1:59137 - "POST /ai/analyze-frame HTTP/1.1" 200 OK
2026-08-10 21:18:56,528 INFO sqlalchemy.engine.Engine BEGIN (implicit)
2026-08-10 21:18:56,528 INFO sqlalchemy.engine.Engine SELECT sessions.session_id AS sessions_session_id, sessions.class_id AS sessions_class_id, sessions.teacher_id AS sessions_teacher_id, sessions.start_time AS sessions_start_time, sessions.end_time AS sessions_end_time, sessions.is_active AS sessions_is_active 
FROM sessions 
WHERE sessions.class_id = ? AND sessions.is_active = 1
 LIMIT ? OFFSET ?
2026-08-10 21:18:56,528 INFO sqlalchemy.engine.Engine [cached since 4863s ago] (11, 1, 0)
2026-08-10 21:18:56,529 INFO sqlalchemy.engine.Engine INSERT INTO engagement_records (session_id, student_id, emotion, blink_count, head_pose, gaze, phone_detected, multiple_person, engagement_score, engagement_status, fps, extra_metrics, camera_status, internet_status, device_type) VALUES (?, ?, ?, ?, ?, ?, ?, ?, ?, ?, ?, ?, ?, ?, ?) RETURNING record_id, timestamp
2026-08-10 21:18:56,529 INFO sqlalchemy.engine.Engine [cached since 4863s ago] (16, 5, 'Neutral', 18, 'Looking Left', 'Center', 0, 0, 90.0, 'Engaged', None, None, None, None, None)
2026-08-10 21:18:56,537 INFO sqlalchemy.engine.Engine COMMIT
INFO:     127.0.0.1:59137 - "POST /ai/analyze-frame HTTP/1.1" 200 OK
2026-08-10 21:18:58,538 INFO sqlalchemy.engine.Engine BEGIN (implicit)
2026-08-10 21:18:58,538 INFO sqlalchemy.engine.Engine SELECT sessions.session_id AS sessions_session_id, sessions.class_id AS sessions_class_id, sessions.teacher_id AS sessions_teacher_id, sessions.start_time AS sessions_start_time, sessions.end_time AS sessions_end_time, sessions.is_active AS sessions_is_active 
FROM sessions 
WHERE sessions.class_id = ? AND sessions.is_active = 1
 LIMIT ? OFFSET ?
2026-08-10 21:18:58,538 INFO sqlalchemy.engine.Engine [cached since 4865s ago] (11, 1, 0)
2026-08-10 21:18:58,540 INFO sqlalchemy.engine.Engine INSERT INTO engagement_records (session_id, student_id, emotion, blink_count, head_pose, gaze, phone_detected, multiple_person, engagement_score, engagement_status, fps, extra_metrics, camera_status, internet_status, device_type) VALUES (?, ?, ?, ?, ?, ?, ?, ?, ?, ?, ?, ?, ?, ?, ?) RETURNING record_id, timestamp
2026-08-10 21:18:58,540 INFO sqlalchemy.engine.Engine [cached since 4865s ago] (16, 5, 'Neutral', 19, 'Looking Left', 'Center', 0, 0, 90.0, 'Engaged', None, None, None, None, None)
2026-08-10 21:18:58,547 INFO sqlalchemy.engine.Engine COMMIT
INFO:     127.0.0.1:59137 - "POST /ai/analyze-frame HTTP/1.1" 200 OK
E0000 00:00:1786376939.264149    5508 portable_clearcut_uploader.cc:90] 
Failed to send to clearcut: FAILED_PRECONDITION: Not valid for uploading 
until: 2026-08-10T15:52:59.185738584+00:00
=== Source Location Trace: === 
wireless/android/play/playlog/cplusplus/portable_clearcut_uploader.cc:180
2026-08-10 21:19:00,522 INFO sqlalchemy.engine.Engine BEGIN (implicit)
2026-08-10 21:19:00,522 INFO sqlalchemy.engine.Engine SELECT sessions.session_id AS sessions_session_id, sessions.class_id AS sessions_class_id, sessions.teacher_id AS sessions_teacher_id, sessions.start_time AS sessions_start_time, sessions.end_time AS sessions_end_time, sessions.is_active AS sessions_is_active 
FROM sessions 
WHERE sessions.class_id = ? AND sessions.is_active = 1
 LIMIT ? OFFSET ?
2026-08-10 21:19:00,522 INFO sqlalchemy.engine.Engine [cached since 4867s ago] (11, 1, 0)
2026-08-10 21:19:00,524 INFO sqlalchemy.engine.Engine INSERT INTO engagement_records (session_id, student_id, emotion, blink_count, head_pose, gaze, phone_detected, multiple_person, engagement_score, engagement_status, fps, extra_metrics, camera_status, internet_status, device_type) VALUES (?, ?, ?, ?, ?, ?, ?, ?, ?, ?, ?, ?, ?, ?, ?) RETURNING record_id, timestamp
2026-08-10 21:19:00,524 INFO sqlalchemy.engine.Engine [cached since 4867s ago] (16, 5, 'Neutral', 19, 'Looking Left', 'Center', 0, 0, 90.0, 'Engaged', None, None, None, None, None)
2026-08-10 21:19:00,532 INFO sqlalchemy.engine.Engine COMMIT
INFO:     127.0.0.1:59137 - "POST /ai/analyze-frame HTTP/1.1" 200 OK
2026-08-10 21:19:02,536 INFO sqlalchemy.engine.Engine BEGIN (implicit)
2026-08-10 21:19:02,536 INFO sqlalchemy.engine.Engine SELECT sessions.session_id AS sessions_session_id, sessions.class_id AS sessions_class_id, sessions.teacher_id AS sessions_teacher_id, sessions.start_time AS sessions_start_time, sessions.end_time AS sessions_end_time, sessions.is_active AS sessions_is_active 
FROM sessions 
WHERE sessions.class_id = ? AND sessions.is_active = 1
 LIMIT ? OFFSET ?
2026-08-10 21:19:02,536 INFO sqlalchemy.engine.Engine [cached since 4869s ago] (11, 1, 0)
2026-08-10 21:19:02,538 INFO sqlalchemy.engine.Engine INSERT INTO engagement_records (session_id, student_id, emotion, blink_count, head_pose, gaze, phone_detected, multiple_person, engagement_score, engagement_status, fps, extra_metrics, camera_status, internet_status, device_type) VALUES (?, ?, ?, ?, ?, ?, ?, ?, ?, ?, ?, ?, ?, ?, ?) RETURNING record_id, timestamp
2026-08-10 21:19:02,538 INFO sqlalchemy.engine.Engine [cached since 4869s ago] (16, 5, 'Neutral', 19, 'Looking Forward', 'Center', 0, 0, 100.0, 'Engaged', None, None, None, None, None)
2026-08-10 21:19:02,547 INFO sqlalchemy.engine.Engine COMMIT
INFO:     127.0.0.1:59137 - "POST /ai/analyze-frame HTTP/1.1" 200 OK
2026-08-10 21:19:04,680 INFO sqlalchemy.engine.Engine BEGIN (implicit)
2026-08-10 21:19:04,680 INFO sqlalchemy.engine.Engine SELECT sessions.session_id AS sessions_session_id, sessions.class_id AS sessions_class_id, sessions.teacher_id AS sessions_teacher_id, sessions.start_time AS sessions_start_time, sessions.end_time AS sessions_end_time, sessions.is_active AS sessions_is_active 
FROM sessions 
WHERE sessions.class_id = ? AND sessions.is_active = 1
 LIMIT ? OFFSET ?
2026-08-10 21:19:04,681 INFO sqlalchemy.engine.Engine [cached since 4871s ago] (11, 1, 0)
2026-08-10 21:19:04,682 INFO sqlalchemy.engine.Engine INSERT INTO engagement_records (session_id, student_id, emotion, blink_count, head_pose, gaze, phone_detected, multiple_person, engagement_score, engagement_status, fps, extra_metrics, camera_status, internet_status, device_type) VALUES (?, ?, ?, ?, ?, ?, ?, ?, ?, ?, ?, ?, ?, ?, ?) RETURNING record_id, timestamp
2026-08-10 21:19:04,682 INFO sqlalchemy.engine.Engine [cached since 4871s ago] (16, 5, 'Neutral', 19, 'Looking Left', 'Center', 0, 0, 90.0, 'Engaged', None, None, None, None, None)
2026-08-10 21:19:04,690 INFO sqlalchemy.engine.Engine COMMIT
INFO:     127.0.0.1:59137 - "POST /ai/analyze-frame HTTP/1.1" 200 OK
2026-08-10 21:19:06,533 INFO sqlalchemy.engine.Engine BEGIN (implicit)
2026-08-10 21:19:06,534 INFO sqlalchemy.engine.Engine SELECT sessions.session_id AS sessions_session_id, sessions.class_id AS sessions_class_id, sessions.teacher_id AS sessions_teacher_id, sessions.start_time AS sessions_start_time, sessions.end_time AS sessions_end_time, sessions.is_active AS sessions_is_active 
FROM sessions 
WHERE sessions.class_id = ? AND sessions.is_active = 1
 LIMIT ? OFFSET ?
2026-08-10 21:19:06,534 INFO sqlalchemy.engine.Engine [cached since 4873s ago] (11, 1, 0)
2026-08-10 21:19:06,535 INFO sqlalchemy.engine.Engine INSERT INTO engagement_records (session_id, student_id, emotion, blink_count, head_pose, gaze, phone_detected, multiple_person, engagement_score, engagement_status, fps, extra_metrics, camera_status, internet_status, device_type) VALUES (?, ?, ?, ?, ?, ?, ?, ?, ?, ?, ?, ?, ?, ?, ?) RETURNING record_id, timestamp
2026-08-10 21:19:06,535 INFO sqlalchemy.engine.Engine [cached since 4873s ago] (16, 5, 'Neutral', 19, 'Looking Left', 'Center', 0, 0, 90.0, 'Engaged', None, None, None, None, None)
2026-08-10 21:19:06,542 INFO sqlalchemy.engine.Engine COMMIT
INFO:     127.0.0.1:59137 - "POST /ai/analyze-frame HTTP/1.1" 200 OK
2026-08-10 21:19:08,529 INFO sqlalchemy.engine.Engine BEGIN (implicit)
2026-08-10 21:19:08,529 INFO sqlalchemy.engine.Engine SELECT sessions.session_id AS sessions_session_id, sessions.class_id AS sessions_class_id, sessions.teacher_id AS sessions_teacher_id, sessions.start_time AS sessions_start_time, sessions.end_time AS sessions_end_time, sessions.is_active AS sessions_is_active 
FROM sessions 
WHERE sessions.class_id = ? AND sessions.is_active = 1
 LIMIT ? OFFSET ?
2026-08-10 21:19:08,529 INFO sqlalchemy.engine.Engine [cached since 4875s ago] (11, 1, 0)
2026-08-10 21:19:08,530 INFO sqlalchemy.engine.Engine INSERT INTO engagement_records (session_id, student_id, emotion, blink_count, head_pose, gaze, phone_detected, multiple_person, engagement_score, engagement_status, fps, extra_metrics, camera_status, internet_status, device_type) VALUES (?, ?, ?, ?, ?, ?, ?, ?, ?, ?, ?, ?, ?, ?, ?) RETURNING record_id, timestamp
2026-08-10 21:19:08,530 INFO sqlalchemy.engine.Engine [cached since 4875s ago] (16, 5, 'Neutral', 19, 'Looking Left', 'Center', 0, 0, 90.0, 'Engaged', None, None, None, None, None)
2026-08-10 21:19:08,539 INFO sqlalchemy.engine.Engine COMMIT
INFO:     127.0.0.1:59137 - "POST /ai/analyze-frame HTTP/1.1" 200 OK
2026-08-10 21:19:10,542 INFO sqlalchemy.engine.Engine BEGIN (implicit)
2026-08-10 21:19:10,542 INFO sqlalchemy.engine.Engine SELECT sessions.session_id AS sessions_session_id, sessions.class_id AS sessions_class_id, sessions.teacher_id AS sessions_teacher_id, sessions.start_time AS sessions_start_time, sessions.end_time AS sessions_end_time, sessions.is_active AS sessions_is_active 
FROM sessions 
WHERE sessions.class_id = ? AND sessions.is_active = 1
 LIMIT ? OFFSET ?
2026-08-10 21:19:10,542 INFO sqlalchemy.engine.Engine [cached since 4877s ago] (11, 1, 0)
2026-08-10 21:19:10,543 INFO sqlalchemy.engine.Engine INSERT INTO engagement_records (session_id, student_id, emotion, blink_count, head_pose, gaze, phone_detected, multiple_person, engagement_score, engagement_status, fps, extra_metrics, camera_status, internet_status, device_type) VALUES (?, ?, ?, ?, ?, ?, ?, ?, ?, ?, ?, ?, ?, ?, ?) RETURNING record_id, timestamp
2026-08-10 21:19:10,543 INFO sqlalchemy.engine.Engine [cached since 4877s ago] (16, 5, 'Neutral', 20, 'Looking Left', 'Center', 0, 0, 90.0, 'Engaged', None, None, None, None, None)
2026-08-10 21:19:10,551 INFO sqlalchemy.engine.Engine COMMIT
INFO:     127.0.0.1:59137 - "POST /ai/analyze-frame HTTP/1.1" 200 OK
2026-08-10 21:19:12,532 INFO sqlalchemy.engine.Engine BEGIN (implicit)
2026-08-10 21:19:12,532 INFO sqlalchemy.engine.Engine SELECT sessions.session_id AS sessions_session_id, sessions.class_id AS sessions_class_id, sessions.teacher_id AS sessions_teacher_id, sessions.start_time AS sessions_start_time, sessions.end_time AS sessions_end_time, sessions.is_active AS sessions_is_active 
FROM sessions 
WHERE sessions.class_id = ? AND sessions.is_active = 1
 LIMIT ? OFFSET ?
2026-08-10 21:19:12,532 INFO sqlalchemy.engine.Engine [cached since 4879s ago] (11, 1, 0)
2026-08-10 21:19:12,533 INFO sqlalchemy.engine.Engine INSERT INTO engagement_records (session_id, student_id, emotion, blink_count, head_pose, gaze, phone_detected, multiple_person, engagement_score, engagement_status, fps, extra_metrics, camera_status, internet_status, device_type) VALUES (?, ?, ?, ?, ?, ?, ?, ?, ?, ?, ?, ?, ?, ?, ?) RETURNING record_id, timestamp
2026-08-10 21:19:12,533 INFO sqlalchemy.engine.Engine [cached since 4879s ago] (16, 5, 'Neutral', 20, 'Looking Left', 'Center', 0, 0, 90.0, 'Engaged', None, None, None, None, None)
2026-08-10 21:19:12,540 INFO sqlalchemy.engine.Engine COMMIT
INFO:     127.0.0.1:59137 - "POST /ai/analyze-frame HTTP/1.1" 200 OK
2026-08-10 21:19:14,686 INFO sqlalchemy.engine.Engine BEGIN (implicit)
2026-08-10 21:19:14,687 INFO sqlalchemy.engine.Engine SELECT sessions.session_id AS sessions_session_id, sessions.class_id AS sessions_class_id, sessions.teacher_id AS sessions_teacher_id, sessions.start_time AS sessions_start_time, sessions.end_time AS sessions_end_time, sessions.is_active AS sessions_is_active 
FROM sessions 
WHERE sessions.class_id = ? AND sessions.is_active = 1
 LIMIT ? OFFSET ?
2026-08-10 21:19:14,687 INFO sqlalchemy.engine.Engine [cached since 4881s ago] (11, 1, 0)
2026-08-10 21:19:14,688 INFO sqlalchemy.engine.Engine INSERT INTO engagement_records (session_id, student_id, emotion, blink_count, head_pose, gaze, phone_detected, multiple_person, engagement_score, engagement_status, fps, extra_metrics, camera_status, internet_status, device_type) VALUES (?, ?, ?, ?, ?, ?, ?, ?, ?, ?, ?, ?, ?, ?, ?) RETURNING record_id, timestamp
2026-08-10 21:19:14,688 INFO sqlalchemy.engine.Engine [cached since 4881s ago] (16, 5, 'Neutral', 20, 'Looking Left', 'Center', 0, 0, 90.0, 'Engaged', None, None, None, None, None)
2026-08-10 21:19:14,696 INFO sqlalchemy.engine.Engine COMMIT
INFO:     127.0.0.1:59137 - "POST /ai/analyze-frame HTTP/1.1" 200 OK
2026-08-10 21:19:16,546 INFO sqlalchemy.engine.Engine BEGIN (implicit)
2026-08-10 21:19:16,546 INFO sqlalchemy.engine.Engine SELECT sessions.session_id AS sessions_session_id, sessions.class_id AS sessions_class_id, sessions.teacher_id AS sessions_teacher_id, sessions.start_time AS sessions_start_time, sessions.end_time AS sessions_end_time, sessions.is_active AS sessions_is_active 
FROM sessions 
WHERE sessions.class_id = ? AND sessions.is_active = 1
 LIMIT ? OFFSET ?
2026-08-10 21:19:16,546 INFO sqlalchemy.engine.Engine [cached since 4883s ago] (11, 1, 0)
2026-08-10 21:19:16,547 INFO sqlalchemy.engine.Engine INSERT INTO engagement_records (session_id, student_id, emotion, blink_count, head_pose, gaze, phone_detected, multiple_person, engagement_score, engagement_status, fps, extra_metrics, camera_status, internet_status, device_type) VALUES (?, ?, ?, ?, ?, ?, ?, ?, ?, ?, ?, ?, ?, ?, ?) RETURNING record_id, timestamp
2026-08-10 21:19:16,547 INFO sqlalchemy.engine.Engine [cached since 4883s ago] (16, 5, 'Neutral', 20, 'Looking Left', 'Center', 0, 0, 90.0, 'Engaged', None, None, None, None, None)
2026-08-10 21:19:16,555 INFO sqlalchemy.engine.Engine COMMIT
INFO:     127.0.0.1:59137 - "POST /ai/analyze-frame HTTP/1.1" 200 OK
2026-08-10 21:19:18,529 INFO sqlalchemy.engine.Engine BEGIN (implicit)
2026-08-10 21:19:18,530 INFO sqlalchemy.engine.Engine SELECT sessions.session_id AS sessions_session_id, sessions.class_id AS sessions_class_id, sessions.teacher_id AS sessions_teacher_id, sessions.start_time AS sessions_start_time, sessions.end_time AS sessions_end_time, sessions.is_active AS sessions_is_active 
FROM sessions 
WHERE sessions.class_id = ? AND sessions.is_active = 1
 LIMIT ? OFFSET ?
2026-08-10 21:19:18,530 INFO sqlalchemy.engine.Engine [cached since 4885s ago] (11, 1, 0)
2026-08-10 21:19:18,531 INFO sqlalchemy.engine.Engine INSERT INTO engagement_records (session_id, student_id, emotion, blink_count, head_pose, gaze, phone_detected, multiple_person, engagement_score, engagement_status, fps, extra_metrics, camera_status, internet_status, device_type) VALUES (?, ?, ?, ?, ?, ?, ?, ?, ?, ?, ?, ?, ?, ?, ?) RETURNING record_id, timestamp
2026-08-10 21:19:18,531 INFO sqlalchemy.engine.Engine [cached since 4885s ago] (16, 5, 'Neutral', 20, 'Looking Right', 'Center', 0, 0, 90.0, 'Engaged', None, None, None, None, None)
2026-08-10 21:19:18,539 INFO sqlalchemy.engine.Engine COMMIT
INFO:     127.0.0.1:59137 - "POST /ai/analyze-frame HTTP/1.1" 200 OK
2026-08-10 21:19:20,540 INFO sqlalchemy.engine.Engine BEGIN (implicit)
2026-08-10 21:19:20,540 INFO sqlalchemy.engine.Engine SELECT sessions.session_id AS sessions_session_id, sessions.class_id AS sessions_class_id, sessions.teacher_id AS sessions_teacher_id, sessions.start_time AS sessions_start_time, sessions.end_time AS sessions_end_time, sessions.is_active AS sessions_is_active 
FROM sessions 
WHERE sessions.class_id = ? AND sessions.is_active = 1
 LIMIT ? OFFSET ?
2026-08-10 21:19:20,540 INFO sqlalchemy.engine.Engine [cached since 4887s ago] (11, 1, 0)
2026-08-10 21:19:20,541 INFO sqlalchemy.engine.Engine INSERT INTO engagement_records (session_id, student_id, emotion, blink_count, head_pose, gaze, phone_detected, multiple_person, engagement_score, engagement_status, fps, extra_metrics, camera_status, internet_status, device_type) VALUES (?, ?, ?, ?, ?, ?, ?, ?, ?, ?, ?, ?, ?, ?, ?) RETURNING record_id, timestamp
2026-08-10 21:19:20,542 INFO sqlalchemy.engine.Engine [cached since 4887s ago] (16, 5, 'Neutral', 20, 'Looking Right', 'Center', 0, 0, 90.0, 'Engaged', None, None, None, None, None)
2026-08-10 21:19:20,549 INFO sqlalchemy.engine.Engine COMMIT
INFO:     127.0.0.1:59137 - "POST /ai/analyze-frame HTTP/1.1" 200 OK
2026-08-10 21:19:22,527 INFO sqlalchemy.engine.Engine BEGIN (implicit)
2026-08-10 21:19:22,528 INFO sqlalchemy.engine.Engine SELECT sessions.session_id AS sessions_session_id, sessions.class_id AS sessions_class_id, sessions.teacher_id AS sessions_teacher_id, sessions.start_time AS sessions_start_time, sessions.end_time AS sessions_end_time, sessions.is_active AS sessions_is_active 
FROM sessions 
WHERE sessions.class_id = ? AND sessions.is_active = 1
 LIMIT ? OFFSET ?
2026-08-10 21:19:22,528 INFO sqlalchemy.engine.Engine [cached since 4889s ago] (11, 1, 0)
2026-08-10 21:19:22,529 INFO sqlalchemy.engine.Engine INSERT INTO engagement_records (session_id, student_id, emotion, blink_count, head_pose, gaze, phone_detected, multiple_person, engagement_score, engagement_status, fps, extra_metrics, camera_status, internet_status, device_type) VALUES (?, ?, ?, ?, ?, ?, ?, ?, ?, ?, ?, ?, ?, ?, ?) RETURNING record_id, timestamp
2026-08-10 21:19:22,529 INFO sqlalchemy.engine.Engine [cached since 4889s ago] (16, 5, 'Neutral', 20, 'Looking Right', 'Center', 0, 0, 90.0, 'Engaged', None, None, None, None, None)
2026-08-10 21:19:22,538 INFO sqlalchemy.engine.Engine COMMIT
INFO:     127.0.0.1:59137 - "POST /ai/analyze-frame HTTP/1.1" 200 OK
2026-08-10 21:19:24,668 INFO sqlalchemy.engine.Engine BEGIN (implicit)
2026-08-10 21:19:24,668 INFO sqlalchemy.engine.Engine SELECT sessions.session_id AS sessions_session_id, sessions.class_id AS sessions_class_id, sessions.teacher_id AS sessions_teacher_id, sessions.start_time AS sessions_start_time, sessions.end_time AS sessions_end_time, sessions.is_active AS sessions_is_active 
FROM sessions 
WHERE sessions.class_id = ? AND sessions.is_active = 1
 LIMIT ? OFFSET ?
2026-08-10 21:19:24,669 INFO sqlalchemy.engine.Engine [cached since 4891s ago] (11, 1, 0)
2026-08-10 21:19:24,670 INFO sqlalchemy.engine.Engine INSERT INTO engagement_records (session_id, student_id, emotion, blink_count, head_pose, gaze, phone_detected, multiple_person, engagement_score, engagement_status, fps, extra_metrics, camera_status, internet_status, device_type) VALUES (?, ?, ?, ?, ?, ?, ?, ?, ?, ?, ?, ?, ?, ?, ?) RETURNING record_id, timestamp
2026-08-10 21:19:24,670 INFO sqlalchemy.engine.Engine [cached since 4891s ago] (17, 5, 'Neutral', 20, 'Looking Right', 'Center', 0, 0, 90.0, 'Engaged', None, None, None, None, None)
2026-08-10 21:19:24,678 INFO sqlalchemy.engine.Engine COMMIT
INFO:     127.0.0.1:59137 - "POST /ai/analyze-frame HTTP/1.1" 200 OK
2026-08-10 21:19:26,543 INFO sqlalchemy.engine.Engine BEGIN (implicit)
2026-08-10 21:19:26,543 INFO sqlalchemy.engine.Engine SELECT sessions.session_id AS sessions_session_id, sessions.class_id AS sessions_class_id, sessions.teacher_id AS sessions_teacher_id, sessions.start_time AS sessions_start_time, sessions.end_time AS sessions_end_time, sessions.is_active AS sessions_is_active 
FROM sessions 
WHERE sessions.class_id = ? AND sessions.is_active = 1
 LIMIT ? OFFSET ?
2026-08-10 21:19:26,543 INFO sqlalchemy.engine.Engine [cached since 4893s ago] (11, 1, 0)
2026-08-10 21:19:26,544 INFO sqlalchemy.engine.Engine INSERT INTO engagement_records (session_id, student_id, emotion, blink_count, head_pose, gaze, phone_detected, multiple_person, engagement_score, engagement_status, fps, extra_metrics, camera_status, internet_status, device_type) VALUES (?, ?, ?, ?, ?, ?, ?, ?, ?, ?, ?, ?, ?, ?, ?) RETURNING record_id, timestamp
2026-08-10 21:19:26,544 INFO sqlalchemy.engine.Engine [cached since 4893s ago] (17, 5, 'Neutral', 20, 'Looking Right', 'Center', 0, 0, 90.0, 'Engaged', None, None, None, None, None)
2026-08-10 21:19:26,545 INFO sqlalchemy.engine.Engine COMMIT
INFO:     127.0.0.1:59137 - "POST /ai/analyze-frame HTTP/1.1" 200 OK
2026-08-10 21:19:28,531 INFO sqlalchemy.engine.Engine BEGIN (implicit)
2026-08-10 21:19:28,532 INFO sqlalchemy.engine.Engine SELECT sessions.session_id AS sessions_session_id, sessions.class_id AS sessions_class_id, sessions.teacher_id AS sessions_teacher_id, sessions.start_time AS sessions_start_time, sessions.end_time AS sessions_end_time, sessions.is_active AS sessions_is_active 
FROM sessions 
WHERE sessions.class_id = ? AND sessions.is_active = 1
 LIMIT ? OFFSET ?
2026-08-10 21:19:28,532 INFO sqlalchemy.engine.Engine [cached since 4895s ago] (11, 1, 0)
2026-08-10 21:19:28,533 INFO sqlalchemy.engine.Engine INSERT INTO engagement_records (session_id, student_id, emotion, blink_count, head_pose, gaze, phone_detected, multiple_person, engagement_score, engagement_status, fps, extra_metrics, camera_status, internet_status, device_type) VALUES (?, ?, ?, ?, ?, ?, ?, ?, ?, ?, ?, ?, ?, ?, ?) RETURNING record_id, timestamp
2026-08-10 21:19:28,533 INFO sqlalchemy.engine.Engine [cached since 4895s ago] (17, 5, 'Neutral', 20, 'Looking Right', 'Center', 0, 0, 90.0, 'Engaged', None, None, None, None, None)
2026-08-10 21:19:28,541 INFO sqlalchemy.engine.Engine COMMIT
INFO:     127.0.0.1:59137 - "POST /ai/analyze-frame HTTP/1.1" 200 OK
2026-08-10 21:19:30,538 INFO sqlalchemy.engine.Engine BEGIN (implicit)
2026-08-10 21:19:30,538 INFO sqlalchemy.engine.Engine SELECT sessions.session_id AS sessions_session_id, sessions.class_id AS sessions_class_id, sessions.teacher_id AS sessions_teacher_id, sessions.start_time AS sessions_start_time, sessions.end_time AS sessions_end_time, sessions.is_active AS sessions_is_active 
FROM sessions 
WHERE sessions.class_id = ? AND sessions.is_active = 1
 LIMIT ? OFFSET ?
2026-08-10 21:19:30,538 INFO sqlalchemy.engine.Engine [cached since 4897s ago] (11, 1, 0)
2026-08-10 21:19:30,539 INFO sqlalchemy.engine.Engine INSERT INTO engagement_records (session_id, student_id, emotion, blink_count, head_pose, gaze, phone_detected, multiple_person, engagement_score, engagement_status, fps, extra_metrics, camera_status, internet_status, device_type) VALUES (?, ?, ?, ?, ?, ?, ?, ?, ?, ?, ?, ?, ?, ?, ?) RETURNING record_id, timestamp
2026-08-10 21:19:30,540 INFO sqlalchemy.engine.Engine [cached since 4897s ago] (17, 5, 'Neutral', 20, 'Looking Right', 'Center', 0, 0, 90.0, 'Engaged', None, None, None, None, None)
2026-08-10 21:19:30,548 INFO sqlalchemy.engine.Engine COMMIT
INFO:     127.0.0.1:59137 - "POST /ai/analyze-frame HTTP/1.1" 200 OK
2026-08-10 21:19:32,534 INFO sqlalchemy.engine.Engine BEGIN (implicit)
2026-08-10 21:19:32,534 INFO sqlalchemy.engine.Engine SELECT sessions.session_id AS sessions_session_id, sessions.class_id AS sessions_class_id, sessions.teacher_id AS sessions_teacher_id, sessions.start_time AS sessions_start_time, sessions.end_time AS sessions_end_time, sessions.is_active AS sessions_is_active 
FROM sessions 
WHERE sessions.class_id = ? AND sessions.is_active = 1
 LIMIT ? OFFSET ?
2026-08-10 21:19:32,534 INFO sqlalchemy.engine.Engine [cached since 4899s ago] (11, 1, 0)
2026-08-10 21:19:32,536 INFO sqlalchemy.engine.Engine INSERT INTO engagement_records (session_id, student_id, emotion, blink_count, head_pose, gaze, phone_detected, multiple_person, engagement_score, engagement_status, fps, extra_metrics, camera_status, internet_status, device_type) VALUES (?, ?, ?, ?, ?, ?, ?, ?, ?, ?, ?, ?, ?, ?, ?) RETURNING record_id, timestamp
2026-08-10 21:19:32,536 INFO sqlalchemy.engine.Engine [cached since 4899s ago] (17, 5, 'Neutral', 21, 'Looking Right', 'Center', 0, 0, 90.0, 'Engaged', None, None, None, None, None)
2026-08-10 21:19:32,545 INFO sqlalchemy.engine.Engine COMMIT
INFO:     127.0.0.1:59137 - "POST /ai/analyze-frame HTTP/1.1" 200 OK
2026-08-10 21:19:34,623 INFO sqlalchemy.engine.Engine BEGIN (implicit)
2026-08-10 21:19:34,623 INFO sqlalchemy.engine.Engine SELECT sessions.session_id AS sessions_session_id, sessions.class_id AS sessions_class_id, sessions.teacher_id AS sessions_teacher_id, sessions.start_time AS sessions_start_time, sessions.end_time AS sessions_end_time, sessions.is_active AS sessions_is_active 
FROM sessions 
WHERE sessions.class_id = ? AND sessions.is_active = 1
 LIMIT ? OFFSET ?
2026-08-10 21:19:34,623 INFO sqlalchemy.engine.Engine [cached since 4901s ago] (11, 1, 0)
2026-08-10 21:19:34,624 INFO sqlalchemy.engine.Engine INSERT INTO engagement_records (session_id, student_id, emotion, blink_count, head_pose, gaze, phone_detected, multiple_person, engagement_score, engagement_status, fps, extra_metrics, camera_status, internet_status, device_type) VALUES (?, ?, ?, ?, ?, ?, ?, ?, ?, ?, ?, ?, ?, ?, ?) RETURNING record_id, timestamp
2026-08-10 21:19:34,625 INFO sqlalchemy.engine.Engine [cached since 4901s ago] (17, 5, 'Neutral', 21, 'Looking Forward', 'Center', 0, 0, 100.0, 'Engaged', None, None, None, None, None)
2026-08-10 21:19:34,627 INFO sqlalchemy.engine.Engine COMMIT
INFO:     127.0.0.1:59137 - "POST /ai/analyze-frame HTTP/1.1" 200 OK
E0000 00:00:1786376999.265482    5508 portable_clearcut_uploader.cc:90] 
Failed to send to clearcut: FAILED_PRECONDITION: Not valid for uploading 
until: 2026-08-10T15:52:59.185738584+00:00
=== Source Location Trace: === 
wireless/android/play/playlog/cplusplus/portable_clearcut_uploader.cc:180
INFO:     127.0.0.1:14711 - "GET /live-monitor HTTP/1.1" 200 OK
INFO:     127.0.0.1:11927 - "WebSocket /ws/classes/11/signaling" [accepted]
INFO:     connection open
2026-08-10 21:20:39,556 INFO sqlalchemy.engine.Engine BEGIN (implicit)
2026-08-10 21:20:39,556 INFO sqlalchemy.engine.Engine SELECT sessions.session_id AS sessions_session_id, sessions.class_id AS sessions_class_id, sessions.teacher_id AS sessions_teacher_id, sessions.start_time AS sessions_start_time, sessions.end_time AS sessions_end_time, sessions.is_active AS sessions_is_active 
FROM sessions 
WHERE sessions.class_id = ? AND sessions.is_active = 1
 LIMIT ? OFFSET ?
2026-08-10 21:20:39,556 INFO sqlalchemy.engine.Engine [cached since 4966s ago] (11, 1, 0)
2026-08-10 21:20:39,557 INFO sqlalchemy.engine.Engine INSERT INTO engagement_records (session_id, student_id, emotion, blink_count, head_pose, gaze, phone_detected, multiple_person, engagement_score, engagement_status, fps, extra_metrics, camera_status, internet_status, device_type) VALUES (?, ?, ?, ?, ?, ?, ?, ?, ?, ?, ?, ?, ?, ?, ?) RETURNING record_id, timestamp
2026-08-10 21:20:39,557 INFO sqlalchemy.engine.Engine [cached since 4966s ago] (17, 6, 'Neutral', 22, 'Looking Forward', 'Center', 0, 0, 100.0, 'Engaged', None, None, None, None, None)
2026-08-10 21:20:39,561 INFO sqlalchemy.engine.Engine COMMIT
INFO:     127.0.0.1:38868 - "POST /ai/analyze-frame HTTP/1.1" 200 OK
2026-08-10 21:20:41,529 INFO sqlalchemy.engine.Engine BEGIN (implicit)
2026-08-10 21:20:41,530 INFO sqlalchemy.engine.Engine SELECT sessions.session_id AS sessions_session_id, sessions.class_id AS sessions_class_id, sessions.teacher_id AS sessions_teacher_id, sessions.start_time AS sessions_start_time, sessions.end_time AS sessions_end_time, sessions.is_active AS sessions_is_active 
FROM sessions 
WHERE sessions.class_id = ? AND sessions.is_active = 1
 LIMIT ? OFFSET ?
2026-08-10 21:20:41,530 INFO sqlalchemy.engine.Engine [cached since 4968s ago] (11, 1, 0)
2026-08-10 21:20:41,531 INFO sqlalchemy.engine.Engine INSERT INTO engagement_records (session_id, student_id, emotion, blink_count, head_pose, gaze, phone_detected, multiple_person, engagement_score, engagement_status, fps, extra_metrics, camera_status, internet_status, device_type) VALUES (?, ?, ?, ?, ?, ?, ?, ?, ?, ?, ?, ?, ?, ?, ?) RETURNING record_id, timestamp
2026-08-10 21:20:41,531 INFO sqlalchemy.engine.Engine [cached since 4968s ago] (17, 6, 'Neutral', 22, 'Looking Forward', 'Center', 0, 0, 100.0, 'Engaged', None, None, None, None, None)
2026-08-10 21:20:41,532 INFO sqlalchemy.engine.Engine COMMIT
INFO:     127.0.0.1:38868 - "POST /ai/analyze-frame HTTP/1.1" 200 OK
2026-08-10 21:20:43,546 INFO sqlalchemy.engine.Engine BEGIN (implicit)
2026-08-10 21:20:43,546 INFO sqlalchemy.engine.Engine SELECT sessions.session_id AS sessions_session_id, sessions.class_id AS sessions_class_id, sessions.teacher_id AS sessions_teacher_id, sessions.start_time AS sessions_start_time, sessions.end_time AS sessions_end_time, sessions.is_active AS sessions_is_active 
FROM sessions 
WHERE sessions.class_id = ? AND sessions.is_active = 1
 LIMIT ? OFFSET ?
2026-08-10 21:20:43,546 INFO sqlalchemy.engine.Engine [cached since 4970s ago] (11, 1, 0)
2026-08-10 21:20:43,547 INFO sqlalchemy.engine.Engine INSERT INTO engagement_records (session_id, student_id, emotion, blink_count, head_pose, gaze, phone_detected, multiple_person, engagement_score, engagement_status, fps, extra_metrics, camera_status, internet_status, device_type) VALUES (?, ?, ?, ?, ?, ?, ?, ?, ?, ?, ?, ?, ?, ?, ?) RETURNING record_id, timestamp
2026-08-10 21:20:43,547 INFO sqlalchemy.engine.Engine [cached since 4970s ago] (17, 6, 'Neutral', 22, 'Looking Forward', 'Center', 0, 0, 100.0, 'Engaged', None, None, None, None, None)
2026-08-10 21:20:43,549 INFO sqlalchemy.engine.Engine COMMIT
INFO:     127.0.0.1:38868 - "POST /ai/analyze-frame HTTP/1.1" 200 OK
2026-08-10 21:20:45,536 INFO sqlalchemy.engine.Engine BEGIN (implicit)
2026-08-10 21:20:45,537 INFO sqlalchemy.engine.Engine SELECT sessions.session_id AS sessions_session_id, sessions.class_id AS sessions_class_id, sessions.teacher_id AS sessions_teacher_id, sessions.start_time AS sessions_start_time, sessions.end_time AS sessions_end_time, sessions.is_active AS sessions_is_active 
FROM sessions 
WHERE sessions.class_id = ? AND sessions.is_active = 1
 LIMIT ? OFFSET ?
2026-08-10 21:20:45,537 INFO sqlalchemy.engine.Engine [cached since 4972s ago] (11, 1, 0)
2026-08-10 21:20:45,538 INFO sqlalchemy.engine.Engine INSERT INTO engagement_records (session_id, student_id, emotion, blink_count, head_pose, gaze, phone_detected, multiple_person, engagement_score, engagement_status, fps, extra_metrics, camera_status, internet_status, device_type) VALUES (?, ?, ?, ?, ?, ?, ?, ?, ?, ?, ?, ?, ?, ?, ?) RETURNING record_id, timestamp
2026-08-10 21:20:45,538 INFO sqlalchemy.engine.Engine [cached since 4972s ago] (17, 6, 'Neutral', 22, 'Looking Forward', 'Center', 0, 0, 100.0, 'Engaged', None, None, None, None, None)
2026-08-10 21:20:45,546 INFO sqlalchemy.engine.Engine COMMIT
INFO:     127.0.0.1:38868 - "POST /ai/analyze-frame HTTP/1.1" 200 OK
2026-08-10 21:20:47,674 INFO sqlalchemy.engine.Engine BEGIN (implicit)
2026-08-10 21:20:47,674 INFO sqlalchemy.engine.Engine SELECT sessions.session_id AS sessions_session_id, sessions.class_id AS sessions_class_id, sessions.teacher_id AS sessions_teacher_id, sessions.start_time AS sessions_start_time, sessions.end_time AS sessions_end_time, sessions.is_active AS sessions_is_active 
FROM sessions 
WHERE sessions.class_id = ? AND sessions.is_active = 1
 LIMIT ? OFFSET ?
2026-08-10 21:20:47,675 INFO sqlalchemy.engine.Engine [cached since 4974s ago] (11, 1, 0)
2026-08-10 21:20:47,676 INFO sqlalchemy.engine.Engine INSERT INTO engagement_records (session_id, student_id, emotion, blink_count, head_pose, gaze, phone_detected, multiple_person, engagement_score, engagement_status, fps, extra_metrics, camera_status, internet_status, device_type) VALUES (?, ?, ?, ?, ?, ?, ?, ?, ?, ?, ?, ?, ?, ?, ?) RETURNING record_id, timestamp
2026-08-10 21:20:47,676 INFO sqlalchemy.engine.Engine [cached since 4974s ago] (17, 6, 'Neutral', 22, 'Looking Right', 'Center', 0, 0, 90.0, 'Engaged', None, None, None, None, None)
2026-08-10 21:20:47,679 INFO sqlalchemy.engine.Engine COMMIT
INFO:     127.0.0.1:38868 - "POST /ai/analyze-frame HTTP/1.1" 200 OK
2026-08-10 21:20:49,514 INFO sqlalchemy.engine.Engine BEGIN (implicit)
2026-08-10 21:20:49,514 INFO sqlalchemy.engine.Engine SELECT sessions.session_id AS sessions_session_id, sessions.class_id AS sessions_class_id, sessions.teacher_id AS sessions_teacher_id, sessions.start_time AS sessions_start_time, sessions.end_time AS sessions_end_time, sessions.is_active AS sessions_is_active 
FROM sessions 
WHERE sessions.class_id = ? AND sessions.is_active = 1
 LIMIT ? OFFSET ?
2026-08-10 21:20:49,514 INFO sqlalchemy.engine.Engine [cached since 4976s ago] (11, 1, 0)
2026-08-10 21:20:49,515 INFO sqlalchemy.engine.Engine INSERT INTO engagement_records (session_id, student_id, emotion, blink_count, head_pose, gaze, phone_detected, multiple_person, engagement_score, engagement_status, fps, extra_metrics, camera_status, internet_status, device_type) VALUES (?, ?, ?, ?, ?, ?, ?, ?, ?, ?, ?, ?, ?, ?, ?) RETURNING record_id, timestamp
2026-08-10 21:20:49,516 INFO sqlalchemy.engine.Engine [cached since 4976s ago] (17, 6, 'Neutral', 22, 'Looking Forward', 'Center', 0, 0, 100.0, 'Engaged', None, None, None, None, None)
2026-08-10 21:20:49,517 INFO sqlalchemy.engine.Engine COMMIT
INFO:     127.0.0.1:38868 - "POST /ai/analyze-frame HTTP/1.1" 200 OK
2026-08-10 21:20:51,530 INFO sqlalchemy.engine.Engine BEGIN (implicit)
2026-08-10 21:20:51,531 INFO sqlalchemy.engine.Engine SELECT sessions.session_id AS sessions_session_id, sessions.class_id AS sessions_class_id, sessions.teacher_id AS sessions_teacher_id, sessions.start_time AS sessions_start_time, sessions.end_time AS sessions_end_time, sessions.is_active AS sessions_is_active 
FROM sessions 
WHERE sessions.class_id = ? AND sessions.is_active = 1
 LIMIT ? OFFSET ?
2026-08-10 21:20:51,531 INFO sqlalchemy.engine.Engine [cached since 4978s ago] (11, 1, 0)
2026-08-10 21:20:51,532 INFO sqlalchemy.engine.Engine INSERT INTO engagement_records (session_id, student_id, emotion, blink_count, head_pose, gaze, phone_detected, multiple_person, engagement_score, engagement_status, fps, extra_metrics, camera_status, internet_status, device_type) VALUES (?, ?, ?, ?, ?, ?, ?, ?, ?, ?, ?, ?, ?, ?, ?) RETURNING record_id, timestamp
2026-08-10 21:20:51,532 INFO sqlalchemy.engine.Engine [cached since 4978s ago] (17, 6, 'Neutral', 22, 'Looking Left', 'Center', 0, 0, 90.0, 'Engaged', None, None, None, None, None)
2026-08-10 21:20:51,539 INFO sqlalchemy.engine.Engine COMMIT
INFO:     127.0.0.1:38868 - "POST /ai/analyze-frame HTTP/1.1" 200 OK
2026-08-10 21:20:53,537 INFO sqlalchemy.engine.Engine BEGIN (implicit)
2026-08-10 21:20:53,537 INFO sqlalchemy.engine.Engine SELECT sessions.session_id AS sessions_session_id, sessions.class_id AS sessions_class_id, sessions.teacher_id AS sessions_teacher_id, sessions.start_time AS sessions_start_time, sessions.end_time AS sessions_end_time, sessions.is_active AS sessions_is_active 
FROM sessions 
WHERE sessions.class_id = ? AND sessions.is_active = 1
 LIMIT ? OFFSET ?
2026-08-10 21:20:53,537 INFO sqlalchemy.engine.Engine [cached since 4980s ago] (11, 1, 0)
2026-08-10 21:20:53,539 INFO sqlalchemy.engine.Engine INSERT INTO engagement_records (session_id, student_id, emotion, blink_count, head_pose, gaze, phone_detected, multiple_person, engagement_score, engagement_status, fps, extra_metrics, camera_status, internet_status, device_type) VALUES (?, ?, ?, ?, ?, ?, ?, ?, ?, ?, ?, ?, ?, ?, ?) RETURNING record_id, timestamp
2026-08-10 21:20:53,539 INFO sqlalchemy.engine.Engine [cached since 4980s ago] (17, 6, 'Neutral', 22, 'Looking Left', 'Center', 0, 0, 90.0, 'Engaged', None, None, None, None, None)
2026-08-10 21:20:53,548 INFO sqlalchemy.engine.Engine COMMIT
INFO:     127.0.0.1:38868 - "POST /ai/analyze-frame HTTP/1.1" 200 OK
2026-08-10 21:20:55,525 INFO sqlalchemy.engine.Engine BEGIN (implicit)
2026-08-10 21:20:55,525 INFO sqlalchemy.engine.Engine SELECT sessions.session_id AS sessions_session_id, sessions.class_id AS sessions_class_id, sessions.teacher_id AS sessions_teacher_id, sessions.start_time AS sessions_start_time, sessions.end_time AS sessions_end_time, sessions.is_active AS sessions_is_active 
FROM sessions 
WHERE sessions.class_id = ? AND sessions.is_active = 1
 LIMIT ? OFFSET ?
2026-08-10 21:20:55,525 INFO sqlalchemy.engine.Engine [cached since 4982s ago] (11, 1, 0)
2026-08-10 21:20:55,526 INFO sqlalchemy.engine.Engine INSERT INTO engagement_records (session_id, student_id, emotion, blink_count, head_pose, gaze, phone_detected, multiple_person, engagement_score, engagement_status, fps, extra_metrics, camera_status, internet_status, device_type) VALUES (?, ?, ?, ?, ?, ?, ?, ?, ?, ?, ?, ?, ?, ?, ?) RETURNING record_id, timestamp
2026-08-10 21:20:55,527 INFO sqlalchemy.engine.Engine [cached since 4982s ago] (17, 6, 'Neutral', 22, 'Looking Left', 'Center', 0, 0, 90.0, 'Engaged', None, None, None, None, None)
2026-08-10 21:20:55,528 INFO sqlalchemy.engine.Engine COMMIT
INFO:     127.0.0.1:38868 - "POST /ai/analyze-frame HTTP/1.1" 200 OK
2026-08-10 21:20:57,662 INFO sqlalchemy.engine.Engine BEGIN (implicit)
2026-08-10 21:20:57,662 INFO sqlalchemy.engine.Engine SELECT sessions.session_id AS sessions_session_id, sessions.class_id AS sessions_class_id, sessions.teacher_id AS sessions_teacher_id, sessions.start_time AS sessions_start_time, sessions.end_time AS sessions_end_time, sessions.is_active AS sessions_is_active 
FROM sessions 
WHERE sessions.class_id = ? AND sessions.is_active = 1
 LIMIT ? OFFSET ?
2026-08-10 21:20:57,662 INFO sqlalchemy.engine.Engine [cached since 4984s ago] (11, 1, 0)
2026-08-10 21:20:57,664 INFO sqlalchemy.engine.Engine INSERT INTO engagement_records (session_id, student_id, emotion, blink_count, head_pose, gaze, phone_detected, multiple_person, engagement_score, engagement_status, fps, extra_metrics, camera_status, internet_status, device_type) VALUES (?, ?, ?, ?, ?, ?, ?, ?, ?, ?, ?, ?, ?, ?, ?) RETURNING record_id, timestamp
2026-08-10 21:20:57,664 INFO sqlalchemy.engine.Engine [cached since 4984s ago] (17, 6, 'Neutral', 22, 'Looking Forward', 'Center', 0, 0, 100.0, 'Engaged', None, None, None, None, None)
2026-08-10 21:20:57,666 INFO sqlalchemy.engine.Engine COMMIT
INFO:     127.0.0.1:38868 - "POST /ai/analyze-frame HTTP/1.1" 200 OK
E0000 00:00:1786377059.272608    5508 portable_clearcut_uploader.cc:90] 
Failed to send to clearcut: FAILED_PRECONDITION: Not valid for uploading 
until: 2026-08-10T15:52:59.185738584+00:00
=== Source Location Trace: === 
wireless/android/play/playlog/cplusplus/portable_clearcut_uploader.cc:180
2026-08-10 21:20:59,557 INFO sqlalchemy.engine.Engine BEGIN (implicit)
2026-08-10 21:20:59,558 INFO sqlalchemy.engine.Engine SELECT sessions.session_id AS sessions_session_id, sessions.class_id AS sessions_class_id, sessions.teacher_id AS sessions_teacher_id, sessions.start_time AS sessions_start_time, sessions.end_time AS sessions_end_time, sessions.is_active AS sessions_is_active 
FROM sessions 
WHERE sessions.class_id = ? AND sessions.is_active = 1
 LIMIT ? OFFSET ?
2026-08-10 21:20:59,558 INFO sqlalchemy.engine.Engine [cached since 4986s ago] (11, 1, 0)
2026-08-10 21:20:59,560 INFO sqlalchemy.engine.Engine INSERT INTO engagement_records (session_id, student_id, emotion, blink_count, head_pose, gaze, phone_detected, multiple_person, engagement_score, engagement_status, fps, extra_metrics, camera_status, internet_status, device_type) VALUES (?, ?, ?, ?, ?, ?, ?, ?, ?, ?, ?, ?, ?, ?, ?) RETURNING record_id, timestamp
2026-08-10 21:20:59,560 INFO sqlalchemy.engine.Engine [cached since 4986s ago] (17, 6, 'Neutral', 22, 'Looking Left', 'Center', 0, 0, 90.0, 'Engaged', None, None, None, None, None)
2026-08-10 21:20:59,562 INFO sqlalchemy.engine.Engine COMMIT
INFO:     127.0.0.1:38868 - "POST /ai/analyze-frame HTTP/1.1" 200 OK
INFO:     127.0.0.1:38868 - "GET /live-monitor HTTP/1.1" 200 OK
INFO:     127.0.0.1:32381 - "WebSocket /ws/classes/11/signaling" [accepted]
INFO:     connection open
2026-08-10 21:21:01,538 INFO sqlalchemy.engine.Engine BEGIN (implicit)
2026-08-10 21:21:01,538 INFO sqlalchemy.engine.Engine SELECT sessions.session_id AS sessions_session_id, sessions.class_id AS sessions_class_id, sessions.teacher_id AS sessions_teacher_id, sessions.start_time AS sessions_start_time, sessions.end_time AS sessions_end_time, sessions.is_active AS sessions_is_active 
FROM sessions 
WHERE sessions.class_id = ? AND sessions.is_active = 1
 LIMIT ? OFFSET ?
2026-08-10 21:21:01,539 INFO sqlalchemy.engine.Engine [cached since 4988s ago] (11, 1, 0)
2026-08-10 21:21:01,539 INFO sqlalchemy.engine.Engine INSERT INTO engagement_records (session_id, student_id, emotion, blink_count, head_pose, gaze, phone_detected, multiple_person, engagement_score, engagement_status, fps, extra_metrics, camera_status, internet_status, device_type) VALUES (?, ?, ?, ?, ?, ?, ?, ?, ?, ?, ?, ?, ?, ?, ?) RETURNING record_id, timestamp
2026-08-10 21:21:01,539 INFO sqlalchemy.engine.Engine [cached since 4988s ago] (17, 6, 'Neutral', 22, 'Looking Forward', 'Center', 0, 0, 100.0, 'Engaged', None, None, None, None, None)
2026-08-10 21:21:01,547 INFO sqlalchemy.engine.Engine COMMIT
INFO:     127.0.0.1:38868 - "POST /ai/analyze-frame HTTP/1.1" 200 OK
2026-08-10 21:21:03,535 INFO sqlalchemy.engine.Engine BEGIN (implicit)
2026-08-10 21:21:03,535 INFO sqlalchemy.engine.Engine SELECT sessions.session_id AS sessions_session_id, sessions.class_id AS sessions_class_id, sessions.teacher_id AS sessions_teacher_id, sessions.start_time AS sessions_start_time, sessions.end_time AS sessions_end_time, sessions.is_active AS sessions_is_active 
FROM sessions 
WHERE sessions.class_id = ? AND sessions.is_active = 1
 LIMIT ? OFFSET ?
2026-08-10 21:21:03,536 INFO sqlalchemy.engine.Engine [cached since 4990s ago] (11, 1, 0)
2026-08-10 21:21:03,536 INFO sqlalchemy.engine.Engine INSERT INTO engagement_records (session_id, student_id, emotion, blink_count, head_pose, gaze, phone_detected, multiple_person, engagement_score, engagement_status, fps, extra_metrics, camera_status, internet_status, device_type) VALUES (?, ?, ?, ?, ?, ?, ?, ?, ?, ?, ?, ?, ?, ?, ?) RETURNING record_id, timestamp
2026-08-10 21:21:03,537 INFO sqlalchemy.engine.Engine [cached since 4990s ago] (17, 6, 'Neutral', 22, 'Looking Right', 'Center', 0, 0, 90.0, 'Engaged', None, None, None, None, None)
2026-08-10 21:21:03,544 INFO sqlalchemy.engine.Engine COMMIT
INFO:     127.0.0.1:38868 - "POST /ai/analyze-frame HTTP/1.1" 200 OK
2026-08-10 21:21:05,521 INFO sqlalchemy.engine.Engine BEGIN (implicit)
2026-08-10 21:21:05,522 INFO sqlalchemy.engine.Engine SELECT sessions.session_id AS sessions_session_id, sessions.class_id AS sessions_class_id, sessions.teacher_id AS sessions_teacher_id, sessions.start_time AS sessions_start_time, sessions.end_time AS sessions_end_time, sessions.is_active AS sessions_is_active 
FROM sessions 
WHERE sessions.class_id = ? AND sessions.is_active = 1
 LIMIT ? OFFSET ?
2026-08-10 21:21:05,522 INFO sqlalchemy.engine.Engine [cached since 4992s ago] (11, 1, 0)
2026-08-10 21:21:05,523 INFO sqlalchemy.engine.Engine INSERT INTO engagement_records (session_id, student_id, emotion, blink_count, head_pose, gaze, phone_detected, multiple_person, engagement_score, engagement_status, fps, extra_metrics, camera_status, internet_status, device_type) VALUES (?, ?, ?, ?, ?, ?, ?, ?, ?, ?, ?, ?, ?, ?, ?) RETURNING record_id, timestamp
2026-08-10 21:21:05,523 INFO sqlalchemy.engine.Engine [cached since 4992s ago] (17, 6, 'Neutral', 22, 'Looking Forward', 'Center', 0, 0, 100.0, 'Engaged', None, None, None, None, None)
2026-08-10 21:21:05,530 INFO sqlalchemy.engine.Engine COMMIT
INFO:     127.0.0.1:38868 - "POST /ai/analyze-frame HTTP/1.1" 200 OK
2026-08-10 21:21:07,674 INFO sqlalchemy.engine.Engine BEGIN (implicit)
2026-08-10 21:21:07,674 INFO sqlalchemy.engine.Engine SELECT sessions.session_id AS sessions_session_id, sessions.class_id AS sessions_class_id, sessions.teacher_id AS sessions_teacher_id, sessions.start_time AS sessions_start_time, sessions.end_time AS sessions_end_time, sessions.is_active AS sessions_is_active 
FROM sessions 
WHERE sessions.class_id = ? AND sessions.is_active = 1
 LIMIT ? OFFSET ?
2026-08-10 21:21:07,674 INFO sqlalchemy.engine.Engine [cached since 4994s ago] (11, 1, 0)
2026-08-10 21:21:07,676 INFO sqlalchemy.engine.Engine INSERT INTO engagement_records (session_id, student_id, emotion, blink_count, head_pose, gaze, phone_detected, multiple_person, engagement_score, engagement_status, fps, extra_metrics, camera_status, internet_status, device_type) VALUES (?, ?, ?, ?, ?, ?, ?, ?, ?, ?, ?, ?, ?, ?, ?) RETURNING record_id, timestamp
2026-08-10 21:21:07,676 INFO sqlalchemy.engine.Engine [cached since 4994s ago] (17, 6, 'Neutral', 22, 'Looking Right', 'Center', 0, 0, 90.0, 'Engaged', None, None, None, None, None)
2026-08-10 21:21:07,684 INFO sqlalchemy.engine.Engine COMMIT
INFO:     127.0.0.1:38868 - "POST /ai/analyze-frame HTTP/1.1" 200 OK
2026-08-10 21:21:09,529 INFO sqlalchemy.engine.Engine BEGIN (implicit)
2026-08-10 21:21:09,529 INFO sqlalchemy.engine.Engine SELECT sessions.session_id AS sessions_session_id, sessions.class_id AS sessions_class_id, sessions.teacher_id AS sessions_teacher_id, sessions.start_time AS sessions_start_time, sessions.end_time AS sessions_end_time, sessions.is_active AS sessions_is_active 
FROM sessions 
WHERE sessions.class_id = ? AND sessions.is_active = 1
 LIMIT ? OFFSET ?
2026-08-10 21:21:09,530 INFO sqlalchemy.engine.Engine [cached since 4996s ago] (11, 1, 0)
2026-08-10 21:21:09,530 INFO sqlalchemy.engine.Engine INSERT INTO engagement_records (session_id, student_id, emotion, blink_count, head_pose, gaze, phone_detected, multiple_person, engagement_score, engagement_status, fps, extra_metrics, camera_status, internet_status, device_type) VALUES (?, ?, ?, ?, ?, ?, ?, ?, ?, ?, ?, ?, ?, ?, ?) RETURNING record_id, timestamp
2026-08-10 21:21:09,530 INFO sqlalchemy.engine.Engine [cached since 4996s ago] (17, 6, 'Neutral', 23, 'Looking Left', 'Center', 0, 0, 90.0, 'Engaged', None, None, None, None, None)
2026-08-10 21:21:09,532 INFO sqlalchemy.engine.Engine COMMIT
INFO:     127.0.0.1:38868 - "POST /ai/analyze-frame HTTP/1.1" 200 OK
2026-08-10 21:21:11,543 INFO sqlalchemy.engine.Engine BEGIN (implicit)
2026-08-10 21:21:11,544 INFO sqlalchemy.engine.Engine SELECT sessions.session_id AS sessions_session_id, sessions.class_id AS sessions_class_id, sessions.teacher_id AS sessions_teacher_id, sessions.start_time AS sessions_start_time, sessions.end_time AS sessions_end_time, sessions.is_active AS sessions_is_active 
FROM sessions 
WHERE sessions.class_id = ? AND sessions.is_active = 1
 LIMIT ? OFFSET ?
2026-08-10 21:21:11,545 INFO sqlalchemy.engine.Engine [cached since 4998s ago] (11, 1, 0)
2026-08-10 21:21:11,547 INFO sqlalchemy.engine.Engine INSERT INTO engagement_records (session_id, student_id, emotion, blink_count, head_pose, gaze, phone_detected, multiple_person, engagement_score, engagement_status, fps, extra_metrics, camera_status, internet_status, device_type) VALUES (?, ?, ?, ?, ?, ?, ?, ?, ?, ?, ?, ?, ?, ?, ?) RETURNING record_id, timestamp
2026-08-10 21:21:11,547 INFO sqlalchemy.engine.Engine [cached since 4998s ago] (17, 6, 'Neutral', 23, 'Looking Right', 'Center', 0, 0, 90.0, 'Engaged', None, None, None, None, None)
2026-08-10 21:21:11,556 INFO sqlalchemy.engine.Engine COMMIT
INFO:     127.0.0.1:38868 - "POST /ai/analyze-frame HTTP/1.1" 200 OK
2026-08-10 21:21:13,532 INFO sqlalchemy.engine.Engine BEGIN (implicit)
2026-08-10 21:21:13,533 INFO sqlalchemy.engine.Engine SELECT sessions.session_id AS sessions_session_id, sessions.class_id AS sessions_class_id, sessions.teacher_id AS sessions_teacher_id, sessions.start_time AS sessions_start_time, sessions.end_time AS sessions_end_time, sessions.is_active AS sessions_is_active 
FROM sessions 
WHERE sessions.class_id = ? AND sessions.is_active = 1
 LIMIT ? OFFSET ?
2026-08-10 21:21:13,533 INFO sqlalchemy.engine.Engine [cached since 5000s ago] (11, 1, 0)
2026-08-10 21:21:13,533 INFO sqlalchemy.engine.Engine INSERT INTO engagement_records (session_id, student_id, emotion, blink_count, head_pose, gaze, phone_detected, multiple_person, engagement_score, engagement_status, fps, extra_metrics, camera_status, internet_status, device_type) VALUES (?, ?, ?, ?, ?, ?, ?, ?, ?, ?, ?, ?, ?, ?, ?) RETURNING record_id, timestamp
2026-08-10 21:21:13,533 INFO sqlalchemy.engine.Engine [cached since 5000s ago] (17, 6, 'Neutral', 23, 'Looking Right', 'Center', 0, 0, 90.0, 'Engaged', None, None, None, None, None)
2026-08-10 21:21:13,541 INFO sqlalchemy.engine.Engine COMMIT
INFO:     127.0.0.1:38868 - "POST /ai/analyze-frame HTTP/1.1" 200 OK
2026-08-10 21:21:15,538 INFO sqlalchemy.engine.Engine BEGIN (implicit)
2026-08-10 21:21:15,539 INFO sqlalchemy.engine.Engine SELECT sessions.session_id AS sessions_session_id, sessions.class_id AS sessions_class_id, sessions.teacher_id AS sessions_teacher_id, sessions.start_time AS sessions_start_time, sessions.end_time AS sessions_end_time, sessions.is_active AS sessions_is_active 
FROM sessions 
WHERE sessions.class_id = ? AND sessions.is_active = 1
 LIMIT ? OFFSET ?
2026-08-10 21:21:15,539 INFO sqlalchemy.engine.Engine [cached since 5002s ago] (11, 1, 0)
2026-08-10 21:21:15,540 INFO sqlalchemy.engine.Engine INSERT INTO engagement_records (session_id, student_id, emotion, blink_count, head_pose, gaze, phone_detected, multiple_person, engagement_score, engagement_status, fps, extra_metrics, camera_status, internet_status, device_type) VALUES (?, ?, ?, ?, ?, ?, ?, ?, ?, ?, ?, ?, ?, ?, ?) RETURNING record_id, timestamp
2026-08-10 21:21:15,540 INFO sqlalchemy.engine.Engine [cached since 5002s ago] (17, 6, 'Neutral', 24, 'Looking Right', 'Center', 0, 0, 90.0, 'Engaged', None, None, None, None, None)
2026-08-10 21:21:15,548 INFO sqlalchemy.engine.Engine COMMIT
INFO:     127.0.0.1:38868 - "POST /ai/analyze-frame HTTP/1.1" 200 OK
2026-08-10 21:21:17,638 INFO sqlalchemy.engine.Engine BEGIN (implicit)
2026-08-10 21:21:17,639 INFO sqlalchemy.engine.Engine SELECT sessions.session_id AS sessions_session_id, sessions.class_id AS sessions_class_id, sessions.teacher_id AS sessions_teacher_id, sessions.start_time AS sessions_start_time, sessions.end_time AS sessions_end_time, sessions.is_active AS sessions_is_active 
FROM sessions 
WHERE sessions.class_id = ? AND sessions.is_active = 1
 LIMIT ? OFFSET ?
2026-08-10 21:21:17,639 INFO sqlalchemy.engine.Engine [cached since 5004s ago] (11, 1, 0)
2026-08-10 21:21:17,640 INFO sqlalchemy.engine.Engine INSERT INTO engagement_records (session_id, student_id, emotion, blink_count, head_pose, gaze, phone_detected, multiple_person, engagement_score, engagement_status, fps, extra_metrics, camera_status, internet_status, device_type) VALUES (?, ?, ?, ?, ?, ?, ?, ?, ?, ?, ?, ?, ?, ?, ?) RETURNING record_id, timestamp
2026-08-10 21:21:17,640 INFO sqlalchemy.engine.Engine [cached since 5004s ago] (17, 6, 'Neutral', 24, 'Looking Forward', 'Center', 0, 0, 100.0, 'Engaged', None, None, None, None, None)
2026-08-10 21:21:17,649 INFO sqlalchemy.engine.Engine COMMIT
INFO:     127.0.0.1:38868 - "POST /ai/analyze-frame HTTP/1.1" 200 OK
2026-08-10 21:21:19,529 INFO sqlalchemy.engine.Engine BEGIN (implicit)
2026-08-10 21:21:19,529 INFO sqlalchemy.engine.Engine SELECT sessions.session_id AS sessions_session_id, sessions.class_id AS sessions_class_id, sessions.teacher_id AS sessions_teacher_id, sessions.start_time AS sessions_start_time, sessions.end_time AS sessions_end_time, sessions.is_active AS sessions_is_active 
FROM sessions 
WHERE sessions.class_id = ? AND sessions.is_active = 1
 LIMIT ? OFFSET ?
2026-08-10 21:21:19,529 INFO sqlalchemy.engine.Engine [cached since 5006s ago] (11, 1, 0)
2026-08-10 21:21:19,530 INFO sqlalchemy.engine.Engine INSERT INTO engagement_records (session_id, student_id, emotion, blink_count, head_pose, gaze, phone_detected, multiple_person, engagement_score, engagement_status, fps, extra_metrics, camera_status, internet_status, device_type) VALUES (?, ?, ?, ?, ?, ?, ?, ?, ?, ?, ?, ?, ?, ?, ?) RETURNING record_id, timestamp
2026-08-10 21:21:19,530 INFO sqlalchemy.engine.Engine [cached since 5006s ago] (17, 6, 'Neutral', 24, 'Looking Forward', 'Center', 0, 0, 100.0, 'Engaged', None, None, None, None, None)
2026-08-10 21:21:19,538 INFO sqlalchemy.engine.Engine COMMIT
INFO:     127.0.0.1:38868 - "POST /ai/analyze-frame HTTP/1.1" 200 OK
2026-08-10 21:21:21,533 INFO sqlalchemy.engine.Engine BEGIN (implicit)
2026-08-10 21:21:21,534 INFO sqlalchemy.engine.Engine SELECT sessions.session_id AS sessions_session_id, sessions.class_id AS sessions_class_id, sessions.teacher_id AS sessions_teacher_id, sessions.start_time AS sessions_start_time, sessions.end_time AS sessions_end_time, sessions.is_active AS sessions_is_active 
FROM sessions 
WHERE sessions.class_id = ? AND sessions.is_active = 1
 LIMIT ? OFFSET ?
2026-08-10 21:21:21,534 INFO sqlalchemy.engine.Engine [cached since 5008s ago] (11, 1, 0)
2026-08-10 21:21:21,535 INFO sqlalchemy.engine.Engine INSERT INTO engagement_records (session_id, student_id, emotion, blink_count, head_pose, gaze, phone_detected, multiple_person, engagement_score, engagement_status, fps, extra_metrics, camera_status, internet_status, device_type) VALUES (?, ?, ?, ?, ?, ?, ?, ?, ?, ?, ?, ?, ?, ?, ?) RETURNING record_id, timestamp
2026-08-10 21:21:21,535 INFO sqlalchemy.engine.Engine [cached since 5008s ago] (17, 6, 'Neutral', 25, 'Looking Right', 'Center', 0, 0, 90.0, 'Engaged', None, None, None, None, None)
2026-08-10 21:21:21,536 INFO sqlalchemy.engine.Engine COMMIT
INFO:     127.0.0.1:38868 - "POST /ai/analyze-frame HTTP/1.1" 200 OK
2026-08-10 21:21:23,538 INFO sqlalchemy.engine.Engine BEGIN (implicit)
2026-08-10 21:21:23,538 INFO sqlalchemy.engine.Engine SELECT sessions.session_id AS sessions_session_id, sessions.class_id AS sessions_class_id, sessions.teacher_id AS sessions_teacher_id, sessions.start_time AS sessions_start_time, sessions.end_time AS sessions_end_time, sessions.is_active AS sessions_is_active 
FROM sessions 
WHERE sessions.class_id = ? AND sessions.is_active = 1
 LIMIT ? OFFSET ?
2026-08-10 21:21:23,538 INFO sqlalchemy.engine.Engine [cached since 5010s ago] (11, 1, 0)
2026-08-10 21:21:23,539 INFO sqlalchemy.engine.Engine INSERT INTO engagement_records (session_id, student_id, emotion, blink_count, head_pose, gaze, phone_detected, multiple_person, engagement_score, engagement_status, fps, extra_metrics, camera_status, internet_status, device_type) VALUES (?, ?, ?, ?, ?, ?, ?, ?, ?, ?, ?, ?, ?, ?, ?) RETURNING record_id, timestamp
2026-08-10 21:21:23,539 INFO sqlalchemy.engine.Engine [cached since 5010s ago] (17, 6, 'Neutral', 25, 'Looking Right', 'Center', 0, 0, 90.0, 'Engaged', None, None, None, None, None)
2026-08-10 21:21:23,541 INFO sqlalchemy.engine.Engine COMMIT
INFO:     127.0.0.1:38868 - "POST /ai/analyze-frame HTTP/1.1" 200 OK
2026-08-10 21:21:25,564 INFO sqlalchemy.engine.Engine BEGIN (implicit)
2026-08-10 21:21:25,565 INFO sqlalchemy.engine.Engine SELECT sessions.session_id AS sessions_session_id, sessions.class_id AS sessions_class_id, sessions.teacher_id AS sessions_teacher_id, sessions.start_time AS sessions_start_time, sessions.end_time AS sessions_end_time, sessions.is_active AS sessions_is_active 
FROM sessions 
WHERE sessions.class_id = ? AND sessions.is_active = 1
 LIMIT ? OFFSET ?
2026-08-10 21:21:25,565 INFO sqlalchemy.engine.Engine [cached since 5012s ago] (11, 1, 0)
2026-08-10 21:21:25,567 INFO sqlalchemy.engine.Engine INSERT INTO engagement_records (session_id, student_id, emotion, blink_count, head_pose, gaze, phone_detected, multiple_person, engagement_score, engagement_status, fps, extra_metrics, camera_status, internet_status, device_type) VALUES (?, ?, ?, ?, ?, ?, ?, ?, ?, ?, ?, ?, ?, ?, ?) RETURNING record_id, timestamp
2026-08-10 21:21:25,567 INFO sqlalchemy.engine.Engine [cached since 5012s ago] (17, 6, 'Neutral', 26, 'Looking Right', 'Center', 0, 0, 90.0, 'Engaged', None, None, None, None, None)
2026-08-10 21:21:25,575 INFO sqlalchemy.engine.Engine COMMIT
E0000 00:00:1786377119.275512    5508 portable_clearcut_uploader.cc:90] 
Failed to send to clearcut: FAILED_PRECONDITION: Not valid for uploading 
until: 2026-08-10T15:52:59.185738584+00:00
=== Source Location Trace: === 
wireless/android/play/playlog/cplusplus/portable_clearcut_uploader.cc:180
